#-----------------------------------------------------------
# Vivado v2015.4 (64-bit)
# SW Build 1412921 on Wed Nov 18 09:43:45 MST 2015
# IP Build 1412160 on Tue Nov 17 13:47:24 MST 2015
# Start of session at: Wed Nov 02 18:44:25 2016
# Process ID: 138080
# Current directory: C:/Users/Wu Lizhou/AppData/Roaming/Xilinx/Vivado
# Command line: vivado.exe -gui_launcher_event rodinguilauncherevent137268
# Log file: C:/Users/Wu Lizhou/AppData/Roaming/Xilinx/Vivado/vivado.log
# Journal file: C:/Users/Wu Lizhou/AppData/Roaming/Xilinx/Vivado\vivado.jou
#-----------------------------------------------------------
start_gui
open_project D:/VivadoProjects/eMMC_Controller_fifo.xpr/eMMC_Controller_4.6.1_tuning.xpr/eMMC_Controller/eMMC_Controller.xpr
INFO: [ProjectBase 1-489] The host OS only allows 260 characters in a normal path. The project is stored in a path with more than 80 characters. If you experience issues with IP, Block Designs, or files not being found, please consider moving the project to a location with a shorter path. Alternately consider using the OS subst command to map part of the path to a drive letter.
Current project path is 'D:/VivadoProjects/eMMC_Controller_fifo.xpr/eMMC_Controller_4.6.1_tuning.xpr/eMMC_Controller'
INFO: [Project 1-313] Project file moved from 'D:/VivadoProjects/eMMC_Controller_4.6.1_tuning.xpr/eMMC_Controller' since last save.
Scanning sources...
Finished scanning sources
INFO: [IP_Flow 19-234] Refreshing IP repositories
INFO: [IP_Flow 19-1704] No user IP repositories specified
INFO: [IP_Flow 19-2313] Loaded Vivado IP repository 'G:/Xilinx/Vivado/2015.4/data/ip'.
open_project: Time (s): cpu = 00:00:18 ; elapsed = 00:00:11 . Memory (MB): peak = 718.480 ; gain = 105.418
update_compile_order -fileset sources_1
update_compile_order -fileset sim_1
open_hw
connect_hw_server
INFO: [Labtools 27-2285] Connecting to hw_server url TCP:localhost:3121
INFO: [Labtools 27-2222] Launching hw_server...
INFO: [Labtools 27-2221] Launch Output:

****** Xilinx hw_server v2015.4
  **** Build date : Nov 17 2015-18:01:07
    ** Copyright 1986-1999, 2001-2015 Xilinx, Inc. All Rights Reserved.


open_hw_target
INFO: [Labtoolstcl 44-466] Opening hw_target localhost:3121/xilinx_tcf/Digilent/210248686087
set_property PROGRAM.FILE {D:/VivadoProjects/eMMC_Controller_fifo.xpr/eMMC_Controller_4.6.1_tuning.xpr/eMMC_Controller/eMMC_Controller.runs/impl_4/Test_eMMC_Controller.bit} [lindex [get_hw_devices] 1]
set_property PROBES.FILE {D:/VivadoProjects/eMMC_Controller_fifo.xpr/eMMC_Controller_4.6.1_tuning.xpr/eMMC_Controller/eMMC_Controller.runs/impl_4/debug_nets.ltx} [lindex [get_hw_devices] 1]
current_hw_device [lindex [get_hw_devices] 1]
refresh_hw_device [lindex [get_hw_devices] 1]
INFO: [Labtools 27-1435] Device xc7z020 (JTAG device index = 1) is not programmed (DONE status = 0).
set_property PROBES.FILE {D:/VivadoProjects/eMMC_Controller_fifo.xpr/eMMC_Controller_4.6.1_tuning.xpr/eMMC_Controller/eMMC_Controller.runs/impl_4/debug_nets.ltx} [lindex [get_hw_devices] 1]
set_property PROGRAM.FILE {D:/VivadoProjects/eMMC_Controller_fifo.xpr/eMMC_Controller_4.6.1_tuning.xpr/eMMC_Controller/eMMC_Controller.runs/impl_4/Test_eMMC_Controller.bit} [lindex [get_hw_devices] 1]
program_hw_devices [lindex [get_hw_devices] 1]
INFO: [Labtools 27-3164] End of startup status: HIGH
refresh_hw_device [lindex [get_hw_devices] 1]
INFO: [Labtools 27-2302] Device xc7z020 (JTAG device index = 1) is programmed with a design that has 1 ILA core(s).
display_hw_ila_data [ get_hw_ila_data hw_ila_data_1 -of_objects [get_hw_ilas -of_objects [get_hw_devices xc7z020_1] -filter {CELL_NAME=~"u_ila_0"}]]
run_hw_ila [get_hw_ilas -of_objects [get_hw_devices xc7z020_1] -filter {CELL_NAME=~"u_ila_0"}] -trigger_now
INFO: [Labtools 27-1964] The ILA core 'hw_ila_1' trigger was armed at 2016-Nov-02 18:45:46
wait_on_hw_ila [get_hw_ilas -of_objects [get_hw_devices xc7z020_1] -filter {CELL_NAME=~"u_ila_0"}]
display_hw_ila_data [upload_hw_ila_data [get_hw_ilas -of_objects [get_hw_devices xc7z020_1] -filter {CELL_NAME=~"u_ila_0"}]]
INFO: [Labtools 27-1966] The ILA core 'hw_ila_1' triggered at 2016-Nov-02 18:45:46
run_hw_ila [get_hw_ilas -of_objects [get_hw_devices xc7z020_1] -filter {CELL_NAME=~"u_ila_0"}] -trigger_now
INFO: [Labtools 27-1964] The ILA core 'hw_ila_1' trigger was armed at 2016-Nov-02 18:46:13
wait_on_hw_ila [get_hw_ilas -of_objects [get_hw_devices xc7z020_1] -filter {CELL_NAME=~"u_ila_0"}]
display_hw_ila_data [upload_hw_ila_data [get_hw_ilas -of_objects [get_hw_devices xc7z020_1] -filter {CELL_NAME=~"u_ila_0"}]]
INFO: [Labtools 27-1966] The ILA core 'hw_ila_1' triggered at 2016-Nov-02 18:46:13
set_property TRIGGER_COMPARE_VALUE eq5'h0B [get_hw_probes eMMC_controller_inst0/Steps_Curr_State -of_objects [get_hw_ilas -of_objects [get_hw_devices xc7z020_1] -filter {CELL_NAME=~"u_ila_0"}]]
run_hw_ila [get_hw_ilas -of_objects [get_hw_devices xc7z020_1] -filter {CELL_NAME=~"u_ila_0"}]
INFO: [Labtools 27-1964] The ILA core 'hw_ila_1' trigger was armed at 2016-Nov-02 18:46:25
wait_on_hw_ila [get_hw_ilas -of_objects [get_hw_devices xc7z020_1] -filter {CELL_NAME=~"u_ila_0"}]
display_hw_ila_data [upload_hw_ila_data [get_hw_ilas -of_objects [get_hw_devices xc7z020_1] -filter {CELL_NAME=~"u_ila_0"}]]
INFO: [Labtools 27-1966] The ILA core 'hw_ila_1' triggered at 2016-Nov-02 18:46:27
run_hw_ila [get_hw_ilas -of_objects [get_hw_devices xc7z020_1] -filter {CELL_NAME=~"u_ila_0"}] -trigger_now
INFO: [Labtools 27-1964] The ILA core 'hw_ila_1' trigger was armed at 2016-Nov-02 18:46:30
wait_on_hw_ila [get_hw_ilas -of_objects [get_hw_devices xc7z020_1] -filter {CELL_NAME=~"u_ila_0"}]
display_hw_ila_data [upload_hw_ila_data [get_hw_ilas -of_objects [get_hw_devices xc7z020_1] -filter {CELL_NAME=~"u_ila_0"}]]
INFO: [Labtools 27-1966] The ILA core 'hw_ila_1' triggered at 2016-Nov-02 18:46:30
save_wave_config {D:/VivadoProjects/eMMC_Controller_fifo.xpr/eMMC_Controller_4.6.1_tuning.xpr/eMMC_Controller/eMMC_Controller.hw/hw_1/wave/hw_ila_data_1/hw_ila_data_1.wcfg}
close_hw
can't read "Fifo_Implementation_Warng_1": no such variable
can't read "PARAM_VALUE.ECC_PIPELINE_REG": no such variable
can't read "PARAM_VALUE.ECC_PIPELINE_REG": no such variable
can't read "Fifo_Implementation_Warng_1": no such variable
can't read "Fifo_Implementation_Warng_1": no such variable
reset_run synth_4
launch_runs synth_4 -jobs 2
INFO: [HDL 9-2216] Analyzing Verilog file "D:/VivadoProjects/eMMC_Controller_fifo.xpr/eMMC_Controller_4.6.1_tuning.xpr/eMMC_Controller/eMMC_Controller.srcs/sources_1/imports/sources/CRC16.v" into library work [D:/VivadoProjects/eMMC_Controller_fifo.xpr/eMMC_Controller_4.6.1_tuning.xpr/eMMC_Controller/eMMC_Controller.srcs/sources_1/imports/sources/CRC16.v:1]
INFO: [HDL 9-2216] Analyzing Verilog file "D:/VivadoProjects/eMMC_Controller_fifo.xpr/eMMC_Controller_4.6.1_tuning.xpr/eMMC_Controller/eMMC_Controller.srcs/sources_1/imports/sources/CRC16_Check.v" into library work [D:/VivadoProjects/eMMC_Controller_fifo.xpr/eMMC_Controller_4.6.1_tuning.xpr/eMMC_Controller/eMMC_Controller.srcs/sources_1/imports/sources/CRC16_Check.v:1]
INFO: [HDL 9-2216] Analyzing Verilog file "D:/VivadoProjects/eMMC_Controller_fifo.xpr/eMMC_Controller_4.6.1_tuning.xpr/eMMC_Controller/eMMC_Controller.srcs/sources_1/imports/sources/CRC7.v" into library work [D:/VivadoProjects/eMMC_Controller_fifo.xpr/eMMC_Controller_4.6.1_tuning.xpr/eMMC_Controller/eMMC_Controller.srcs/sources_1/imports/sources/CRC7.v:1]
INFO: [HDL 9-2216] Analyzing Verilog file "D:/VivadoProjects/eMMC_Controller_fifo.xpr/eMMC_Controller_4.6.1_tuning.xpr/eMMC_Controller/eMMC_Controller.srcs/sources_1/imports/sources/CRC7_400K.v" into library work [D:/VivadoProjects/eMMC_Controller_fifo.xpr/eMMC_Controller_4.6.1_tuning.xpr/eMMC_Controller/eMMC_Controller.srcs/sources_1/imports/sources/CRC7_400K.v:1]
INFO: [HDL 9-2216] Analyzing Verilog file "D:/VivadoProjects/eMMC_Controller_fifo.xpr/eMMC_Controller_4.6.1_tuning.xpr/eMMC_Controller/eMMC_Controller.srcs/sources_1/imports/sources/CRC7_Check.v" into library work [D:/VivadoProjects/eMMC_Controller_fifo.xpr/eMMC_Controller_4.6.1_tuning.xpr/eMMC_Controller/eMMC_Controller.srcs/sources_1/imports/sources/CRC7_Check.v:1]
INFO: [HDL 9-2216] Analyzing Verilog file "D:/VivadoProjects/eMMC_Controller_fifo.xpr/eMMC_Controller_4.6.1_tuning.xpr/eMMC_Controller/eMMC_Controller.srcs/sources_1/imports/sources/Test_eMMC_Controller.v" into library work [D:/VivadoProjects/eMMC_Controller_fifo.xpr/eMMC_Controller_4.6.1_tuning.xpr/eMMC_Controller/eMMC_Controller.srcs/sources_1/imports/sources/Test_eMMC_Controller.v:1]
INFO: [HDL 9-2216] Analyzing Verilog file "D:/VivadoProjects/eMMC_Controller_fifo.xpr/eMMC_Controller_4.6.1_tuning.xpr/eMMC_Controller/eMMC_Controller.srcs/sources_1/imports/sources/eMMC_controller.v" into library work [D:/VivadoProjects/eMMC_Controller_fifo.xpr/eMMC_Controller_4.6.1_tuning.xpr/eMMC_Controller/eMMC_Controller.srcs/sources_1/imports/sources/eMMC_controller.v:1]
INFO: [HDL 9-1065] Parsing verilog file "D:/VivadoProjects/eMMC_Controller_fifo.xpr/eMMC_Controller_4.6.1_tuning.xpr/eMMC_Controller/eMMC_Controller.srcs/sources_1/imports/sources/Define.vh" included at line 23. [D:/VivadoProjects/eMMC_Controller_fifo.xpr/eMMC_Controller_4.6.1_tuning.xpr/eMMC_Controller/eMMC_Controller.srcs/sources_1/imports/sources/eMMC_controller.v:23]
INFO: [HDL 9-1065] Parsing verilog file "D:/VivadoProjects/eMMC_Controller_fifo.xpr/eMMC_Controller_4.6.1_tuning.xpr/eMMC_Controller/eMMC_Controller.srcs/sources_1/imports/sources/log2.vh" included at line 62. [D:/VivadoProjects/eMMC_Controller_fifo.xpr/eMMC_Controller_4.6.1_tuning.xpr/eMMC_Controller/eMMC_Controller.srcs/sources_1/imports/sources/eMMC_controller.v:62]
INFO: [HDL 9-1065] Parsing verilog file "D:/VivadoProjects/eMMC_Controller_fifo.xpr/eMMC_Controller_4.6.1_tuning.xpr/eMMC_Controller/eMMC_Controller.srcs/sources_1/imports/sources/Parameter.vh" included at line 63. [D:/VivadoProjects/eMMC_Controller_fifo.xpr/eMMC_Controller_4.6.1_tuning.xpr/eMMC_Controller/eMMC_Controller.srcs/sources_1/imports/sources/eMMC_controller.v:63]
CRITICAL WARNING: [HDL 9-806] Syntax error near "'". [D:/VivadoProjects/eMMC_Controller_fifo.xpr/eMMC_Controller_4.6.1_tuning.xpr/eMMC_Controller/eMMC_Controller.srcs/sources_1/imports/sources/eMMC_controller.v:1603]
[Wed Nov 02 19:01:48 2016] Launched synth_4...
Run output will be captured here: D:/VivadoProjects/eMMC_Controller_fifo.xpr/eMMC_Controller_4.6.1_tuning.xpr/eMMC_Controller/eMMC_Controller.runs/synth_4/runme.log
reset_run synth_4
launch_runs synth_4 -jobs 2
INFO: [HDL 9-2216] Analyzing Verilog file "D:/VivadoProjects/eMMC_Controller_fifo.xpr/eMMC_Controller_4.6.1_tuning.xpr/eMMC_Controller/eMMC_Controller.srcs/sources_1/imports/sources/CRC16.v" into library work [D:/VivadoProjects/eMMC_Controller_fifo.xpr/eMMC_Controller_4.6.1_tuning.xpr/eMMC_Controller/eMMC_Controller.srcs/sources_1/imports/sources/CRC16.v:1]
INFO: [HDL 9-2216] Analyzing Verilog file "D:/VivadoProjects/eMMC_Controller_fifo.xpr/eMMC_Controller_4.6.1_tuning.xpr/eMMC_Controller/eMMC_Controller.srcs/sources_1/imports/sources/CRC16_Check.v" into library work [D:/VivadoProjects/eMMC_Controller_fifo.xpr/eMMC_Controller_4.6.1_tuning.xpr/eMMC_Controller/eMMC_Controller.srcs/sources_1/imports/sources/CRC16_Check.v:1]
INFO: [HDL 9-2216] Analyzing Verilog file "D:/VivadoProjects/eMMC_Controller_fifo.xpr/eMMC_Controller_4.6.1_tuning.xpr/eMMC_Controller/eMMC_Controller.srcs/sources_1/imports/sources/CRC7.v" into library work [D:/VivadoProjects/eMMC_Controller_fifo.xpr/eMMC_Controller_4.6.1_tuning.xpr/eMMC_Controller/eMMC_Controller.srcs/sources_1/imports/sources/CRC7.v:1]
INFO: [HDL 9-2216] Analyzing Verilog file "D:/VivadoProjects/eMMC_Controller_fifo.xpr/eMMC_Controller_4.6.1_tuning.xpr/eMMC_Controller/eMMC_Controller.srcs/sources_1/imports/sources/CRC7_400K.v" into library work [D:/VivadoProjects/eMMC_Controller_fifo.xpr/eMMC_Controller_4.6.1_tuning.xpr/eMMC_Controller/eMMC_Controller.srcs/sources_1/imports/sources/CRC7_400K.v:1]
INFO: [HDL 9-2216] Analyzing Verilog file "D:/VivadoProjects/eMMC_Controller_fifo.xpr/eMMC_Controller_4.6.1_tuning.xpr/eMMC_Controller/eMMC_Controller.srcs/sources_1/imports/sources/CRC7_Check.v" into library work [D:/VivadoProjects/eMMC_Controller_fifo.xpr/eMMC_Controller_4.6.1_tuning.xpr/eMMC_Controller/eMMC_Controller.srcs/sources_1/imports/sources/CRC7_Check.v:1]
INFO: [HDL 9-2216] Analyzing Verilog file "D:/VivadoProjects/eMMC_Controller_fifo.xpr/eMMC_Controller_4.6.1_tuning.xpr/eMMC_Controller/eMMC_Controller.srcs/sources_1/imports/sources/Test_eMMC_Controller.v" into library work [D:/VivadoProjects/eMMC_Controller_fifo.xpr/eMMC_Controller_4.6.1_tuning.xpr/eMMC_Controller/eMMC_Controller.srcs/sources_1/imports/sources/Test_eMMC_Controller.v:1]
INFO: [HDL 9-2216] Analyzing Verilog file "D:/VivadoProjects/eMMC_Controller_fifo.xpr/eMMC_Controller_4.6.1_tuning.xpr/eMMC_Controller/eMMC_Controller.srcs/sources_1/imports/sources/eMMC_controller.v" into library work [D:/VivadoProjects/eMMC_Controller_fifo.xpr/eMMC_Controller_4.6.1_tuning.xpr/eMMC_Controller/eMMC_Controller.srcs/sources_1/imports/sources/eMMC_controller.v:1]
INFO: [HDL 9-1065] Parsing verilog file "D:/VivadoProjects/eMMC_Controller_fifo.xpr/eMMC_Controller_4.6.1_tuning.xpr/eMMC_Controller/eMMC_Controller.srcs/sources_1/imports/sources/Define.vh" included at line 23. [D:/VivadoProjects/eMMC_Controller_fifo.xpr/eMMC_Controller_4.6.1_tuning.xpr/eMMC_Controller/eMMC_Controller.srcs/sources_1/imports/sources/eMMC_controller.v:23]
INFO: [HDL 9-1065] Parsing verilog file "D:/VivadoProjects/eMMC_Controller_fifo.xpr/eMMC_Controller_4.6.1_tuning.xpr/eMMC_Controller/eMMC_Controller.srcs/sources_1/imports/sources/log2.vh" included at line 62. [D:/VivadoProjects/eMMC_Controller_fifo.xpr/eMMC_Controller_4.6.1_tuning.xpr/eMMC_Controller/eMMC_Controller.srcs/sources_1/imports/sources/eMMC_controller.v:62]
INFO: [HDL 9-1065] Parsing verilog file "D:/VivadoProjects/eMMC_Controller_fifo.xpr/eMMC_Controller_4.6.1_tuning.xpr/eMMC_Controller/eMMC_Controller.srcs/sources_1/imports/sources/Parameter.vh" included at line 63. [D:/VivadoProjects/eMMC_Controller_fifo.xpr/eMMC_Controller_4.6.1_tuning.xpr/eMMC_Controller/eMMC_Controller.srcs/sources_1/imports/sources/eMMC_controller.v:63]
[Wed Nov 02 19:02:29 2016] Launched synth_4...
Run output will be captured here: D:/VivadoProjects/eMMC_Controller_fifo.xpr/eMMC_Controller_4.6.1_tuning.xpr/eMMC_Controller/eMMC_Controller.runs/synth_4/runme.log
open_run synth_4 -name synth_4
Design is defaulting to impl run constrset: constrs_2
Design is defaulting to synth run part: xc7z020clg484-1
INFO: [Project 1-454] Reading design checkpoint 'D:/VivadoProjects/eMMC_Controller_fifo.xpr/eMMC_Controller_4.6.1_tuning.xpr/eMMC_Controller/eMMC_Controller.runs/Command_fifo_synth_1/Command_fifo.dcp' for cell 'eMMC_controller_inst0/Command_fifo_inst0'
INFO: [Project 1-454] Reading design checkpoint 'D:/VivadoProjects/eMMC_Controller_fifo.xpr/eMMC_Controller_4.6.1_tuning.xpr/eMMC_Controller/eMMC_Controller.runs/Command_fifo_synth_1/Command_fifo.dcp' for cell 'eMMC_controller_inst0/Finished_Cmd_fifo_inst0'
INFO: [Project 1-454] Reading design checkpoint 'D:/VivadoProjects/eMMC_Controller_fifo.xpr/eMMC_Controller_4.6.1_tuning.xpr/eMMC_Controller/eMMC_Controller.runs/clk_divided_synth_1/clk_divided.dcp' for cell 'gen_clks'
INFO: [Project 1-454] Reading design checkpoint 'D:/VivadoProjects/eMMC_Controller_fifo.xpr/eMMC_Controller_4.6.1_tuning.xpr/eMMC_Controller/eMMC_Controller.runs/Data_fifo_synth_1/Data_fifo.dcp' for cell 'eMMC_controller_inst0/Read_buffer_final'
INFO: [Project 1-454] Reading design checkpoint 'D:/VivadoProjects/eMMC_Controller_fifo.xpr/eMMC_Controller_4.6.1_tuning.xpr/eMMC_Controller/eMMC_Controller.runs/Data_fifo_synth_1/Data_fifo.dcp' for cell 'eMMC_controller_inst0/Wr_data_fifo_inst0'
INFO: [Project 1-454] Reading design checkpoint 'D:/VivadoProjects/eMMC_Controller_fifo.xpr/eMMC_Controller_4.6.1_tuning.xpr/eMMC_Controller/eMMC_Controller.runs/Read_data512B_buffer_synth_1/Read_data512B_buffer.dcp' for cell 'eMMC_controller_inst0/Read_buffer_inst0'
INFO: [Project 1-454] Reading design checkpoint 'D:/VivadoProjects/eMMC_Controller_fifo.xpr/eMMC_Controller_4.6.1_tuning.xpr/eMMC_Controller/eMMC_Controller.runs/blk_mem_gen_0_synth_1/blk_mem_gen_0.dcp' for cell 'eMMC_controller_inst0/write_buffer_inst0'
INFO: [Netlist 29-17] Analyzing 89 Unisim elements for replacement
INFO: [Netlist 29-28] Unisim Transformation completed in 0 CPU seconds
INFO: [Project 1-479] Netlist was created with Vivado 2015.4
INFO: [Device 21-403] Loading part xc7z020clg484-1
INFO: [Project 1-570] Preparing netlist for logic optimization
Parsing XDC File [d:/VivadoProjects/eMMC_Controller_fifo.xpr/eMMC_Controller_4.6.1_tuning.xpr/eMMC_Controller/eMMC_Controller.srcs/sources_1/ip/Command_fifo/Command_fifo/Command_fifo.xdc] for cell 'eMMC_controller_inst0/Command_fifo_inst0/U0'
Finished Parsing XDC File [d:/VivadoProjects/eMMC_Controller_fifo.xpr/eMMC_Controller_4.6.1_tuning.xpr/eMMC_Controller/eMMC_Controller.srcs/sources_1/ip/Command_fifo/Command_fifo/Command_fifo.xdc] for cell 'eMMC_controller_inst0/Command_fifo_inst0/U0'
Parsing XDC File [d:/VivadoProjects/eMMC_Controller_fifo.xpr/eMMC_Controller_4.6.1_tuning.xpr/eMMC_Controller/eMMC_Controller.srcs/sources_1/ip/Command_fifo/Command_fifo/Command_fifo.xdc] for cell 'eMMC_controller_inst0/Finished_Cmd_fifo_inst0/U0'
Finished Parsing XDC File [d:/VivadoProjects/eMMC_Controller_fifo.xpr/eMMC_Controller_4.6.1_tuning.xpr/eMMC_Controller/eMMC_Controller.srcs/sources_1/ip/Command_fifo/Command_fifo/Command_fifo.xdc] for cell 'eMMC_controller_inst0/Finished_Cmd_fifo_inst0/U0'
Parsing XDC File [d:/VivadoProjects/eMMC_Controller_fifo.xpr/eMMC_Controller_4.6.1_tuning.xpr/eMMC_Controller/eMMC_Controller.srcs/sources_1/ip/clk_divided/clk_divided_board.xdc] for cell 'gen_clks/inst'
Finished Parsing XDC File [d:/VivadoProjects/eMMC_Controller_fifo.xpr/eMMC_Controller_4.6.1_tuning.xpr/eMMC_Controller/eMMC_Controller.srcs/sources_1/ip/clk_divided/clk_divided_board.xdc] for cell 'gen_clks/inst'
Parsing XDC File [d:/VivadoProjects/eMMC_Controller_fifo.xpr/eMMC_Controller_4.6.1_tuning.xpr/eMMC_Controller/eMMC_Controller.srcs/sources_1/ip/clk_divided/clk_divided.xdc] for cell 'gen_clks/inst'
INFO: [Timing 38-35] Done setting XDC timing constraints. [d:/VivadoProjects/eMMC_Controller_fifo.xpr/eMMC_Controller_4.6.1_tuning.xpr/eMMC_Controller/eMMC_Controller.srcs/sources_1/ip/clk_divided/clk_divided.xdc:56]
INFO: [Timing 38-2] Deriving generated clocks [d:/VivadoProjects/eMMC_Controller_fifo.xpr/eMMC_Controller_4.6.1_tuning.xpr/eMMC_Controller/eMMC_Controller.srcs/sources_1/ip/clk_divided/clk_divided.xdc:56]
get_clocks: Time (s): cpu = 00:00:15 ; elapsed = 00:00:15 . Memory (MB): peak = 1717.164 ; gain = 476.668
Finished Parsing XDC File [d:/VivadoProjects/eMMC_Controller_fifo.xpr/eMMC_Controller_4.6.1_tuning.xpr/eMMC_Controller/eMMC_Controller.srcs/sources_1/ip/clk_divided/clk_divided.xdc] for cell 'gen_clks/inst'
Parsing XDC File [d:/VivadoProjects/eMMC_Controller_fifo.xpr/eMMC_Controller_4.6.1_tuning.xpr/eMMC_Controller/eMMC_Controller.srcs/sources_1/ip/Data_fifo/Data_fifo/Data_fifo.xdc] for cell 'eMMC_controller_inst0/Read_buffer_final/U0'
Finished Parsing XDC File [d:/VivadoProjects/eMMC_Controller_fifo.xpr/eMMC_Controller_4.6.1_tuning.xpr/eMMC_Controller/eMMC_Controller.srcs/sources_1/ip/Data_fifo/Data_fifo/Data_fifo.xdc] for cell 'eMMC_controller_inst0/Read_buffer_final/U0'
Parsing XDC File [d:/VivadoProjects/eMMC_Controller_fifo.xpr/eMMC_Controller_4.6.1_tuning.xpr/eMMC_Controller/eMMC_Controller.srcs/sources_1/ip/Data_fifo/Data_fifo/Data_fifo.xdc] for cell 'eMMC_controller_inst0/Wr_data_fifo_inst0/U0'
Finished Parsing XDC File [d:/VivadoProjects/eMMC_Controller_fifo.xpr/eMMC_Controller_4.6.1_tuning.xpr/eMMC_Controller/eMMC_Controller.srcs/sources_1/ip/Data_fifo/Data_fifo/Data_fifo.xdc] for cell 'eMMC_controller_inst0/Wr_data_fifo_inst0/U0'
Parsing XDC File [d:/VivadoProjects/eMMC_Controller_fifo.xpr/eMMC_Controller_4.6.1_tuning.xpr/eMMC_Controller/eMMC_Controller.srcs/sources_1/ip/Read_data512B_buffer/Read_data512B_buffer/Read_data512B_buffer.xdc] for cell 'eMMC_controller_inst0/Read_buffer_inst0/U0'
Finished Parsing XDC File [d:/VivadoProjects/eMMC_Controller_fifo.xpr/eMMC_Controller_4.6.1_tuning.xpr/eMMC_Controller/eMMC_Controller.srcs/sources_1/ip/Read_data512B_buffer/Read_data512B_buffer/Read_data512B_buffer.xdc] for cell 'eMMC_controller_inst0/Read_buffer_inst0/U0'
Parsing XDC File [D:/VivadoProjects/eMMC_Controller_fifo.xpr/eMMC_Controller_4.6.1_tuning.xpr/eMMC_Controller/eMMC_Controller.srcs/constrs_2/imports/Constraints/Debug2.xdc]
Finished Parsing XDC File [D:/VivadoProjects/eMMC_Controller_fifo.xpr/eMMC_Controller_4.6.1_tuning.xpr/eMMC_Controller/eMMC_Controller.srcs/constrs_2/imports/Constraints/Debug2.xdc]
Parsing XDC File [D:/VivadoProjects/eMMC_Controller_fifo.xpr/eMMC_Controller_4.6.1_tuning.xpr/eMMC_Controller/eMMC_Controller.srcs/constrs_2/imports/Constraints/PhyConstraint2.xdc]
Finished Parsing XDC File [D:/VivadoProjects/eMMC_Controller_fifo.xpr/eMMC_Controller_4.6.1_tuning.xpr/eMMC_Controller/eMMC_Controller.srcs/constrs_2/imports/Constraints/PhyConstraint2.xdc]
Parsing XDC File [D:/VivadoProjects/eMMC_Controller_fifo.xpr/eMMC_Controller_4.6.1_tuning.xpr/eMMC_Controller/eMMC_Controller.srcs/constrs_2/imports/Constraints/Timing2.xdc]
WARNING: [Vivado 12-508] No pins matched 'eMMC_controller_inst0/ODDR_inst/C'. [D:/VivadoProjects/eMMC_Controller_fifo.xpr/eMMC_Controller_4.6.1_tuning.xpr/eMMC_Controller/eMMC_Controller.srcs/constrs_2/imports/Constraints/Timing2.xdc:11]
CRITICAL WARNING: [Vivado 12-1387] No valid object(s) found for create_generated_clock constraint with option '-source [get_pins eMMC_controller_inst0/ODDR_inst/C]'. [D:/VivadoProjects/eMMC_Controller_fifo.xpr/eMMC_Controller_4.6.1_tuning.xpr/eMMC_Controller/eMMC_Controller.srcs/constrs_2/imports/Constraints/Timing2.xdc:11]
Resolution: Check if the specified object(s) exists in the current design. If it does, ensure that the correct design hierarchy was specified for the object. If you are working with clocks, make sure create_clock was used to create the clock object before it is referenced.
WARNING: [Vivado 12-508] No pins matched 'eMMC_controller_inst0/ODDR_inst/C'. [D:/VivadoProjects/eMMC_Controller_fifo.xpr/eMMC_Controller_4.6.1_tuning.xpr/eMMC_Controller/eMMC_Controller.srcs/constrs_2/imports/Constraints/Timing2.xdc:12]
CRITICAL WARNING: [Vivado 12-1387] No valid object(s) found for create_generated_clock constraint with option '-source [get_pins eMMC_controller_inst0/ODDR_inst/C]'. [D:/VivadoProjects/eMMC_Controller_fifo.xpr/eMMC_Controller_4.6.1_tuning.xpr/eMMC_Controller/eMMC_Controller.srcs/constrs_2/imports/Constraints/Timing2.xdc:12]
Resolution: Check if the specified object(s) exists in the current design. If it does, ensure that the correct design hierarchy was specified for the object. If you are working with clocks, make sure create_clock was used to create the clock object before it is referenced.
WARNING: [Vivado 12-627] No clocks matched 'fwdClk_200M'. [D:/VivadoProjects/eMMC_Controller_fifo.xpr/eMMC_Controller_4.6.1_tuning.xpr/eMMC_Controller/eMMC_Controller.srcs/constrs_2/imports/Constraints/Timing2.xdc:16]
INFO: [Vivado 12-626] No clocks found. Please use 'create_clock' or 'create_generated_clock' command to create clocks. [D:/VivadoProjects/eMMC_Controller_fifo.xpr/eMMC_Controller_4.6.1_tuning.xpr/eMMC_Controller/eMMC_Controller.srcs/constrs_2/imports/Constraints/Timing2.xdc:16]
CRITICAL WARNING: [Vivado 12-1387] No valid object(s) found for set_output_delay constraint with option '-clock [get_clocks fwdClk_200M]'. [D:/VivadoProjects/eMMC_Controller_fifo.xpr/eMMC_Controller_4.6.1_tuning.xpr/eMMC_Controller/eMMC_Controller.srcs/constrs_2/imports/Constraints/Timing2.xdc:16]
Resolution: Check if the specified object(s) exists in the current design. If it does, ensure that the correct design hierarchy was specified for the object. If you are working with clocks, make sure create_clock was used to create the clock object before it is referenced.
Finished Parsing XDC File [D:/VivadoProjects/eMMC_Controller_fifo.xpr/eMMC_Controller_4.6.1_tuning.xpr/eMMC_Controller/eMMC_Controller.srcs/constrs_2/imports/Constraints/Timing2.xdc]
INFO: [Project 1-538] Using original IP XDC constraints instead of the XDC constraints in dcp 'D:/VivadoProjects/eMMC_Controller_fifo.xpr/eMMC_Controller_4.6.1_tuning.xpr/eMMC_Controller/eMMC_Controller.runs/Command_fifo_synth_1/Command_fifo.dcp'
INFO: [Project 1-538] Using original IP XDC constraints instead of the XDC constraints in dcp 'D:/VivadoProjects/eMMC_Controller_fifo.xpr/eMMC_Controller_4.6.1_tuning.xpr/eMMC_Controller/eMMC_Controller.runs/Command_fifo_synth_1/Command_fifo.dcp'
INFO: [Project 1-538] Using original IP XDC constraints instead of the XDC constraints in dcp 'D:/VivadoProjects/eMMC_Controller_fifo.xpr/eMMC_Controller_4.6.1_tuning.xpr/eMMC_Controller/eMMC_Controller.runs/clk_divided_synth_1/clk_divided.dcp'
INFO: [Project 1-538] Using original IP XDC constraints instead of the XDC constraints in dcp 'D:/VivadoProjects/eMMC_Controller_fifo.xpr/eMMC_Controller_4.6.1_tuning.xpr/eMMC_Controller/eMMC_Controller.runs/Data_fifo_synth_1/Data_fifo.dcp'
INFO: [Project 1-538] Using original IP XDC constraints instead of the XDC constraints in dcp 'D:/VivadoProjects/eMMC_Controller_fifo.xpr/eMMC_Controller_4.6.1_tuning.xpr/eMMC_Controller/eMMC_Controller.runs/Data_fifo_synth_1/Data_fifo.dcp'
INFO: [Project 1-538] Using original IP XDC constraints instead of the XDC constraints in dcp 'D:/VivadoProjects/eMMC_Controller_fifo.xpr/eMMC_Controller_4.6.1_tuning.xpr/eMMC_Controller/eMMC_Controller.runs/Read_data512B_buffer_synth_1/Read_data512B_buffer.dcp'
INFO: [Project 1-538] Using original IP XDC constraints instead of the XDC constraints in dcp 'D:/VivadoProjects/eMMC_Controller_fifo.xpr/eMMC_Controller_4.6.1_tuning.xpr/eMMC_Controller/eMMC_Controller.runs/blk_mem_gen_0_synth_1/blk_mem_gen_0.dcp'
INFO: [Opt 31-140] Inserted 1 IBUFs to IO ports without IO buffers.
INFO: [Opt 31-138] Pushed 0 inverter(s) to 0 load pin(s).
INFO: [Project 1-111] Unisim Transformation Summary:
  A total of 9 instances were transformed.
  IOBUF => IOBUF (IBUF, OBUFT): 9 instances

open_run: Time (s): cpu = 00:00:31 ; elapsed = 00:00:26 . Memory (MB): peak = 1724.402 ; gain = 726.180
launch_runs impl_4 -to_step write_bitstream -jobs 2
Writing placer database...
Writing XDEF routing.
Writing XDEF routing logical nets.
Writing XDEF routing special nets.
Write XDEF Complete: Time (s): cpu = 00:00:00 ; elapsed = 00:00:00.072 . Memory (MB): peak = 1724.402 ; gain = 0.000
[Wed Nov 02 19:04:34 2016] Launched impl_4...
Run output will be captured here: D:/VivadoProjects/eMMC_Controller_fifo.xpr/eMMC_Controller_4.6.1_tuning.xpr/eMMC_Controller/eMMC_Controller.runs/impl_4/runme.log
open_hw
connect_hw_server
INFO: [Labtools 27-2285] Connecting to hw_server url TCP:localhost:3121
INFO: [Labtools 27-2222] Launching hw_server...
INFO: [Labtools 27-2221] Launch Output:

****** Xilinx hw_server v2015.4
  **** Build date : Nov 17 2015-18:01:07
    ** Copyright 1986-1999, 2001-2015 Xilinx, Inc. All Rights Reserved.


open_hw_target
INFO: [Labtoolstcl 44-466] Opening hw_target localhost:3121/xilinx_tcf/Digilent/210248686087
set_property PROGRAM.FILE {D:/VivadoProjects/eMMC_Controller_fifo.xpr/eMMC_Controller_4.6.1_tuning.xpr/eMMC_Controller/eMMC_Controller.runs/impl_4/Test_eMMC_Controller.bit} [lindex [get_hw_devices] 1]
set_property PROBES.FILE {D:/VivadoProjects/eMMC_Controller_fifo.xpr/eMMC_Controller_4.6.1_tuning.xpr/eMMC_Controller/eMMC_Controller.runs/impl_4/debug_nets.ltx} [lindex [get_hw_devices] 1]
current_hw_device [lindex [get_hw_devices] 1]
refresh_hw_device [lindex [get_hw_devices] 1]
INFO: [Labtools 27-1435] Device xc7z020 (JTAG device index = 1) is not programmed (DONE status = 0).
set_property PROBES.FILE {D:/VivadoProjects/eMMC_Controller_fifo.xpr/eMMC_Controller_4.6.1_tuning.xpr/eMMC_Controller/eMMC_Controller.runs/impl_4/debug_nets.ltx} [lindex [get_hw_devices] 1]
set_property PROGRAM.FILE {D:/VivadoProjects/eMMC_Controller_fifo.xpr/eMMC_Controller_4.6.1_tuning.xpr/eMMC_Controller/eMMC_Controller.runs/impl_4/Test_eMMC_Controller.bit} [lindex [get_hw_devices] 1]
program_hw_devices [lindex [get_hw_devices] 1]
ERROR: [Labtools 27-3165] End of startup status: LOW
ERROR: [Common 17-39] 'program_hw_devices' failed due to earlier errors.
refresh_hw_device [lindex [get_hw_devices] 1]
INFO: [Labtools 27-1435] Device xc7z020 (JTAG device index = 1) is not programmed (DONE status = 0).
set_property PROBES.FILE {D:/VivadoProjects/eMMC_Controller_fifo.xpr/eMMC_Controller_4.6.1_tuning.xpr/eMMC_Controller/eMMC_Controller.runs/impl_4/debug_nets.ltx} [lindex [get_hw_devices] 1]
set_property PROGRAM.FILE {D:/VivadoProjects/eMMC_Controller_fifo.xpr/eMMC_Controller_4.6.1_tuning.xpr/eMMC_Controller/eMMC_Controller.runs/impl_4/Test_eMMC_Controller.bit} [lindex [get_hw_devices] 1]
program_hw_devices [lindex [get_hw_devices] 1]
INFO: [Labtools 27-3164] End of startup status: HIGH
refresh_hw_device [lindex [get_hw_devices] 1]
INFO: [Labtools 27-2302] Device xc7z020 (JTAG device index = 1) is programmed with a design that has 1 ILA core(s).
display_hw_ila_data [ get_hw_ila_data hw_ila_data_1 -of_objects [get_hw_ilas -of_objects [get_hw_devices xc7z020_1] -filter {CELL_NAME=~"u_ila_0"}]]
run_hw_ila [get_hw_ilas -of_objects [get_hw_devices xc7z020_1] -filter {CELL_NAME=~"u_ila_0"}] -trigger_now
INFO: [Labtools 27-1964] The ILA core 'hw_ila_1' trigger was armed at 2016-Nov-02 19:09:44
wait_on_hw_ila [get_hw_ilas -of_objects [get_hw_devices xc7z020_1] -filter {CELL_NAME=~"u_ila_0"}]
display_hw_ila_data [upload_hw_ila_data [get_hw_ilas -of_objects [get_hw_devices xc7z020_1] -filter {CELL_NAME=~"u_ila_0"}]]
INFO: [Labtools 27-1966] The ILA core 'hw_ila_1' triggered at 2016-Nov-02 19:09:44
run_hw_ila [get_hw_ilas -of_objects [get_hw_devices xc7z020_1] -filter {CELL_NAME=~"u_ila_0"}] -trigger_now
INFO: [Labtools 27-1964] The ILA core 'hw_ila_1' trigger was armed at 2016-Nov-02 19:09:47
wait_on_hw_ila [get_hw_ilas -of_objects [get_hw_devices xc7z020_1] -filter {CELL_NAME=~"u_ila_0"}]
display_hw_ila_data [upload_hw_ila_data [get_hw_ilas -of_objects [get_hw_devices xc7z020_1] -filter {CELL_NAME=~"u_ila_0"}]]
INFO: [Labtools 27-1966] The ILA core 'hw_ila_1' triggered at 2016-Nov-02 19:09:47
run_hw_ila [get_hw_ilas -of_objects [get_hw_devices xc7z020_1] -filter {CELL_NAME=~"u_ila_0"}] -trigger_now
INFO: [Labtools 27-1964] The ILA core 'hw_ila_1' trigger was armed at 2016-Nov-02 19:09:48
wait_on_hw_ila [get_hw_ilas -of_objects [get_hw_devices xc7z020_1] -filter {CELL_NAME=~"u_ila_0"}]
display_hw_ila_data [upload_hw_ila_data [get_hw_ilas -of_objects [get_hw_devices xc7z020_1] -filter {CELL_NAME=~"u_ila_0"}]]
INFO: [Labtools 27-1966] The ILA core 'hw_ila_1' triggered at 2016-Nov-02 19:09:48
run_hw_ila [get_hw_ilas -of_objects [get_hw_devices xc7z020_1] -filter {CELL_NAME=~"u_ila_0"}] -trigger_now
INFO: [Labtools 27-1964] The ILA core 'hw_ila_1' trigger was armed at 2016-Nov-02 19:09:50
wait_on_hw_ila [get_hw_ilas -of_objects [get_hw_devices xc7z020_1] -filter {CELL_NAME=~"u_ila_0"}]
display_hw_ila_data [upload_hw_ila_data [get_hw_ilas -of_objects [get_hw_devices xc7z020_1] -filter {CELL_NAME=~"u_ila_0"}]]
INFO: [Labtools 27-1966] The ILA core 'hw_ila_1' triggered at 2016-Nov-02 19:09:50
run_hw_ila [get_hw_ilas -of_objects [get_hw_devices xc7z020_1] -filter {CELL_NAME=~"u_ila_0"}] -trigger_now
INFO: [Labtools 27-1964] The ILA core 'hw_ila_1' trigger was armed at 2016-Nov-02 19:09:51
wait_on_hw_ila [get_hw_ilas -of_objects [get_hw_devices xc7z020_1] -filter {CELL_NAME=~"u_ila_0"}]
display_hw_ila_data [upload_hw_ila_data [get_hw_ilas -of_objects [get_hw_devices xc7z020_1] -filter {CELL_NAME=~"u_ila_0"}]]
INFO: [Labtools 27-1966] The ILA core 'hw_ila_1' triggered at 2016-Nov-02 19:09:51
run_hw_ila [get_hw_ilas -of_objects [get_hw_devices xc7z020_1] -filter {CELL_NAME=~"u_ila_0"}] -trigger_now
INFO: [Labtools 27-1964] The ILA core 'hw_ila_1' trigger was armed at 2016-Nov-02 19:09:53
wait_on_hw_ila [get_hw_ilas -of_objects [get_hw_devices xc7z020_1] -filter {CELL_NAME=~"u_ila_0"}]
display_hw_ila_data [upload_hw_ila_data [get_hw_ilas -of_objects [get_hw_devices xc7z020_1] -filter {CELL_NAME=~"u_ila_0"}]]
INFO: [Labtools 27-1966] The ILA core 'hw_ila_1' triggered at 2016-Nov-02 19:09:53
run_hw_ila [get_hw_ilas -of_objects [get_hw_devices xc7z020_1] -filter {CELL_NAME=~"u_ila_0"}] -trigger_now
INFO: [Labtools 27-1964] The ILA core 'hw_ila_1' trigger was armed at 2016-Nov-02 19:13:32
wait_on_hw_ila [get_hw_ilas -of_objects [get_hw_devices xc7z020_1] -filter {CELL_NAME=~"u_ila_0"}]
display_hw_ila_data [upload_hw_ila_data [get_hw_ilas -of_objects [get_hw_devices xc7z020_1] -filter {CELL_NAME=~"u_ila_0"}]]
INFO: [Labtools 27-1966] The ILA core 'hw_ila_1' triggered at 2016-Nov-02 19:13:32
set_property TRIGGER_COMPARE_VALUE eq5'h17 [get_hw_probes eMMC_controller_inst0/Steps_Curr_State -of_objects [get_hw_ilas -of_objects [get_hw_devices xc7z020_1] -filter {CELL_NAME=~"u_ila_0"}]]
run_hw_ila [get_hw_ilas -of_objects [get_hw_devices xc7z020_1] -filter {CELL_NAME=~"u_ila_0"}]
INFO: [Labtools 27-1964] The ILA core 'hw_ila_1' trigger was armed at 2016-Nov-02 19:14:03
wait_on_hw_ila [get_hw_ilas -of_objects [get_hw_devices xc7z020_1] -filter {CELL_NAME=~"u_ila_0"}]
display_hw_ila_data [upload_hw_ila_data [get_hw_ilas -of_objects [get_hw_devices xc7z020_1] -filter {CELL_NAME=~"u_ila_0"}]]
INFO: [Labtools 27-1966] The ILA core 'hw_ila_1' triggered at 2016-Nov-02 19:14:05
run_hw_ila [get_hw_ilas -of_objects [get_hw_devices xc7z020_1] -filter {CELL_NAME=~"u_ila_0"}] -trigger_now
INFO: [Labtools 27-1964] The ILA core 'hw_ila_1' trigger was armed at 2016-Nov-02 19:17:02
wait_on_hw_ila [get_hw_ilas -of_objects [get_hw_devices xc7z020_1] -filter {CELL_NAME=~"u_ila_0"}]
display_hw_ila_data [upload_hw_ila_data [get_hw_ilas -of_objects [get_hw_devices xc7z020_1] -filter {CELL_NAME=~"u_ila_0"}]]
INFO: [Labtools 27-1966] The ILA core 'hw_ila_1' triggered at 2016-Nov-02 19:17:02
ERROR: [Xicom 50-38] xicom: Core access failed. Check cable connectivity and that the target board is powered up then use the disconnect_hw_server and connect_hw_server to re-initialize the hardware target. Use open_hw_target to re-register the hardware device.
ERROR: [Xicom 50-38] xicom: Core access failed. Check cable connectivity and that the target board is powered up then use the disconnect_hw_server and connect_hw_server to re-initialize the hardware target. Use open_hw_target to re-register the hardware device.
ERROR: [Xicom 50-38] xicom: Core access failed. Check cable connectivity and that the target board is powered up then use the disconnect_hw_server and connect_hw_server to re-initialize the hardware target. Use open_hw_target to re-register the hardware device.
ERROR: [Xicom 50-38] xicom: Core access failed. Check cable connectivity and that the target board is powered up then use the disconnect_hw_server and connect_hw_server to re-initialize the hardware target. Use open_hw_target to re-register the hardware device.
ERROR: [Xicom 50-38] xicom: Core access failed. Check cable connectivity and that the target board is powered up then use the disconnect_hw_server and connect_hw_server to re-initialize the hardware target. Use open_hw_target to re-register the hardware device.
ERROR: [Xicom 50-38] xicom: Core access failed. Check cable connectivity and that the target board is powered up then use the disconnect_hw_server and connect_hw_server to re-initialize the hardware target. Use open_hw_target to re-register the hardware device.
ERROR: [Xicom 50-38] xicom: Core access failed. Check cable connectivity and that the target board is powered up then use the disconnect_hw_server and connect_hw_server to re-initialize the hardware target. Use open_hw_target to re-register the hardware device.
ERROR: [Xicom 50-38] xicom: Core access failed. Check cable connectivity and that the target board is powered up then use the disconnect_hw_server and connect_hw_server to re-initialize the hardware target. Use open_hw_target to re-register the hardware device.
ERROR: [Xicom 50-38] xicom: Core access failed. Check cable connectivity and that the target board is powered up then use the disconnect_hw_server and connect_hw_server to re-initialize the hardware target. Use open_hw_target to re-register the hardware device.
ERROR: [Xicom 50-38] xicom: Core access failed. Check cable connectivity and that the target board is powered up then use the disconnect_hw_server and connect_hw_server to re-initialize the hardware target. Use open_hw_target to re-register the hardware device.
ERROR: [Xicom 50-38] xicom: Core access failed. Check cable connectivity and that the target board is powered up then use the disconnect_hw_server and connect_hw_server to re-initialize the hardware target. Use open_hw_target to re-register the hardware device.
ERROR: [Xicom 50-38] xicom: Core access failed. Check cable connectivity and that the target board is powered up then use the disconnect_hw_server and connect_hw_server to re-initialize the hardware target. Use open_hw_target to re-register the hardware device.
ERROR: [Xicom 50-38] xicom: Core access failed. Check cable connectivity and that the target board is powered up then use the disconnect_hw_server and connect_hw_server to re-initialize the hardware target. Use open_hw_target to re-register the hardware device.
ERROR: [Xicom 50-38] xicom: Core access failed. Check cable connectivity and that the target board is powered up then use the disconnect_hw_server and connect_hw_server to re-initialize the hardware target. Use open_hw_target to re-register the hardware device.
ERROR: [Xicom 50-38] xicom: Core access failed. Check cable connectivity and that the target board is powered up then use the disconnect_hw_server and connect_hw_server to re-initialize the hardware target. Use open_hw_target to re-register the hardware device.
ERROR: [Xicom 50-38] xicom: Core access failed. Check cable connectivity and that the target board is powered up then use the disconnect_hw_server and connect_hw_server to re-initialize the hardware target. Use open_hw_target to re-register the hardware device.
ERROR: [Xicom 50-38] xicom: Core access failed. Check cable connectivity and that the target board is powered up then use the disconnect_hw_server and connect_hw_server to re-initialize the hardware target. Use open_hw_target to re-register the hardware device.
ERROR: [Xicom 50-38] xicom: Core access failed. Check cable connectivity and that the target board is powered up then use the disconnect_hw_server and connect_hw_server to re-initialize the hardware target. Use open_hw_target to re-register the hardware device.
ERROR: [Xicom 50-38] xicom: Core access failed. Check cable connectivity and that the target board is powered up then use the disconnect_hw_server and connect_hw_server to re-initialize the hardware target. Use open_hw_target to re-register the hardware device.
ERROR: [Xicom 50-38] xicom: Core access failed. Check cable connectivity and that the target board is powered up then use the disconnect_hw_server and connect_hw_server to re-initialize the hardware target. Use open_hw_target to re-register the hardware device.
ERROR: [Xicom 50-38] xicom: Core access failed. Check cable connectivity and that the target board is powered up then use the disconnect_hw_server and connect_hw_server to re-initialize the hardware target. Use open_hw_target to re-register the hardware device.
ERROR: [Xicom 50-38] xicom: Core access failed. Check cable connectivity and that the target board is powered up then use the disconnect_hw_server and connect_hw_server to re-initialize the hardware target. Use open_hw_target to re-register the hardware device.
ERROR: [Xicom 50-38] xicom: Core access failed. Check cable connectivity and that the target board is powered up then use the disconnect_hw_server and connect_hw_server to re-initialize the hardware target. Use open_hw_target to re-register the hardware device.
ERROR: [Xicom 50-38] xicom: Core access failed. Check cable connectivity and that the target board is powered up then use the disconnect_hw_server and connect_hw_server to re-initialize the hardware target. Use open_hw_target to re-register the hardware device.
ERROR: [Xicom 50-38] xicom: Core access failed. Check cable connectivity and that the target board is powered up then use the disconnect_hw_server and connect_hw_server to re-initialize the hardware target. Use open_hw_target to re-register the hardware device.
ERROR: [Xicom 50-38] xicom: Core access failed. Check cable connectivity and that the target board is powered up then use the disconnect_hw_server and connect_hw_server to re-initialize the hardware target. Use open_hw_target to re-register the hardware device.
set_property PROBES.FILE {D:/VivadoProjects/eMMC_Controller_fifo.xpr/eMMC_Controller_4.6.1_tuning.xpr/eMMC_Controller/eMMC_Controller.runs/impl_4/debug_nets.ltx} [lindex [get_hw_devices] 1]
set_property PROGRAM.FILE {D:/VivadoProjects/eMMC_Controller_fifo.xpr/eMMC_Controller_4.6.1_tuning.xpr/eMMC_Controller/eMMC_Controller.runs/impl_4/Test_eMMC_Controller.bit} [lindex [get_hw_devices] 1]
program_hw_devices [lindex [get_hw_devices] 1]
INFO: [Labtools 27-3164] End of startup status: HIGH
refresh_hw_device [lindex [get_hw_devices] 1]
INFO: [Labtools 27-2302] Device xc7z020 (JTAG device index = 1) is programmed with a design that has 1 ILA core(s).
display_hw_ila_data [ get_hw_ila_data hw_ila_data_1]
run_hw_ila [get_hw_ilas -of_objects [get_hw_devices xc7z020_1] -filter {CELL_NAME=~"u_ila_0"}] -trigger_now
INFO: [Labtools 27-1964] The ILA core 'hw_ila_1' trigger was armed at 2016-Nov-02 19:17:46
wait_on_hw_ila [get_hw_ilas -of_objects [get_hw_devices xc7z020_1] -filter {CELL_NAME=~"u_ila_0"}]
display_hw_ila_data [upload_hw_ila_data [get_hw_ilas -of_objects [get_hw_devices xc7z020_1] -filter {CELL_NAME=~"u_ila_0"}]]
INFO: [Labtools 27-1966] The ILA core 'hw_ila_1' triggered at 2016-Nov-02 19:17:46
run_hw_ila [get_hw_ilas -of_objects [get_hw_devices xc7z020_1] -filter {CELL_NAME=~"u_ila_0"}] -trigger_now
INFO: [Labtools 27-1964] The ILA core 'hw_ila_1' trigger was armed at 2016-Nov-02 19:21:28
wait_on_hw_ila [get_hw_ilas -of_objects [get_hw_devices xc7z020_1] -filter {CELL_NAME=~"u_ila_0"}]
display_hw_ila_data [upload_hw_ila_data [get_hw_ilas -of_objects [get_hw_devices xc7z020_1] -filter {CELL_NAME=~"u_ila_0"}]]
INFO: [Labtools 27-1966] The ILA core 'hw_ila_1' triggered at 2016-Nov-02 19:21:28
close_hw
delete_debug_port [get_debug_ports {u_ila_0/probe10 }]
open_hw
connect_hw_server
INFO: [Labtools 27-2285] Connecting to hw_server url TCP:localhost:3121
INFO: [Labtools 27-2222] Launching hw_server...
INFO: [Labtools 27-2221] Launch Output:

****** Xilinx hw_server v2015.4
  **** Build date : Nov 17 2015-18:01:07
    ** Copyright 1986-1999, 2001-2015 Xilinx, Inc. All Rights Reserved.


open_hw_target
INFO: [Labtoolstcl 44-466] Opening hw_target localhost:3121/xilinx_tcf/Digilent/210248686087
set_property PROGRAM.FILE {D:/VivadoProjects/eMMC_Controller_fifo.xpr/eMMC_Controller_4.6.1_tuning.xpr/eMMC_Controller/eMMC_Controller.runs/impl_4/Test_eMMC_Controller.bit} [lindex [get_hw_devices] 1]
set_property PROBES.FILE {D:/VivadoProjects/eMMC_Controller_fifo.xpr/eMMC_Controller_4.6.1_tuning.xpr/eMMC_Controller/eMMC_Controller.runs/impl_4/debug_nets.ltx} [lindex [get_hw_devices] 1]
current_hw_device [lindex [get_hw_devices] 1]
refresh_hw_device [lindex [get_hw_devices] 1]
INFO: [Labtools 27-1435] Device xc7z020 (JTAG device index = 1) is not programmed (DONE status = 0).
set_property PROBES.FILE {D:/VivadoProjects/eMMC_Controller_fifo.xpr/eMMC_Controller_4.6.1_tuning.xpr/eMMC_Controller/eMMC_Controller.runs/impl_4/debug_nets.ltx} [lindex [get_hw_devices] 1]
set_property PROGRAM.FILE {D:/VivadoProjects/eMMC_Controller_fifo.xpr/eMMC_Controller_4.6.1_tuning.xpr/eMMC_Controller/eMMC_Controller.runs/impl_4/Test_eMMC_Controller.bit} [lindex [get_hw_devices] 1]
program_hw_devices [lindex [get_hw_devices] 1]
INFO: [Labtools 27-3164] End of startup status: HIGH
refresh_hw_device [lindex [get_hw_devices] 1]
INFO: [Labtools 27-2302] Device xc7z020 (JTAG device index = 1) is programmed with a design that has 1 ILA core(s).
display_hw_ila_data [ get_hw_ila_data hw_ila_data_1 -of_objects [get_hw_ilas -of_objects [get_hw_devices xc7z020_1] -filter {CELL_NAME=~"u_ila_0"}]]
run_hw_ila [get_hw_ilas -of_objects [get_hw_devices xc7z020_1] -filter {CELL_NAME=~"u_ila_0"}] -trigger_now
INFO: [Labtools 27-1964] The ILA core 'hw_ila_1' trigger was armed at 2016-Nov-02 19:24:44
wait_on_hw_ila [get_hw_ilas -of_objects [get_hw_devices xc7z020_1] -filter {CELL_NAME=~"u_ila_0"}]
display_hw_ila_data [upload_hw_ila_data [get_hw_ilas -of_objects [get_hw_devices xc7z020_1] -filter {CELL_NAME=~"u_ila_0"}]]
INFO: [Labtools 27-1966] The ILA core 'hw_ila_1' triggered at 2016-Nov-02 19:24:44
ERROR: [Xicom 50-38] xicom: Core access failed. Check cable connectivity and that the target board is powered up then use the disconnect_hw_server and connect_hw_server to re-initialize the hardware target. Use open_hw_target to re-register the hardware device.
ERROR: [Xicom 50-38] xicom: Core access failed. Check cable connectivity and that the target board is powered up then use the disconnect_hw_server and connect_hw_server to re-initialize the hardware target. Use open_hw_target to re-register the hardware device.
ERROR: [Xicom 50-38] xicom: Core access failed. Check cable connectivity and that the target board is powered up then use the disconnect_hw_server and connect_hw_server to re-initialize the hardware target. Use open_hw_target to re-register the hardware device.
ERROR: [Xicom 50-38] xicom: Core access failed. Check cable connectivity and that the target board is powered up then use the disconnect_hw_server and connect_hw_server to re-initialize the hardware target. Use open_hw_target to re-register the hardware device.
close_hw
save_constraints
close_design
reset_run synth_4
launch_runs synth_4 -jobs 2
INFO: [HDL 9-2216] Analyzing Verilog file "D:/VivadoProjects/eMMC_Controller_fifo.xpr/eMMC_Controller_4.6.1_tuning.xpr/eMMC_Controller/eMMC_Controller.srcs/sources_1/imports/sources/CRC16.v" into library work [D:/VivadoProjects/eMMC_Controller_fifo.xpr/eMMC_Controller_4.6.1_tuning.xpr/eMMC_Controller/eMMC_Controller.srcs/sources_1/imports/sources/CRC16.v:1]
INFO: [HDL 9-2216] Analyzing Verilog file "D:/VivadoProjects/eMMC_Controller_fifo.xpr/eMMC_Controller_4.6.1_tuning.xpr/eMMC_Controller/eMMC_Controller.srcs/sources_1/imports/sources/CRC16_Check.v" into library work [D:/VivadoProjects/eMMC_Controller_fifo.xpr/eMMC_Controller_4.6.1_tuning.xpr/eMMC_Controller/eMMC_Controller.srcs/sources_1/imports/sources/CRC16_Check.v:1]
INFO: [HDL 9-2216] Analyzing Verilog file "D:/VivadoProjects/eMMC_Controller_fifo.xpr/eMMC_Controller_4.6.1_tuning.xpr/eMMC_Controller/eMMC_Controller.srcs/sources_1/imports/sources/CRC7.v" into library work [D:/VivadoProjects/eMMC_Controller_fifo.xpr/eMMC_Controller_4.6.1_tuning.xpr/eMMC_Controller/eMMC_Controller.srcs/sources_1/imports/sources/CRC7.v:1]
INFO: [HDL 9-2216] Analyzing Verilog file "D:/VivadoProjects/eMMC_Controller_fifo.xpr/eMMC_Controller_4.6.1_tuning.xpr/eMMC_Controller/eMMC_Controller.srcs/sources_1/imports/sources/CRC7_400K.v" into library work [D:/VivadoProjects/eMMC_Controller_fifo.xpr/eMMC_Controller_4.6.1_tuning.xpr/eMMC_Controller/eMMC_Controller.srcs/sources_1/imports/sources/CRC7_400K.v:1]
INFO: [HDL 9-2216] Analyzing Verilog file "D:/VivadoProjects/eMMC_Controller_fifo.xpr/eMMC_Controller_4.6.1_tuning.xpr/eMMC_Controller/eMMC_Controller.srcs/sources_1/imports/sources/CRC7_Check.v" into library work [D:/VivadoProjects/eMMC_Controller_fifo.xpr/eMMC_Controller_4.6.1_tuning.xpr/eMMC_Controller/eMMC_Controller.srcs/sources_1/imports/sources/CRC7_Check.v:1]
INFO: [HDL 9-2216] Analyzing Verilog file "D:/VivadoProjects/eMMC_Controller_fifo.xpr/eMMC_Controller_4.6.1_tuning.xpr/eMMC_Controller/eMMC_Controller.srcs/sources_1/imports/sources/Test_eMMC_Controller.v" into library work [D:/VivadoProjects/eMMC_Controller_fifo.xpr/eMMC_Controller_4.6.1_tuning.xpr/eMMC_Controller/eMMC_Controller.srcs/sources_1/imports/sources/Test_eMMC_Controller.v:1]
INFO: [HDL 9-2216] Analyzing Verilog file "D:/VivadoProjects/eMMC_Controller_fifo.xpr/eMMC_Controller_4.6.1_tuning.xpr/eMMC_Controller/eMMC_Controller.srcs/sources_1/imports/sources/eMMC_controller.v" into library work [D:/VivadoProjects/eMMC_Controller_fifo.xpr/eMMC_Controller_4.6.1_tuning.xpr/eMMC_Controller/eMMC_Controller.srcs/sources_1/imports/sources/eMMC_controller.v:1]
INFO: [HDL 9-1065] Parsing verilog file "D:/VivadoProjects/eMMC_Controller_fifo.xpr/eMMC_Controller_4.6.1_tuning.xpr/eMMC_Controller/eMMC_Controller.srcs/sources_1/imports/sources/Define.vh" included at line 23. [D:/VivadoProjects/eMMC_Controller_fifo.xpr/eMMC_Controller_4.6.1_tuning.xpr/eMMC_Controller/eMMC_Controller.srcs/sources_1/imports/sources/eMMC_controller.v:23]
INFO: [HDL 9-1065] Parsing verilog file "D:/VivadoProjects/eMMC_Controller_fifo.xpr/eMMC_Controller_4.6.1_tuning.xpr/eMMC_Controller/eMMC_Controller.srcs/sources_1/imports/sources/log2.vh" included at line 62. [D:/VivadoProjects/eMMC_Controller_fifo.xpr/eMMC_Controller_4.6.1_tuning.xpr/eMMC_Controller/eMMC_Controller.srcs/sources_1/imports/sources/eMMC_controller.v:62]
INFO: [HDL 9-1065] Parsing verilog file "D:/VivadoProjects/eMMC_Controller_fifo.xpr/eMMC_Controller_4.6.1_tuning.xpr/eMMC_Controller/eMMC_Controller.srcs/sources_1/imports/sources/Parameter.vh" included at line 63. [D:/VivadoProjects/eMMC_Controller_fifo.xpr/eMMC_Controller_4.6.1_tuning.xpr/eMMC_Controller/eMMC_Controller.srcs/sources_1/imports/sources/eMMC_controller.v:63]
[Wed Nov 02 19:26:08 2016] Launched synth_4...
Run output will be captured here: D:/VivadoProjects/eMMC_Controller_fifo.xpr/eMMC_Controller_4.6.1_tuning.xpr/eMMC_Controller/eMMC_Controller.runs/synth_4/runme.log
open_run synth_4 -name synth_4
Design is defaulting to impl run constrset: constrs_2
Design is defaulting to synth run part: xc7z020clg484-1
INFO: [Project 1-454] Reading design checkpoint 'D:/VivadoProjects/eMMC_Controller_fifo.xpr/eMMC_Controller_4.6.1_tuning.xpr/eMMC_Controller/eMMC_Controller.runs/Command_fifo_synth_1/Command_fifo.dcp' for cell 'eMMC_controller_inst0/Command_fifo_inst0'
INFO: [Project 1-454] Reading design checkpoint 'D:/VivadoProjects/eMMC_Controller_fifo.xpr/eMMC_Controller_4.6.1_tuning.xpr/eMMC_Controller/eMMC_Controller.runs/Command_fifo_synth_1/Command_fifo.dcp' for cell 'eMMC_controller_inst0/Finished_Cmd_fifo_inst0'
INFO: [Project 1-454] Reading design checkpoint 'D:/VivadoProjects/eMMC_Controller_fifo.xpr/eMMC_Controller_4.6.1_tuning.xpr/eMMC_Controller/eMMC_Controller.runs/clk_divided_synth_1/clk_divided.dcp' for cell 'gen_clks'
INFO: [Project 1-454] Reading design checkpoint 'D:/VivadoProjects/eMMC_Controller_fifo.xpr/eMMC_Controller_4.6.1_tuning.xpr/eMMC_Controller/eMMC_Controller.runs/Data_fifo_synth_1/Data_fifo.dcp' for cell 'eMMC_controller_inst0/Read_buffer_final'
INFO: [Project 1-454] Reading design checkpoint 'D:/VivadoProjects/eMMC_Controller_fifo.xpr/eMMC_Controller_4.6.1_tuning.xpr/eMMC_Controller/eMMC_Controller.runs/Data_fifo_synth_1/Data_fifo.dcp' for cell 'eMMC_controller_inst0/Wr_data_fifo_inst0'
INFO: [Project 1-454] Reading design checkpoint 'D:/VivadoProjects/eMMC_Controller_fifo.xpr/eMMC_Controller_4.6.1_tuning.xpr/eMMC_Controller/eMMC_Controller.runs/Read_data512B_buffer_synth_1/Read_data512B_buffer.dcp' for cell 'eMMC_controller_inst0/Read_buffer_inst0'
INFO: [Project 1-454] Reading design checkpoint 'D:/VivadoProjects/eMMC_Controller_fifo.xpr/eMMC_Controller_4.6.1_tuning.xpr/eMMC_Controller/eMMC_Controller.runs/blk_mem_gen_0_synth_1/blk_mem_gen_0.dcp' for cell 'eMMC_controller_inst0/write_buffer_inst0'
INFO: [Netlist 29-17] Analyzing 89 Unisim elements for replacement
INFO: [Netlist 29-28] Unisim Transformation completed in 1 CPU seconds
INFO: [Project 1-479] Netlist was created with Vivado 2015.4
INFO: [Project 1-570] Preparing netlist for logic optimization
Parsing XDC File [d:/VivadoProjects/eMMC_Controller_fifo.xpr/eMMC_Controller_4.6.1_tuning.xpr/eMMC_Controller/eMMC_Controller.srcs/sources_1/ip/Command_fifo/Command_fifo/Command_fifo.xdc] for cell 'eMMC_controller_inst0/Command_fifo_inst0/U0'
Finished Parsing XDC File [d:/VivadoProjects/eMMC_Controller_fifo.xpr/eMMC_Controller_4.6.1_tuning.xpr/eMMC_Controller/eMMC_Controller.srcs/sources_1/ip/Command_fifo/Command_fifo/Command_fifo.xdc] for cell 'eMMC_controller_inst0/Command_fifo_inst0/U0'
Parsing XDC File [d:/VivadoProjects/eMMC_Controller_fifo.xpr/eMMC_Controller_4.6.1_tuning.xpr/eMMC_Controller/eMMC_Controller.srcs/sources_1/ip/Command_fifo/Command_fifo/Command_fifo.xdc] for cell 'eMMC_controller_inst0/Finished_Cmd_fifo_inst0/U0'
Finished Parsing XDC File [d:/VivadoProjects/eMMC_Controller_fifo.xpr/eMMC_Controller_4.6.1_tuning.xpr/eMMC_Controller/eMMC_Controller.srcs/sources_1/ip/Command_fifo/Command_fifo/Command_fifo.xdc] for cell 'eMMC_controller_inst0/Finished_Cmd_fifo_inst0/U0'
Parsing XDC File [d:/VivadoProjects/eMMC_Controller_fifo.xpr/eMMC_Controller_4.6.1_tuning.xpr/eMMC_Controller/eMMC_Controller.srcs/sources_1/ip/clk_divided/clk_divided_board.xdc] for cell 'gen_clks/inst'
Finished Parsing XDC File [d:/VivadoProjects/eMMC_Controller_fifo.xpr/eMMC_Controller_4.6.1_tuning.xpr/eMMC_Controller/eMMC_Controller.srcs/sources_1/ip/clk_divided/clk_divided_board.xdc] for cell 'gen_clks/inst'
Parsing XDC File [d:/VivadoProjects/eMMC_Controller_fifo.xpr/eMMC_Controller_4.6.1_tuning.xpr/eMMC_Controller/eMMC_Controller.srcs/sources_1/ip/clk_divided/clk_divided.xdc] for cell 'gen_clks/inst'
INFO: [Timing 38-35] Done setting XDC timing constraints. [d:/VivadoProjects/eMMC_Controller_fifo.xpr/eMMC_Controller_4.6.1_tuning.xpr/eMMC_Controller/eMMC_Controller.srcs/sources_1/ip/clk_divided/clk_divided.xdc:56]
INFO: [Timing 38-2] Deriving generated clocks [d:/VivadoProjects/eMMC_Controller_fifo.xpr/eMMC_Controller_4.6.1_tuning.xpr/eMMC_Controller/eMMC_Controller.srcs/sources_1/ip/clk_divided/clk_divided.xdc:56]
get_clocks: Time (s): cpu = 00:00:15 ; elapsed = 00:00:14 . Memory (MB): peak = 1803.926 ; gain = 44.746
Finished Parsing XDC File [d:/VivadoProjects/eMMC_Controller_fifo.xpr/eMMC_Controller_4.6.1_tuning.xpr/eMMC_Controller/eMMC_Controller.srcs/sources_1/ip/clk_divided/clk_divided.xdc] for cell 'gen_clks/inst'
Parsing XDC File [d:/VivadoProjects/eMMC_Controller_fifo.xpr/eMMC_Controller_4.6.1_tuning.xpr/eMMC_Controller/eMMC_Controller.srcs/sources_1/ip/Data_fifo/Data_fifo/Data_fifo.xdc] for cell 'eMMC_controller_inst0/Read_buffer_final/U0'
Finished Parsing XDC File [d:/VivadoProjects/eMMC_Controller_fifo.xpr/eMMC_Controller_4.6.1_tuning.xpr/eMMC_Controller/eMMC_Controller.srcs/sources_1/ip/Data_fifo/Data_fifo/Data_fifo.xdc] for cell 'eMMC_controller_inst0/Read_buffer_final/U0'
Parsing XDC File [d:/VivadoProjects/eMMC_Controller_fifo.xpr/eMMC_Controller_4.6.1_tuning.xpr/eMMC_Controller/eMMC_Controller.srcs/sources_1/ip/Data_fifo/Data_fifo/Data_fifo.xdc] for cell 'eMMC_controller_inst0/Wr_data_fifo_inst0/U0'
Finished Parsing XDC File [d:/VivadoProjects/eMMC_Controller_fifo.xpr/eMMC_Controller_4.6.1_tuning.xpr/eMMC_Controller/eMMC_Controller.srcs/sources_1/ip/Data_fifo/Data_fifo/Data_fifo.xdc] for cell 'eMMC_controller_inst0/Wr_data_fifo_inst0/U0'
Parsing XDC File [d:/VivadoProjects/eMMC_Controller_fifo.xpr/eMMC_Controller_4.6.1_tuning.xpr/eMMC_Controller/eMMC_Controller.srcs/sources_1/ip/Read_data512B_buffer/Read_data512B_buffer/Read_data512B_buffer.xdc] for cell 'eMMC_controller_inst0/Read_buffer_inst0/U0'
Finished Parsing XDC File [d:/VivadoProjects/eMMC_Controller_fifo.xpr/eMMC_Controller_4.6.1_tuning.xpr/eMMC_Controller/eMMC_Controller.srcs/sources_1/ip/Read_data512B_buffer/Read_data512B_buffer/Read_data512B_buffer.xdc] for cell 'eMMC_controller_inst0/Read_buffer_inst0/U0'
Parsing XDC File [D:/VivadoProjects/eMMC_Controller_fifo.xpr/eMMC_Controller_4.6.1_tuning.xpr/eMMC_Controller/eMMC_Controller.srcs/constrs_2/imports/Constraints/Debug2.xdc]
Finished Parsing XDC File [D:/VivadoProjects/eMMC_Controller_fifo.xpr/eMMC_Controller_4.6.1_tuning.xpr/eMMC_Controller/eMMC_Controller.srcs/constrs_2/imports/Constraints/Debug2.xdc]
Parsing XDC File [D:/VivadoProjects/eMMC_Controller_fifo.xpr/eMMC_Controller_4.6.1_tuning.xpr/eMMC_Controller/eMMC_Controller.srcs/constrs_2/imports/Constraints/PhyConstraint2.xdc]
Finished Parsing XDC File [D:/VivadoProjects/eMMC_Controller_fifo.xpr/eMMC_Controller_4.6.1_tuning.xpr/eMMC_Controller/eMMC_Controller.srcs/constrs_2/imports/Constraints/PhyConstraint2.xdc]
Parsing XDC File [D:/VivadoProjects/eMMC_Controller_fifo.xpr/eMMC_Controller_4.6.1_tuning.xpr/eMMC_Controller/eMMC_Controller.srcs/constrs_2/imports/Constraints/Timing2.xdc]
WARNING: [Vivado 12-508] No pins matched 'eMMC_controller_inst0/ODDR_inst/C'. [D:/VivadoProjects/eMMC_Controller_fifo.xpr/eMMC_Controller_4.6.1_tuning.xpr/eMMC_Controller/eMMC_Controller.srcs/constrs_2/imports/Constraints/Timing2.xdc:11]
CRITICAL WARNING: [Vivado 12-1387] No valid object(s) found for create_generated_clock constraint with option '-source [get_pins eMMC_controller_inst0/ODDR_inst/C]'. [D:/VivadoProjects/eMMC_Controller_fifo.xpr/eMMC_Controller_4.6.1_tuning.xpr/eMMC_Controller/eMMC_Controller.srcs/constrs_2/imports/Constraints/Timing2.xdc:11]
Resolution: Check if the specified object(s) exists in the current design. If it does, ensure that the correct design hierarchy was specified for the object. If you are working with clocks, make sure create_clock was used to create the clock object before it is referenced.
WARNING: [Vivado 12-508] No pins matched 'eMMC_controller_inst0/ODDR_inst/C'. [D:/VivadoProjects/eMMC_Controller_fifo.xpr/eMMC_Controller_4.6.1_tuning.xpr/eMMC_Controller/eMMC_Controller.srcs/constrs_2/imports/Constraints/Timing2.xdc:12]
CRITICAL WARNING: [Vivado 12-1387] No valid object(s) found for create_generated_clock constraint with option '-source [get_pins eMMC_controller_inst0/ODDR_inst/C]'. [D:/VivadoProjects/eMMC_Controller_fifo.xpr/eMMC_Controller_4.6.1_tuning.xpr/eMMC_Controller/eMMC_Controller.srcs/constrs_2/imports/Constraints/Timing2.xdc:12]
Resolution: Check if the specified object(s) exists in the current design. If it does, ensure that the correct design hierarchy was specified for the object. If you are working with clocks, make sure create_clock was used to create the clock object before it is referenced.
WARNING: [Vivado 12-627] No clocks matched 'fwdClk_200M'. [D:/VivadoProjects/eMMC_Controller_fifo.xpr/eMMC_Controller_4.6.1_tuning.xpr/eMMC_Controller/eMMC_Controller.srcs/constrs_2/imports/Constraints/Timing2.xdc:16]
INFO: [Vivado 12-626] No clocks found. Please use 'create_clock' or 'create_generated_clock' command to create clocks. [D:/VivadoProjects/eMMC_Controller_fifo.xpr/eMMC_Controller_4.6.1_tuning.xpr/eMMC_Controller/eMMC_Controller.srcs/constrs_2/imports/Constraints/Timing2.xdc:16]
CRITICAL WARNING: [Vivado 12-1387] No valid object(s) found for set_output_delay constraint with option '-clock [get_clocks fwdClk_200M]'. [D:/VivadoProjects/eMMC_Controller_fifo.xpr/eMMC_Controller_4.6.1_tuning.xpr/eMMC_Controller/eMMC_Controller.srcs/constrs_2/imports/Constraints/Timing2.xdc:16]
Resolution: Check if the specified object(s) exists in the current design. If it does, ensure that the correct design hierarchy was specified for the object. If you are working with clocks, make sure create_clock was used to create the clock object before it is referenced.
Finished Parsing XDC File [D:/VivadoProjects/eMMC_Controller_fifo.xpr/eMMC_Controller_4.6.1_tuning.xpr/eMMC_Controller/eMMC_Controller.srcs/constrs_2/imports/Constraints/Timing2.xdc]
INFO: [Project 1-538] Using original IP XDC constraints instead of the XDC constraints in dcp 'D:/VivadoProjects/eMMC_Controller_fifo.xpr/eMMC_Controller_4.6.1_tuning.xpr/eMMC_Controller/eMMC_Controller.runs/Command_fifo_synth_1/Command_fifo.dcp'
INFO: [Project 1-538] Using original IP XDC constraints instead of the XDC constraints in dcp 'D:/VivadoProjects/eMMC_Controller_fifo.xpr/eMMC_Controller_4.6.1_tuning.xpr/eMMC_Controller/eMMC_Controller.runs/Command_fifo_synth_1/Command_fifo.dcp'
INFO: [Project 1-538] Using original IP XDC constraints instead of the XDC constraints in dcp 'D:/VivadoProjects/eMMC_Controller_fifo.xpr/eMMC_Controller_4.6.1_tuning.xpr/eMMC_Controller/eMMC_Controller.runs/clk_divided_synth_1/clk_divided.dcp'
INFO: [Project 1-538] Using original IP XDC constraints instead of the XDC constraints in dcp 'D:/VivadoProjects/eMMC_Controller_fifo.xpr/eMMC_Controller_4.6.1_tuning.xpr/eMMC_Controller/eMMC_Controller.runs/Data_fifo_synth_1/Data_fifo.dcp'
INFO: [Project 1-538] Using original IP XDC constraints instead of the XDC constraints in dcp 'D:/VivadoProjects/eMMC_Controller_fifo.xpr/eMMC_Controller_4.6.1_tuning.xpr/eMMC_Controller/eMMC_Controller.runs/Data_fifo_synth_1/Data_fifo.dcp'
INFO: [Project 1-538] Using original IP XDC constraints instead of the XDC constraints in dcp 'D:/VivadoProjects/eMMC_Controller_fifo.xpr/eMMC_Controller_4.6.1_tuning.xpr/eMMC_Controller/eMMC_Controller.runs/Read_data512B_buffer_synth_1/Read_data512B_buffer.dcp'
INFO: [Project 1-538] Using original IP XDC constraints instead of the XDC constraints in dcp 'D:/VivadoProjects/eMMC_Controller_fifo.xpr/eMMC_Controller_4.6.1_tuning.xpr/eMMC_Controller/eMMC_Controller.runs/blk_mem_gen_0_synth_1/blk_mem_gen_0.dcp'
INFO: [Opt 31-140] Inserted 1 IBUFs to IO ports without IO buffers.
INFO: [Opt 31-138] Pushed 0 inverter(s) to 0 load pin(s).
INFO: [Project 1-111] Unisim Transformation Summary:
  A total of 9 instances were transformed.
  IOBUF => IOBUF (IBUF, OBUFT): 9 instances

open_run: Time (s): cpu = 00:00:20 ; elapsed = 00:00:19 . Memory (MB): peak = 1804.242 ; gain = 45.063
set_property mark_debug true [get_nets [list {eMMC_controller_inst0/Device_data_bus_out_reg_n_0_[0]}]]
set_property mark_debug true [get_nets [list {eMMC_controller_inst0/Device_data_bus_out_reg_n_0_[0]} {eMMC_controller_inst0/Device_data_bus_out_reg_n_0_[11]} {eMMC_controller_inst0/Device_data_bus_out_reg_n_0_[10]}]]
set_property mark_debug false [get_nets [list {eMMC_controller_inst0/Device_data_bus_out_reg_n_0_[10]} {eMMC_controller_inst0/Device_data_bus_out_reg_n_0_[12]} {eMMC_controller_inst0/Device_data_bus_out_reg_n_0_[14]} {eMMC_controller_inst0/Device_data_bus_out_reg_n_0_[1]} {eMMC_controller_inst0/Device_data_bus_out_reg_n_0_[3]} {eMMC_controller_inst0/Device_data_bus_out_reg_n_0_[5]} {eMMC_controller_inst0/Device_data_bus_out_reg_n_0_[7]} {eMMC_controller_inst0/Device_data_bus_out_reg_n_0_[0]} {eMMC_controller_inst0/Device_data_bus_out_reg_n_0_[11]} {eMMC_controller_inst0/Device_data_bus_out_reg_n_0_[13]} {eMMC_controller_inst0/Device_data_bus_out_reg_n_0_[15]} {eMMC_controller_inst0/Device_data_bus_out_reg_n_0_[2]} {eMMC_controller_inst0/Device_data_bus_out_reg_n_0_[4]} {eMMC_controller_inst0/Device_data_bus_out_reg_n_0_[6]}]]
set_property mark_debug false [get_nets [list {eMMC_controller_inst0/Device_data_bus_out_reg_n_0_[10]} {eMMC_controller_inst0/Device_data_bus_out_reg_n_0_[12]} {eMMC_controller_inst0/Device_data_bus_out_reg_n_0_[14]} {eMMC_controller_inst0/Device_data_bus_out_reg_n_0_[1]} {eMMC_controller_inst0/Device_data_bus_out_reg_n_0_[3]} {eMMC_controller_inst0/Device_data_bus_out_reg_n_0_[5]} {eMMC_controller_inst0/Device_data_bus_out_reg_n_0_[7]} {eMMC_controller_inst0/Device_data_bus_out_reg_n_0_[9]} {eMMC_controller_inst0/Device_data_bus_out_reg_n_0_[0]} {eMMC_controller_inst0/Device_data_bus_out_reg_n_0_[11]} {eMMC_controller_inst0/Device_data_bus_out_reg_n_0_[13]} {eMMC_controller_inst0/Device_data_bus_out_reg_n_0_[15]} {eMMC_controller_inst0/Device_data_bus_out_reg_n_0_[2]} {eMMC_controller_inst0/Device_data_bus_out_reg_n_0_[4]} {eMMC_controller_inst0/Device_data_bus_out_reg_n_0_[6]} {eMMC_controller_inst0/Device_data_bus_out_reg_n_0_[8]}]]
delete_debug_port [get_debug_ports {u_ila_0/probe6 }]
delete_debug_port [get_debug_ports {u_ila_0/probe3 }]
show_objects -name find_1 [get_nets -hierarchical -top_net_of_hierarchical_group -filter { NAME =~  "*rd_data_final*" } ]
set_property mark_debug true [get_nets [list {eMMC_controller_inst0/rd_data_final[3]} {eMMC_controller_inst0/rd_data_final[4]} {eMMC_controller_inst0/rd_data_final[11]} {eMMC_controller_inst0/rd_data_final[14]} {eMMC_controller_inst0/rd_data_final[1]} {eMMC_controller_inst0/rd_data_final[9]} {eMMC_controller_inst0/rd_data_final[15]} {eMMC_controller_inst0/rd_data_final[2]} {eMMC_controller_inst0/rd_data_final[6]} {eMMC_controller_inst0/rd_data_final[10]} {eMMC_controller_inst0/rd_data_final[0]} {eMMC_controller_inst0/rd_data_final[5]} {eMMC_controller_inst0/rd_data_final[7]} {eMMC_controller_inst0/rd_data_final[8]} {eMMC_controller_inst0/rd_data_final[12]} {eMMC_controller_inst0/rd_data_final[13]}]]
show_objects -name find_2 [get_nets -hierarchical -top_net_of_hierarchical_group -filter { NAME =~  "*fifo_wr_en*" } ]
set_property mark_debug true [get_nets [list eMMC_controller_inst0/fifo_wr_en]]
create_debug_port u_ila_0 probe
create_debug_port u_ila_0 probe
set_property port_width 16 [get_debug_ports u_ila_0/probe9]
connect_debug_port u_ila_0/probe9 [get_nets [list {eMMC_controller_inst0/rd_data_final[0]} {eMMC_controller_inst0/rd_data_final[1]} {eMMC_controller_inst0/rd_data_final[2]} {eMMC_controller_inst0/rd_data_final[3]} {eMMC_controller_inst0/rd_data_final[4]} {eMMC_controller_inst0/rd_data_final[5]} {eMMC_controller_inst0/rd_data_final[6]} {eMMC_controller_inst0/rd_data_final[7]} {eMMC_controller_inst0/rd_data_final[8]} {eMMC_controller_inst0/rd_data_final[9]} {eMMC_controller_inst0/rd_data_final[10]} {eMMC_controller_inst0/rd_data_final[11]} {eMMC_controller_inst0/rd_data_final[12]} {eMMC_controller_inst0/rd_data_final[13]} {eMMC_controller_inst0/rd_data_final[14]} {eMMC_controller_inst0/rd_data_final[15]} ]]
connect_debug_port u_ila_0/probe8 [get_nets [list eMMC_controller_inst0/fifo_wr_en ]] -channel_start_index 0
save_constraints
launch_runs impl_4 -to_step write_bitstream -jobs 2
Writing placer database...
Writing XDEF routing.
Writing XDEF routing logical nets.
Writing XDEF routing special nets.
Write XDEF Complete: Time (s): cpu = 00:00:00 ; elapsed = 00:00:00.072 . Memory (MB): peak = 1804.242 ; gain = 0.000
[Wed Nov 02 19:31:09 2016] Launched impl_4...
Run output will be captured here: D:/VivadoProjects/eMMC_Controller_fifo.xpr/eMMC_Controller_4.6.1_tuning.xpr/eMMC_Controller/eMMC_Controller.runs/impl_4/runme.log
open_hw
connect_hw_server
INFO: [Labtools 27-2285] Connecting to hw_server url TCP:localhost:3121
INFO: [Labtools 27-2222] Launching hw_server...
INFO: [Labtools 27-2221] Launch Output:

****** Xilinx hw_server v2015.4
  **** Build date : Nov 17 2015-18:01:07
    ** Copyright 1986-1999, 2001-2015 Xilinx, Inc. All Rights Reserved.


open_hw_target
INFO: [Labtoolstcl 44-466] Opening hw_target localhost:3121/xilinx_tcf/Digilent/210248686087
set_property PROGRAM.FILE {D:/VivadoProjects/eMMC_Controller_fifo.xpr/eMMC_Controller_4.6.1_tuning.xpr/eMMC_Controller/eMMC_Controller.runs/impl_4/Test_eMMC_Controller.bit} [lindex [get_hw_devices] 1]
set_property PROBES.FILE {D:/VivadoProjects/eMMC_Controller_fifo.xpr/eMMC_Controller_4.6.1_tuning.xpr/eMMC_Controller/eMMC_Controller.runs/impl_4/debug_nets.ltx} [lindex [get_hw_devices] 1]
current_hw_device [lindex [get_hw_devices] 1]
refresh_hw_device [lindex [get_hw_devices] 1]
INFO: [Labtools 27-1435] Device xc7z020 (JTAG device index = 1) is not programmed (DONE status = 0).
set_property PROBES.FILE {D:/VivadoProjects/eMMC_Controller_fifo.xpr/eMMC_Controller_4.6.1_tuning.xpr/eMMC_Controller/eMMC_Controller.runs/impl_4/debug_nets.ltx} [lindex [get_hw_devices] 1]
set_property PROGRAM.FILE {D:/VivadoProjects/eMMC_Controller_fifo.xpr/eMMC_Controller_4.6.1_tuning.xpr/eMMC_Controller/eMMC_Controller.runs/impl_4/Test_eMMC_Controller.bit} [lindex [get_hw_devices] 1]
program_hw_devices [lindex [get_hw_devices] 1]
INFO: [Labtools 27-3164] End of startup status: HIGH
refresh_hw_device [lindex [get_hw_devices] 1]
INFO: [Labtools 27-2302] Device xc7z020 (JTAG device index = 1) is programmed with a design that has 1 ILA core(s).
display_hw_ila_data [ get_hw_ila_data hw_ila_data_1 -of_objects [get_hw_ilas -of_objects [get_hw_devices xc7z020_1] -filter {CELL_NAME=~"u_ila_0"}]]
WARNING: Simulation object eMMC_controller_inst0/Data_bit_counter_reg__0 was not found in the design.
WARNING: Simulation object eMMC_controller_inst0/Device_data_bus_out_reg_n_0__11 was not found in the design.
WARNING: Simulation object eMMC_controller_inst0/Device_data_bus_out_reg_n_0__1 was not found in the design.
WARNING: Simulation object eMMC_controller_inst0/Device_data_bus_out_reg_n_0__14 was not found in the design.
WARNING: Simulation object eMMC_controller_inst0/Device_data_bus_out_reg_n_0__10 was not found in the design.
WARNING: Simulation object eMMC_controller_inst0/Device_data_bus_out_reg_n_0__12 was not found in the design.
WARNING: Simulation object eMMC_controller_inst0/Device_data_bus_out_reg_n_0__2 was not found in the design.
WARNING: Simulation object eMMC_controller_inst0/Device_data_bus_out_reg_n_0__5 was not found in the design.
WARNING: Simulation object eMMC_controller_inst0/Device_data_bus_out_reg_n_0__7 was not found in the design.
WARNING: Simulation object eMMC_controller_inst0/Device_data_bus_out_reg_n_0_ was not found in the design.
WARNING: Simulation object eMMC_controller_inst0/Device_data_bus_out_reg_n_0__4 was not found in the design.
WARNING: Simulation object eMMC_controller_inst0/Device_data_bus_out_reg_n_0__6 was not found in the design.
WARNING: Simulation object eMMC_controller_inst0/Device_data_bus_out_reg_n_0__9 was not found in the design.
WARNING: Simulation object eMMC_controller_inst0/Device_data_bus_out_reg_n_0__13 was not found in the design.
WARNING: Simulation object eMMC_controller_inst0/Device_data_bus_out_reg_n_0__8 was not found in the design.
WARNING: Simulation object eMMC_controller_inst0/Device_data_bus_out_reg_n_0__3[1] was not found in the design.
WARNING: Simulation object eMMC_controller_inst0/Device_data_bus_out_reg_n_0__3[0] was not found in the design.
run_hw_ila [get_hw_ilas -of_objects [get_hw_devices xc7z020_1] -filter {CELL_NAME=~"u_ila_0"}] -trigger_now
INFO: [Labtools 27-1964] The ILA core 'hw_ila_1' trigger was armed at 2016-Nov-02 19:40:35
wait_on_hw_ila [get_hw_ilas -of_objects [get_hw_devices xc7z020_1] -filter {CELL_NAME=~"u_ila_0"}]
display_hw_ila_data [upload_hw_ila_data [get_hw_ilas -of_objects [get_hw_devices xc7z020_1] -filter {CELL_NAME=~"u_ila_0"}]]
INFO: [Labtools 27-1966] The ILA core 'hw_ila_1' triggered at 2016-Nov-02 19:40:35
run_hw_ila [get_hw_ilas -of_objects [get_hw_devices xc7z020_1] -filter {CELL_NAME=~"u_ila_0"}] -trigger_now
INFO: [Labtools 27-1964] The ILA core 'hw_ila_1' trigger was armed at 2016-Nov-02 19:40:46
wait_on_hw_ila [get_hw_ilas -of_objects [get_hw_devices xc7z020_1] -filter {CELL_NAME=~"u_ila_0"}]
display_hw_ila_data [upload_hw_ila_data [get_hw_ilas -of_objects [get_hw_devices xc7z020_1] -filter {CELL_NAME=~"u_ila_0"}]]
INFO: [Labtools 27-1966] The ILA core 'hw_ila_1' triggered at 2016-Nov-02 19:40:46
run_hw_ila [get_hw_ilas -of_objects [get_hw_devices xc7z020_1] -filter {CELL_NAME=~"u_ila_0"}]
INFO: [Labtools 27-1964] The ILA core 'hw_ila_1' trigger was armed at 2016-Nov-02 19:41:07
wait_on_hw_ila [get_hw_ilas -of_objects [get_hw_devices xc7z020_1] -filter {CELL_NAME=~"u_ila_0"}]
display_hw_ila_data [upload_hw_ila_data [get_hw_ilas -of_objects [get_hw_devices xc7z020_1] -filter {CELL_NAME=~"u_ila_0"}]]
INFO: [Labtools 27-1966] The ILA core 'hw_ila_1' triggered at 2016-Nov-02 19:41:08
set_property TRIGGER_COMPARE_VALUE eq5'h0C [get_hw_probes eMMC_controller_inst0/Steps_Curr_State -of_objects [get_hw_ilas -of_objects [get_hw_devices xc7z020_1] -filter {CELL_NAME=~"u_ila_0"}]]
run_hw_ila [get_hw_ilas -of_objects [get_hw_devices xc7z020_1] -filter {CELL_NAME=~"u_ila_0"}] -trigger_now
INFO: [Labtools 27-1964] The ILA core 'hw_ila_1' trigger was armed at 2016-Nov-02 19:42:02
wait_on_hw_ila [get_hw_ilas -of_objects [get_hw_devices xc7z020_1] -filter {CELL_NAME=~"u_ila_0"}]
display_hw_ila_data [upload_hw_ila_data [get_hw_ilas -of_objects [get_hw_devices xc7z020_1] -filter {CELL_NAME=~"u_ila_0"}]]
INFO: [Labtools 27-1966] The ILA core 'hw_ila_1' triggered at 2016-Nov-02 19:42:02
run_hw_ila [get_hw_ilas -of_objects [get_hw_devices xc7z020_1] -filter {CELL_NAME=~"u_ila_0"}]
INFO: [Labtools 27-1964] The ILA core 'hw_ila_1' trigger was armed at 2016-Nov-02 19:42:05
set_property TRIGGER_COMPARE_VALUE eq5'h0B [get_hw_probes eMMC_controller_inst0/Steps_Curr_State -of_objects [get_hw_ilas -of_objects [get_hw_devices xc7z020_1] -filter {CELL_NAME=~"u_ila_0"}]]
wait_on_hw_ila -timeout 0 [get_hw_ilas -of_objects [get_hw_devices xc7z020_1] -filter {CELL_NAME=~"u_ila_0"}]
upload_hw_ila_data [get_hw_ilas -of_objects [get_hw_devices xc7z020_1] -filter {CELL_NAME=~"u_ila_0"}]
WARNING: [Labtools 27-157] hw_ila [hw_ila_1] stopped. No data to upload.
run_hw_ila [get_hw_ilas -of_objects [get_hw_devices xc7z020_1] -filter {CELL_NAME=~"u_ila_0"}] -trigger_now
INFO: [Labtools 27-1964] The ILA core 'hw_ila_1' trigger was armed at 2016-Nov-02 19:42:24
wait_on_hw_ila [get_hw_ilas -of_objects [get_hw_devices xc7z020_1] -filter {CELL_NAME=~"u_ila_0"}]
display_hw_ila_data [upload_hw_ila_data [get_hw_ilas -of_objects [get_hw_devices xc7z020_1] -filter {CELL_NAME=~"u_ila_0"}]]
INFO: [Labtools 27-1966] The ILA core 'hw_ila_1' triggered at 2016-Nov-02 19:42:24
run_hw_ila [get_hw_ilas -of_objects [get_hw_devices xc7z020_1] -filter {CELL_NAME=~"u_ila_0"}]
INFO: [Labtools 27-1964] The ILA core 'hw_ila_1' trigger was armed at 2016-Nov-02 19:42:26
wait_on_hw_ila [get_hw_ilas -of_objects [get_hw_devices xc7z020_1] -filter {CELL_NAME=~"u_ila_0"}]
display_hw_ila_data [upload_hw_ila_data [get_hw_ilas -of_objects [get_hw_devices xc7z020_1] -filter {CELL_NAME=~"u_ila_0"}]]
INFO: [Labtools 27-1966] The ILA core 'hw_ila_1' triggered at 2016-Nov-02 19:42:26
run_hw_ila [get_hw_ilas -of_objects [get_hw_devices xc7z020_1] -filter {CELL_NAME=~"u_ila_0"}]
INFO: [Labtools 27-1964] The ILA core 'hw_ila_1' trigger was armed at 2016-Nov-02 19:42:31
wait_on_hw_ila [get_hw_ilas -of_objects [get_hw_devices xc7z020_1] -filter {CELL_NAME=~"u_ila_0"}]
display_hw_ila_data [upload_hw_ila_data [get_hw_ilas -of_objects [get_hw_devices xc7z020_1] -filter {CELL_NAME=~"u_ila_0"}]]
INFO: [Labtools 27-1966] The ILA core 'hw_ila_1' triggered at 2016-Nov-02 19:42:31
save_wave_config {D:/VivadoProjects/eMMC_Controller_fifo.xpr/eMMC_Controller_4.6.1_tuning.xpr/eMMC_Controller/eMMC_Controller.hw/hw_1/wave/hw_ila_data_1/hw_ila_data_1.wcfg}
close_hw
show_objects -name find_1 [get_nets -hierarchical -top_net_of_hierarchical_group -filter { NAME =~  "*HS400E_write_end*" } ]
close_design
reset_run synth_4
launch_runs synth_4 -jobs 2
INFO: [HDL 9-2216] Analyzing Verilog file "D:/VivadoProjects/eMMC_Controller_fifo.xpr/eMMC_Controller_4.6.1_tuning.xpr/eMMC_Controller/eMMC_Controller.srcs/sources_1/imports/sources/CRC16.v" into library work [D:/VivadoProjects/eMMC_Controller_fifo.xpr/eMMC_Controller_4.6.1_tuning.xpr/eMMC_Controller/eMMC_Controller.srcs/sources_1/imports/sources/CRC16.v:1]
INFO: [HDL 9-2216] Analyzing Verilog file "D:/VivadoProjects/eMMC_Controller_fifo.xpr/eMMC_Controller_4.6.1_tuning.xpr/eMMC_Controller/eMMC_Controller.srcs/sources_1/imports/sources/CRC16_Check.v" into library work [D:/VivadoProjects/eMMC_Controller_fifo.xpr/eMMC_Controller_4.6.1_tuning.xpr/eMMC_Controller/eMMC_Controller.srcs/sources_1/imports/sources/CRC16_Check.v:1]
INFO: [HDL 9-2216] Analyzing Verilog file "D:/VivadoProjects/eMMC_Controller_fifo.xpr/eMMC_Controller_4.6.1_tuning.xpr/eMMC_Controller/eMMC_Controller.srcs/sources_1/imports/sources/CRC7.v" into library work [D:/VivadoProjects/eMMC_Controller_fifo.xpr/eMMC_Controller_4.6.1_tuning.xpr/eMMC_Controller/eMMC_Controller.srcs/sources_1/imports/sources/CRC7.v:1]
INFO: [HDL 9-2216] Analyzing Verilog file "D:/VivadoProjects/eMMC_Controller_fifo.xpr/eMMC_Controller_4.6.1_tuning.xpr/eMMC_Controller/eMMC_Controller.srcs/sources_1/imports/sources/CRC7_400K.v" into library work [D:/VivadoProjects/eMMC_Controller_fifo.xpr/eMMC_Controller_4.6.1_tuning.xpr/eMMC_Controller/eMMC_Controller.srcs/sources_1/imports/sources/CRC7_400K.v:1]
INFO: [HDL 9-2216] Analyzing Verilog file "D:/VivadoProjects/eMMC_Controller_fifo.xpr/eMMC_Controller_4.6.1_tuning.xpr/eMMC_Controller/eMMC_Controller.srcs/sources_1/imports/sources/CRC7_Check.v" into library work [D:/VivadoProjects/eMMC_Controller_fifo.xpr/eMMC_Controller_4.6.1_tuning.xpr/eMMC_Controller/eMMC_Controller.srcs/sources_1/imports/sources/CRC7_Check.v:1]
INFO: [HDL 9-2216] Analyzing Verilog file "D:/VivadoProjects/eMMC_Controller_fifo.xpr/eMMC_Controller_4.6.1_tuning.xpr/eMMC_Controller/eMMC_Controller.srcs/sources_1/imports/sources/Test_eMMC_Controller.v" into library work [D:/VivadoProjects/eMMC_Controller_fifo.xpr/eMMC_Controller_4.6.1_tuning.xpr/eMMC_Controller/eMMC_Controller.srcs/sources_1/imports/sources/Test_eMMC_Controller.v:1]
INFO: [HDL 9-2216] Analyzing Verilog file "D:/VivadoProjects/eMMC_Controller_fifo.xpr/eMMC_Controller_4.6.1_tuning.xpr/eMMC_Controller/eMMC_Controller.srcs/sources_1/imports/sources/eMMC_controller.v" into library work [D:/VivadoProjects/eMMC_Controller_fifo.xpr/eMMC_Controller_4.6.1_tuning.xpr/eMMC_Controller/eMMC_Controller.srcs/sources_1/imports/sources/eMMC_controller.v:1]
INFO: [HDL 9-1065] Parsing verilog file "D:/VivadoProjects/eMMC_Controller_fifo.xpr/eMMC_Controller_4.6.1_tuning.xpr/eMMC_Controller/eMMC_Controller.srcs/sources_1/imports/sources/Define.vh" included at line 23. [D:/VivadoProjects/eMMC_Controller_fifo.xpr/eMMC_Controller_4.6.1_tuning.xpr/eMMC_Controller/eMMC_Controller.srcs/sources_1/imports/sources/eMMC_controller.v:23]
INFO: [HDL 9-1065] Parsing verilog file "D:/VivadoProjects/eMMC_Controller_fifo.xpr/eMMC_Controller_4.6.1_tuning.xpr/eMMC_Controller/eMMC_Controller.srcs/sources_1/imports/sources/log2.vh" included at line 62. [D:/VivadoProjects/eMMC_Controller_fifo.xpr/eMMC_Controller_4.6.1_tuning.xpr/eMMC_Controller/eMMC_Controller.srcs/sources_1/imports/sources/eMMC_controller.v:62]
INFO: [HDL 9-1065] Parsing verilog file "D:/VivadoProjects/eMMC_Controller_fifo.xpr/eMMC_Controller_4.6.1_tuning.xpr/eMMC_Controller/eMMC_Controller.srcs/sources_1/imports/sources/Parameter.vh" included at line 63. [D:/VivadoProjects/eMMC_Controller_fifo.xpr/eMMC_Controller_4.6.1_tuning.xpr/eMMC_Controller/eMMC_Controller.srcs/sources_1/imports/sources/eMMC_controller.v:63]
[Wed Nov 02 19:46:42 2016] Launched synth_4...
Run output will be captured here: D:/VivadoProjects/eMMC_Controller_fifo.xpr/eMMC_Controller_4.6.1_tuning.xpr/eMMC_Controller/eMMC_Controller.runs/synth_4/runme.log
open_run synth_4 -name synth_4
Design is defaulting to impl run constrset: constrs_2
Design is defaulting to synth run part: xc7z020clg484-1
INFO: [Project 1-454] Reading design checkpoint 'D:/VivadoProjects/eMMC_Controller_fifo.xpr/eMMC_Controller_4.6.1_tuning.xpr/eMMC_Controller/eMMC_Controller.runs/Command_fifo_synth_1/Command_fifo.dcp' for cell 'eMMC_controller_inst0/Command_fifo_inst0'
INFO: [Project 1-454] Reading design checkpoint 'D:/VivadoProjects/eMMC_Controller_fifo.xpr/eMMC_Controller_4.6.1_tuning.xpr/eMMC_Controller/eMMC_Controller.runs/Command_fifo_synth_1/Command_fifo.dcp' for cell 'eMMC_controller_inst0/Finished_Cmd_fifo_inst0'
INFO: [Project 1-454] Reading design checkpoint 'D:/VivadoProjects/eMMC_Controller_fifo.xpr/eMMC_Controller_4.6.1_tuning.xpr/eMMC_Controller/eMMC_Controller.runs/clk_divided_synth_1/clk_divided.dcp' for cell 'gen_clks'
INFO: [Project 1-454] Reading design checkpoint 'D:/VivadoProjects/eMMC_Controller_fifo.xpr/eMMC_Controller_4.6.1_tuning.xpr/eMMC_Controller/eMMC_Controller.runs/Data_fifo_synth_1/Data_fifo.dcp' for cell 'eMMC_controller_inst0/Read_buffer_final'
INFO: [Project 1-454] Reading design checkpoint 'D:/VivadoProjects/eMMC_Controller_fifo.xpr/eMMC_Controller_4.6.1_tuning.xpr/eMMC_Controller/eMMC_Controller.runs/Data_fifo_synth_1/Data_fifo.dcp' for cell 'eMMC_controller_inst0/Wr_data_fifo_inst0'
INFO: [Project 1-454] Reading design checkpoint 'D:/VivadoProjects/eMMC_Controller_fifo.xpr/eMMC_Controller_4.6.1_tuning.xpr/eMMC_Controller/eMMC_Controller.runs/Read_data512B_buffer_synth_1/Read_data512B_buffer.dcp' for cell 'eMMC_controller_inst0/Read_buffer_inst0'
INFO: [Project 1-454] Reading design checkpoint 'D:/VivadoProjects/eMMC_Controller_fifo.xpr/eMMC_Controller_4.6.1_tuning.xpr/eMMC_Controller/eMMC_Controller.runs/blk_mem_gen_0_synth_1/blk_mem_gen_0.dcp' for cell 'eMMC_controller_inst0/write_buffer_inst0'
INFO: [Netlist 29-17] Analyzing 89 Unisim elements for replacement
INFO: [Netlist 29-28] Unisim Transformation completed in 0 CPU seconds
INFO: [Project 1-479] Netlist was created with Vivado 2015.4
INFO: [Project 1-570] Preparing netlist for logic optimization
Parsing XDC File [d:/VivadoProjects/eMMC_Controller_fifo.xpr/eMMC_Controller_4.6.1_tuning.xpr/eMMC_Controller/eMMC_Controller.srcs/sources_1/ip/Command_fifo/Command_fifo/Command_fifo.xdc] for cell 'eMMC_controller_inst0/Command_fifo_inst0/U0'
Finished Parsing XDC File [d:/VivadoProjects/eMMC_Controller_fifo.xpr/eMMC_Controller_4.6.1_tuning.xpr/eMMC_Controller/eMMC_Controller.srcs/sources_1/ip/Command_fifo/Command_fifo/Command_fifo.xdc] for cell 'eMMC_controller_inst0/Command_fifo_inst0/U0'
Parsing XDC File [d:/VivadoProjects/eMMC_Controller_fifo.xpr/eMMC_Controller_4.6.1_tuning.xpr/eMMC_Controller/eMMC_Controller.srcs/sources_1/ip/Command_fifo/Command_fifo/Command_fifo.xdc] for cell 'eMMC_controller_inst0/Finished_Cmd_fifo_inst0/U0'
Finished Parsing XDC File [d:/VivadoProjects/eMMC_Controller_fifo.xpr/eMMC_Controller_4.6.1_tuning.xpr/eMMC_Controller/eMMC_Controller.srcs/sources_1/ip/Command_fifo/Command_fifo/Command_fifo.xdc] for cell 'eMMC_controller_inst0/Finished_Cmd_fifo_inst0/U0'
Parsing XDC File [d:/VivadoProjects/eMMC_Controller_fifo.xpr/eMMC_Controller_4.6.1_tuning.xpr/eMMC_Controller/eMMC_Controller.srcs/sources_1/ip/clk_divided/clk_divided_board.xdc] for cell 'gen_clks/inst'
Finished Parsing XDC File [d:/VivadoProjects/eMMC_Controller_fifo.xpr/eMMC_Controller_4.6.1_tuning.xpr/eMMC_Controller/eMMC_Controller.srcs/sources_1/ip/clk_divided/clk_divided_board.xdc] for cell 'gen_clks/inst'
Parsing XDC File [d:/VivadoProjects/eMMC_Controller_fifo.xpr/eMMC_Controller_4.6.1_tuning.xpr/eMMC_Controller/eMMC_Controller.srcs/sources_1/ip/clk_divided/clk_divided.xdc] for cell 'gen_clks/inst'
INFO: [Timing 38-35] Done setting XDC timing constraints. [d:/VivadoProjects/eMMC_Controller_fifo.xpr/eMMC_Controller_4.6.1_tuning.xpr/eMMC_Controller/eMMC_Controller.srcs/sources_1/ip/clk_divided/clk_divided.xdc:56]
INFO: [Timing 38-2] Deriving generated clocks [d:/VivadoProjects/eMMC_Controller_fifo.xpr/eMMC_Controller_4.6.1_tuning.xpr/eMMC_Controller/eMMC_Controller.srcs/sources_1/ip/clk_divided/clk_divided.xdc:56]
get_clocks: Time (s): cpu = 00:00:14 ; elapsed = 00:00:14 . Memory (MB): peak = 1921.027 ; gain = 60.531
Finished Parsing XDC File [d:/VivadoProjects/eMMC_Controller_fifo.xpr/eMMC_Controller_4.6.1_tuning.xpr/eMMC_Controller/eMMC_Controller.srcs/sources_1/ip/clk_divided/clk_divided.xdc] for cell 'gen_clks/inst'
Parsing XDC File [d:/VivadoProjects/eMMC_Controller_fifo.xpr/eMMC_Controller_4.6.1_tuning.xpr/eMMC_Controller/eMMC_Controller.srcs/sources_1/ip/Data_fifo/Data_fifo/Data_fifo.xdc] for cell 'eMMC_controller_inst0/Read_buffer_final/U0'
Finished Parsing XDC File [d:/VivadoProjects/eMMC_Controller_fifo.xpr/eMMC_Controller_4.6.1_tuning.xpr/eMMC_Controller/eMMC_Controller.srcs/sources_1/ip/Data_fifo/Data_fifo/Data_fifo.xdc] for cell 'eMMC_controller_inst0/Read_buffer_final/U0'
Parsing XDC File [d:/VivadoProjects/eMMC_Controller_fifo.xpr/eMMC_Controller_4.6.1_tuning.xpr/eMMC_Controller/eMMC_Controller.srcs/sources_1/ip/Data_fifo/Data_fifo/Data_fifo.xdc] for cell 'eMMC_controller_inst0/Wr_data_fifo_inst0/U0'
Finished Parsing XDC File [d:/VivadoProjects/eMMC_Controller_fifo.xpr/eMMC_Controller_4.6.1_tuning.xpr/eMMC_Controller/eMMC_Controller.srcs/sources_1/ip/Data_fifo/Data_fifo/Data_fifo.xdc] for cell 'eMMC_controller_inst0/Wr_data_fifo_inst0/U0'
Parsing XDC File [d:/VivadoProjects/eMMC_Controller_fifo.xpr/eMMC_Controller_4.6.1_tuning.xpr/eMMC_Controller/eMMC_Controller.srcs/sources_1/ip/Read_data512B_buffer/Read_data512B_buffer/Read_data512B_buffer.xdc] for cell 'eMMC_controller_inst0/Read_buffer_inst0/U0'
Finished Parsing XDC File [d:/VivadoProjects/eMMC_Controller_fifo.xpr/eMMC_Controller_4.6.1_tuning.xpr/eMMC_Controller/eMMC_Controller.srcs/sources_1/ip/Read_data512B_buffer/Read_data512B_buffer/Read_data512B_buffer.xdc] for cell 'eMMC_controller_inst0/Read_buffer_inst0/U0'
Parsing XDC File [D:/VivadoProjects/eMMC_Controller_fifo.xpr/eMMC_Controller_4.6.1_tuning.xpr/eMMC_Controller/eMMC_Controller.srcs/constrs_2/imports/Constraints/Debug2.xdc]
Finished Parsing XDC File [D:/VivadoProjects/eMMC_Controller_fifo.xpr/eMMC_Controller_4.6.1_tuning.xpr/eMMC_Controller/eMMC_Controller.srcs/constrs_2/imports/Constraints/Debug2.xdc]
Parsing XDC File [D:/VivadoProjects/eMMC_Controller_fifo.xpr/eMMC_Controller_4.6.1_tuning.xpr/eMMC_Controller/eMMC_Controller.srcs/constrs_2/imports/Constraints/PhyConstraint2.xdc]
Finished Parsing XDC File [D:/VivadoProjects/eMMC_Controller_fifo.xpr/eMMC_Controller_4.6.1_tuning.xpr/eMMC_Controller/eMMC_Controller.srcs/constrs_2/imports/Constraints/PhyConstraint2.xdc]
Parsing XDC File [D:/VivadoProjects/eMMC_Controller_fifo.xpr/eMMC_Controller_4.6.1_tuning.xpr/eMMC_Controller/eMMC_Controller.srcs/constrs_2/imports/Constraints/Timing2.xdc]
WARNING: [Vivado 12-508] No pins matched 'eMMC_controller_inst0/ODDR_inst/C'. [D:/VivadoProjects/eMMC_Controller_fifo.xpr/eMMC_Controller_4.6.1_tuning.xpr/eMMC_Controller/eMMC_Controller.srcs/constrs_2/imports/Constraints/Timing2.xdc:11]
CRITICAL WARNING: [Vivado 12-1387] No valid object(s) found for create_generated_clock constraint with option '-source [get_pins eMMC_controller_inst0/ODDR_inst/C]'. [D:/VivadoProjects/eMMC_Controller_fifo.xpr/eMMC_Controller_4.6.1_tuning.xpr/eMMC_Controller/eMMC_Controller.srcs/constrs_2/imports/Constraints/Timing2.xdc:11]
Resolution: Check if the specified object(s) exists in the current design. If it does, ensure that the correct design hierarchy was specified for the object. If you are working with clocks, make sure create_clock was used to create the clock object before it is referenced.
WARNING: [Vivado 12-508] No pins matched 'eMMC_controller_inst0/ODDR_inst/C'. [D:/VivadoProjects/eMMC_Controller_fifo.xpr/eMMC_Controller_4.6.1_tuning.xpr/eMMC_Controller/eMMC_Controller.srcs/constrs_2/imports/Constraints/Timing2.xdc:12]
CRITICAL WARNING: [Vivado 12-1387] No valid object(s) found for create_generated_clock constraint with option '-source [get_pins eMMC_controller_inst0/ODDR_inst/C]'. [D:/VivadoProjects/eMMC_Controller_fifo.xpr/eMMC_Controller_4.6.1_tuning.xpr/eMMC_Controller/eMMC_Controller.srcs/constrs_2/imports/Constraints/Timing2.xdc:12]
Resolution: Check if the specified object(s) exists in the current design. If it does, ensure that the correct design hierarchy was specified for the object. If you are working with clocks, make sure create_clock was used to create the clock object before it is referenced.
WARNING: [Vivado 12-627] No clocks matched 'fwdClk_200M'. [D:/VivadoProjects/eMMC_Controller_fifo.xpr/eMMC_Controller_4.6.1_tuning.xpr/eMMC_Controller/eMMC_Controller.srcs/constrs_2/imports/Constraints/Timing2.xdc:16]
INFO: [Vivado 12-626] No clocks found. Please use 'create_clock' or 'create_generated_clock' command to create clocks. [D:/VivadoProjects/eMMC_Controller_fifo.xpr/eMMC_Controller_4.6.1_tuning.xpr/eMMC_Controller/eMMC_Controller.srcs/constrs_2/imports/Constraints/Timing2.xdc:16]
CRITICAL WARNING: [Vivado 12-1387] No valid object(s) found for set_output_delay constraint with option '-clock [get_clocks fwdClk_200M]'. [D:/VivadoProjects/eMMC_Controller_fifo.xpr/eMMC_Controller_4.6.1_tuning.xpr/eMMC_Controller/eMMC_Controller.srcs/constrs_2/imports/Constraints/Timing2.xdc:16]
Resolution: Check if the specified object(s) exists in the current design. If it does, ensure that the correct design hierarchy was specified for the object. If you are working with clocks, make sure create_clock was used to create the clock object before it is referenced.
Finished Parsing XDC File [D:/VivadoProjects/eMMC_Controller_fifo.xpr/eMMC_Controller_4.6.1_tuning.xpr/eMMC_Controller/eMMC_Controller.srcs/constrs_2/imports/Constraints/Timing2.xdc]
INFO: [Project 1-538] Using original IP XDC constraints instead of the XDC constraints in dcp 'D:/VivadoProjects/eMMC_Controller_fifo.xpr/eMMC_Controller_4.6.1_tuning.xpr/eMMC_Controller/eMMC_Controller.runs/Command_fifo_synth_1/Command_fifo.dcp'
INFO: [Project 1-538] Using original IP XDC constraints instead of the XDC constraints in dcp 'D:/VivadoProjects/eMMC_Controller_fifo.xpr/eMMC_Controller_4.6.1_tuning.xpr/eMMC_Controller/eMMC_Controller.runs/Command_fifo_synth_1/Command_fifo.dcp'
INFO: [Project 1-538] Using original IP XDC constraints instead of the XDC constraints in dcp 'D:/VivadoProjects/eMMC_Controller_fifo.xpr/eMMC_Controller_4.6.1_tuning.xpr/eMMC_Controller/eMMC_Controller.runs/clk_divided_synth_1/clk_divided.dcp'
INFO: [Project 1-538] Using original IP XDC constraints instead of the XDC constraints in dcp 'D:/VivadoProjects/eMMC_Controller_fifo.xpr/eMMC_Controller_4.6.1_tuning.xpr/eMMC_Controller/eMMC_Controller.runs/Data_fifo_synth_1/Data_fifo.dcp'
INFO: [Project 1-538] Using original IP XDC constraints instead of the XDC constraints in dcp 'D:/VivadoProjects/eMMC_Controller_fifo.xpr/eMMC_Controller_4.6.1_tuning.xpr/eMMC_Controller/eMMC_Controller.runs/Data_fifo_synth_1/Data_fifo.dcp'
INFO: [Project 1-538] Using original IP XDC constraints instead of the XDC constraints in dcp 'D:/VivadoProjects/eMMC_Controller_fifo.xpr/eMMC_Controller_4.6.1_tuning.xpr/eMMC_Controller/eMMC_Controller.runs/Read_data512B_buffer_synth_1/Read_data512B_buffer.dcp'
INFO: [Project 1-538] Using original IP XDC constraints instead of the XDC constraints in dcp 'D:/VivadoProjects/eMMC_Controller_fifo.xpr/eMMC_Controller_4.6.1_tuning.xpr/eMMC_Controller/eMMC_Controller.runs/blk_mem_gen_0_synth_1/blk_mem_gen_0.dcp'
INFO: [Opt 31-140] Inserted 1 IBUFs to IO ports without IO buffers.
INFO: [Opt 31-138] Pushed 0 inverter(s) to 0 load pin(s).
INFO: [Project 1-111] Unisim Transformation Summary:
  A total of 9 instances were transformed.
  IOBUF => IOBUF (IBUF, OBUFT): 9 instances

open_run: Time (s): cpu = 00:00:20 ; elapsed = 00:00:19 . Memory (MB): peak = 1921.082 ; gain = 60.586
launch_runs impl_4 -to_step write_bitstream -jobs 2
Writing placer database...
Writing XDEF routing.
Writing XDEF routing logical nets.
Writing XDEF routing special nets.
Write XDEF Complete: Time (s): cpu = 00:00:00 ; elapsed = 00:00:00.072 . Memory (MB): peak = 1921.082 ; gain = 0.000
[Wed Nov 02 19:48:10 2016] Launched impl_4...
Run output will be captured here: D:/VivadoProjects/eMMC_Controller_fifo.xpr/eMMC_Controller_4.6.1_tuning.xpr/eMMC_Controller/eMMC_Controller.runs/impl_4/runme.log
open_hw
connect_hw_server
INFO: [Labtools 27-2285] Connecting to hw_server url TCP:localhost:3121
INFO: [Labtools 27-2222] Launching hw_server...
INFO: [Labtools 27-2221] Launch Output:

****** Xilinx hw_server v2015.4
  **** Build date : Nov 17 2015-18:01:07
    ** Copyright 1986-1999, 2001-2015 Xilinx, Inc. All Rights Reserved.


open_hw_target
INFO: [Labtoolstcl 44-466] Opening hw_target localhost:3121/xilinx_tcf/Digilent/210248686087
set_property PROGRAM.FILE {D:/VivadoProjects/eMMC_Controller_fifo.xpr/eMMC_Controller_4.6.1_tuning.xpr/eMMC_Controller/eMMC_Controller.runs/impl_4/Test_eMMC_Controller.bit} [lindex [get_hw_devices] 1]
set_property PROBES.FILE {D:/VivadoProjects/eMMC_Controller_fifo.xpr/eMMC_Controller_4.6.1_tuning.xpr/eMMC_Controller/eMMC_Controller.runs/impl_4/debug_nets.ltx} [lindex [get_hw_devices] 1]
current_hw_device [lindex [get_hw_devices] 1]
refresh_hw_device [lindex [get_hw_devices] 1]
INFO: [Labtools 27-1435] Device xc7z020 (JTAG device index = 1) is not programmed (DONE status = 0).
set_property PROBES.FILE {D:/VivadoProjects/eMMC_Controller_fifo.xpr/eMMC_Controller_4.6.1_tuning.xpr/eMMC_Controller/eMMC_Controller.runs/impl_4/debug_nets.ltx} [lindex [get_hw_devices] 1]
set_property PROGRAM.FILE {D:/VivadoProjects/eMMC_Controller_fifo.xpr/eMMC_Controller_4.6.1_tuning.xpr/eMMC_Controller/eMMC_Controller.runs/impl_4/Test_eMMC_Controller.bit} [lindex [get_hw_devices] 1]
program_hw_devices [lindex [get_hw_devices] 1]
INFO: [Labtools 27-3164] End of startup status: HIGH
refresh_hw_device [lindex [get_hw_devices] 1]
INFO: [Labtools 27-2302] Device xc7z020 (JTAG device index = 1) is programmed with a design that has 1 ILA core(s).
display_hw_ila_data [ get_hw_ila_data hw_ila_data_1 -of_objects [get_hw_ilas -of_objects [get_hw_devices xc7z020_1] -filter {CELL_NAME=~"u_ila_0"}]]
run_hw_ila [get_hw_ilas -of_objects [get_hw_devices xc7z020_1] -filter {CELL_NAME=~"u_ila_0"}] -trigger_now
INFO: [Labtools 27-1964] The ILA core 'hw_ila_1' trigger was armed at 2016-Nov-02 20:46:29
wait_on_hw_ila [get_hw_ilas -of_objects [get_hw_devices xc7z020_1] -filter {CELL_NAME=~"u_ila_0"}]
display_hw_ila_data [upload_hw_ila_data [get_hw_ilas -of_objects [get_hw_devices xc7z020_1] -filter {CELL_NAME=~"u_ila_0"}]]
INFO: [Labtools 27-1966] The ILA core 'hw_ila_1' triggered at 2016-Nov-02 20:46:29
run_hw_ila [get_hw_ilas -of_objects [get_hw_devices xc7z020_1] -filter {CELL_NAME=~"u_ila_0"}] -trigger_now
INFO: [Labtools 27-1964] The ILA core 'hw_ila_1' trigger was armed at 2016-Nov-02 20:46:37
wait_on_hw_ila [get_hw_ilas -of_objects [get_hw_devices xc7z020_1] -filter {CELL_NAME=~"u_ila_0"}]
display_hw_ila_data [upload_hw_ila_data [get_hw_ilas -of_objects [get_hw_devices xc7z020_1] -filter {CELL_NAME=~"u_ila_0"}]]
INFO: [Labtools 27-1966] The ILA core 'hw_ila_1' triggered at 2016-Nov-02 20:46:37
set_property TRIGGER_COMPARE_VALUE eq5'h11 [get_hw_probes eMMC_controller_inst0/Steps_Curr_State -of_objects [get_hw_ilas -of_objects [get_hw_devices xc7z020_1] -filter {CELL_NAME=~"u_ila_0"}]]
run_hw_ila [get_hw_ilas -of_objects [get_hw_devices xc7z020_1] -filter {CELL_NAME=~"u_ila_0"}]
INFO: [Labtools 27-1964] The ILA core 'hw_ila_1' trigger was armed at 2016-Nov-02 20:47:08
wait_on_hw_ila [get_hw_ilas -of_objects [get_hw_devices xc7z020_1] -filter {CELL_NAME=~"u_ila_0"}]
display_hw_ila_data [upload_hw_ila_data [get_hw_ilas -of_objects [get_hw_devices xc7z020_1] -filter {CELL_NAME=~"u_ila_0"}]]
INFO: [Labtools 27-1966] The ILA core 'hw_ila_1' triggered at 2016-Nov-02 20:47:09
add_wave -into {hw_ila_data_1.wcfg} -radix hex {eMMC_controller_inst0/rd_data_final}
add_wave -into {hw_ila_data_1.wcfg} -radix hex {eMMC_controller_inst0/fifo_wr_en}
run_hw_ila [get_hw_ilas -of_objects [get_hw_devices xc7z020_1] -filter {CELL_NAME=~"u_ila_0"}] -trigger_now
INFO: [Labtools 27-1964] The ILA core 'hw_ila_1' trigger was armed at 2016-Nov-02 20:48:14
wait_on_hw_ila [get_hw_ilas -of_objects [get_hw_devices xc7z020_1] -filter {CELL_NAME=~"u_ila_0"}]
display_hw_ila_data [upload_hw_ila_data [get_hw_ilas -of_objects [get_hw_devices xc7z020_1] -filter {CELL_NAME=~"u_ila_0"}]]
INFO: [Labtools 27-1966] The ILA core 'hw_ila_1' triggered at 2016-Nov-02 20:48:14
run_hw_ila [get_hw_ilas -of_objects [get_hw_devices xc7z020_1] -filter {CELL_NAME=~"u_ila_0"}]
INFO: [Labtools 27-1964] The ILA core 'hw_ila_1' trigger was armed at 2016-Nov-02 20:48:15
wait_on_hw_ila [get_hw_ilas -of_objects [get_hw_devices xc7z020_1] -filter {CELL_NAME=~"u_ila_0"}]
display_hw_ila_data [upload_hw_ila_data [get_hw_ilas -of_objects [get_hw_devices xc7z020_1] -filter {CELL_NAME=~"u_ila_0"}]]
INFO: [Labtools 27-1966] The ILA core 'hw_ila_1' triggered at 2016-Nov-02 20:48:18
set_property TRIGGER_COMPARE_VALUE eq5'h0D [get_hw_probes eMMC_controller_inst0/Steps_Curr_State -of_objects [get_hw_ilas -of_objects [get_hw_devices xc7z020_1] -filter {CELL_NAME=~"u_ila_0"}]]
set_property TRIGGER_COMPARE_VALUE eq8'hFD [get_hw_probes eMMC_controller_inst0/Device_data_temp_p -of_objects [get_hw_ilas -of_objects [get_hw_devices xc7z020_1] -filter {CELL_NAME=~"u_ila_0"}]]
run_hw_ila [get_hw_ilas -of_objects [get_hw_devices xc7z020_1] -filter {CELL_NAME=~"u_ila_0"}]
INFO: [Labtools 27-1964] The ILA core 'hw_ila_1' trigger was armed at 2016-Nov-02 20:48:46
wait_on_hw_ila [get_hw_ilas -of_objects [get_hw_devices xc7z020_1] -filter {CELL_NAME=~"u_ila_0"}]
display_hw_ila_data [upload_hw_ila_data [get_hw_ilas -of_objects [get_hw_devices xc7z020_1] -filter {CELL_NAME=~"u_ila_0"}]]
INFO: [Labtools 27-1966] The ILA core 'hw_ila_1' triggered at 2016-Nov-02 20:48:47
set_property TRIGGER_COMPARE_VALUE eq8'hFC [get_hw_probes eMMC_controller_inst0/Device_data_temp_p -of_objects [get_hw_ilas -of_objects [get_hw_devices xc7z020_1] -filter {CELL_NAME=~"u_ila_0"}]]
run_hw_ila [get_hw_ilas -of_objects [get_hw_devices xc7z020_1] -filter {CELL_NAME=~"u_ila_0"}]
INFO: [Labtools 27-1964] The ILA core 'hw_ila_1' trigger was armed at 2016-Nov-02 20:50:35
wait_on_hw_ila [get_hw_ilas -of_objects [get_hw_devices xc7z020_1] -filter {CELL_NAME=~"u_ila_0"}]
display_hw_ila_data [upload_hw_ila_data [get_hw_ilas -of_objects [get_hw_devices xc7z020_1] -filter {CELL_NAME=~"u_ila_0"}]]
INFO: [Labtools 27-1966] The ILA core 'hw_ila_1' triggered at 2016-Nov-02 20:50:37
set_property TRIGGER_COMPARE_VALUE eq8'hFE [get_hw_probes eMMC_controller_inst0/Device_data_temp_p -of_objects [get_hw_ilas -of_objects [get_hw_devices xc7z020_1] -filter {CELL_NAME=~"u_ila_0"}]]
set_property TRIGGER_COMPARE_VALUE eq8'hFE [get_hw_probes eMMC_controller_inst0/Device_data_temp_n -of_objects [get_hw_ilas -of_objects [get_hw_devices xc7z020_1] -filter {CELL_NAME=~"u_ila_0"}]]
run_hw_ila [get_hw_ilas -of_objects [get_hw_devices xc7z020_1] -filter {CELL_NAME=~"u_ila_0"}]
INFO: [Labtools 27-1964] The ILA core 'hw_ila_1' trigger was armed at 2016-Nov-02 20:51:26
wait_on_hw_ila [get_hw_ilas -of_objects [get_hw_devices xc7z020_1] -filter {CELL_NAME=~"u_ila_0"}]
display_hw_ila_data [upload_hw_ila_data [get_hw_ilas -of_objects [get_hw_devices xc7z020_1] -filter {CELL_NAME=~"u_ila_0"}]]
INFO: [Labtools 27-1966] The ILA core 'hw_ila_1' triggered at 2016-Nov-02 20:51:27
save_wave_config {D:/VivadoProjects/eMMC_Controller_fifo.xpr/eMMC_Controller_4.6.1_tuning.xpr/eMMC_Controller/eMMC_Controller.hw/hw_1/wave/hw_ila_data_1/hw_ila_data_1.wcfg}
close_hw
close_design
reset_run synth_4
launch_runs synth_4 -jobs 2
INFO: [HDL 9-2216] Analyzing Verilog file "D:/VivadoProjects/eMMC_Controller_fifo.xpr/eMMC_Controller_4.6.1_tuning.xpr/eMMC_Controller/eMMC_Controller.srcs/sources_1/imports/sources/CRC16.v" into library work [D:/VivadoProjects/eMMC_Controller_fifo.xpr/eMMC_Controller_4.6.1_tuning.xpr/eMMC_Controller/eMMC_Controller.srcs/sources_1/imports/sources/CRC16.v:1]
INFO: [HDL 9-2216] Analyzing Verilog file "D:/VivadoProjects/eMMC_Controller_fifo.xpr/eMMC_Controller_4.6.1_tuning.xpr/eMMC_Controller/eMMC_Controller.srcs/sources_1/imports/sources/CRC16_Check.v" into library work [D:/VivadoProjects/eMMC_Controller_fifo.xpr/eMMC_Controller_4.6.1_tuning.xpr/eMMC_Controller/eMMC_Controller.srcs/sources_1/imports/sources/CRC16_Check.v:1]
INFO: [HDL 9-2216] Analyzing Verilog file "D:/VivadoProjects/eMMC_Controller_fifo.xpr/eMMC_Controller_4.6.1_tuning.xpr/eMMC_Controller/eMMC_Controller.srcs/sources_1/imports/sources/CRC7.v" into library work [D:/VivadoProjects/eMMC_Controller_fifo.xpr/eMMC_Controller_4.6.1_tuning.xpr/eMMC_Controller/eMMC_Controller.srcs/sources_1/imports/sources/CRC7.v:1]
INFO: [HDL 9-2216] Analyzing Verilog file "D:/VivadoProjects/eMMC_Controller_fifo.xpr/eMMC_Controller_4.6.1_tuning.xpr/eMMC_Controller/eMMC_Controller.srcs/sources_1/imports/sources/CRC7_400K.v" into library work [D:/VivadoProjects/eMMC_Controller_fifo.xpr/eMMC_Controller_4.6.1_tuning.xpr/eMMC_Controller/eMMC_Controller.srcs/sources_1/imports/sources/CRC7_400K.v:1]
INFO: [HDL 9-2216] Analyzing Verilog file "D:/VivadoProjects/eMMC_Controller_fifo.xpr/eMMC_Controller_4.6.1_tuning.xpr/eMMC_Controller/eMMC_Controller.srcs/sources_1/imports/sources/CRC7_Check.v" into library work [D:/VivadoProjects/eMMC_Controller_fifo.xpr/eMMC_Controller_4.6.1_tuning.xpr/eMMC_Controller/eMMC_Controller.srcs/sources_1/imports/sources/CRC7_Check.v:1]
INFO: [HDL 9-2216] Analyzing Verilog file "D:/VivadoProjects/eMMC_Controller_fifo.xpr/eMMC_Controller_4.6.1_tuning.xpr/eMMC_Controller/eMMC_Controller.srcs/sources_1/imports/sources/Test_eMMC_Controller.v" into library work [D:/VivadoProjects/eMMC_Controller_fifo.xpr/eMMC_Controller_4.6.1_tuning.xpr/eMMC_Controller/eMMC_Controller.srcs/sources_1/imports/sources/Test_eMMC_Controller.v:1]
INFO: [HDL 9-2216] Analyzing Verilog file "D:/VivadoProjects/eMMC_Controller_fifo.xpr/eMMC_Controller_4.6.1_tuning.xpr/eMMC_Controller/eMMC_Controller.srcs/sources_1/imports/sources/eMMC_controller.v" into library work [D:/VivadoProjects/eMMC_Controller_fifo.xpr/eMMC_Controller_4.6.1_tuning.xpr/eMMC_Controller/eMMC_Controller.srcs/sources_1/imports/sources/eMMC_controller.v:1]
INFO: [HDL 9-1065] Parsing verilog file "D:/VivadoProjects/eMMC_Controller_fifo.xpr/eMMC_Controller_4.6.1_tuning.xpr/eMMC_Controller/eMMC_Controller.srcs/sources_1/imports/sources/Define.vh" included at line 23. [D:/VivadoProjects/eMMC_Controller_fifo.xpr/eMMC_Controller_4.6.1_tuning.xpr/eMMC_Controller/eMMC_Controller.srcs/sources_1/imports/sources/eMMC_controller.v:23]
INFO: [HDL 9-1065] Parsing verilog file "D:/VivadoProjects/eMMC_Controller_fifo.xpr/eMMC_Controller_4.6.1_tuning.xpr/eMMC_Controller/eMMC_Controller.srcs/sources_1/imports/sources/log2.vh" included at line 62. [D:/VivadoProjects/eMMC_Controller_fifo.xpr/eMMC_Controller_4.6.1_tuning.xpr/eMMC_Controller/eMMC_Controller.srcs/sources_1/imports/sources/eMMC_controller.v:62]
INFO: [HDL 9-1065] Parsing verilog file "D:/VivadoProjects/eMMC_Controller_fifo.xpr/eMMC_Controller_4.6.1_tuning.xpr/eMMC_Controller/eMMC_Controller.srcs/sources_1/imports/sources/Parameter.vh" included at line 63. [D:/VivadoProjects/eMMC_Controller_fifo.xpr/eMMC_Controller_4.6.1_tuning.xpr/eMMC_Controller/eMMC_Controller.srcs/sources_1/imports/sources/eMMC_controller.v:63]
[Wed Nov 02 20:53:47 2016] Launched synth_4...
Run output will be captured here: D:/VivadoProjects/eMMC_Controller_fifo.xpr/eMMC_Controller_4.6.1_tuning.xpr/eMMC_Controller/eMMC_Controller.runs/synth_4/runme.log
open_run synth_4 -name synth_4
Design is defaulting to impl run constrset: constrs_2
Design is defaulting to synth run part: xc7z020clg484-1
INFO: [Project 1-454] Reading design checkpoint 'D:/VivadoProjects/eMMC_Controller_fifo.xpr/eMMC_Controller_4.6.1_tuning.xpr/eMMC_Controller/eMMC_Controller.runs/Command_fifo_synth_1/Command_fifo.dcp' for cell 'eMMC_controller_inst0/Command_fifo_inst0'
INFO: [Project 1-454] Reading design checkpoint 'D:/VivadoProjects/eMMC_Controller_fifo.xpr/eMMC_Controller_4.6.1_tuning.xpr/eMMC_Controller/eMMC_Controller.runs/Command_fifo_synth_1/Command_fifo.dcp' for cell 'eMMC_controller_inst0/Finished_Cmd_fifo_inst0'
INFO: [Project 1-454] Reading design checkpoint 'D:/VivadoProjects/eMMC_Controller_fifo.xpr/eMMC_Controller_4.6.1_tuning.xpr/eMMC_Controller/eMMC_Controller.runs/clk_divided_synth_1/clk_divided.dcp' for cell 'gen_clks'
INFO: [Project 1-454] Reading design checkpoint 'D:/VivadoProjects/eMMC_Controller_fifo.xpr/eMMC_Controller_4.6.1_tuning.xpr/eMMC_Controller/eMMC_Controller.runs/Data_fifo_synth_1/Data_fifo.dcp' for cell 'eMMC_controller_inst0/Read_buffer_final'
INFO: [Project 1-454] Reading design checkpoint 'D:/VivadoProjects/eMMC_Controller_fifo.xpr/eMMC_Controller_4.6.1_tuning.xpr/eMMC_Controller/eMMC_Controller.runs/Data_fifo_synth_1/Data_fifo.dcp' for cell 'eMMC_controller_inst0/Wr_data_fifo_inst0'
INFO: [Project 1-454] Reading design checkpoint 'D:/VivadoProjects/eMMC_Controller_fifo.xpr/eMMC_Controller_4.6.1_tuning.xpr/eMMC_Controller/eMMC_Controller.runs/Read_data512B_buffer_synth_1/Read_data512B_buffer.dcp' for cell 'eMMC_controller_inst0/Read_buffer_inst0'
INFO: [Project 1-454] Reading design checkpoint 'D:/VivadoProjects/eMMC_Controller_fifo.xpr/eMMC_Controller_4.6.1_tuning.xpr/eMMC_Controller/eMMC_Controller.runs/blk_mem_gen_0_synth_1/blk_mem_gen_0.dcp' for cell 'eMMC_controller_inst0/write_buffer_inst0'
INFO: [Netlist 29-17] Analyzing 89 Unisim elements for replacement
INFO: [Netlist 29-28] Unisim Transformation completed in 0 CPU seconds
INFO: [Project 1-479] Netlist was created with Vivado 2015.4
INFO: [Project 1-570] Preparing netlist for logic optimization
Parsing XDC File [d:/VivadoProjects/eMMC_Controller_fifo.xpr/eMMC_Controller_4.6.1_tuning.xpr/eMMC_Controller/eMMC_Controller.srcs/sources_1/ip/Command_fifo/Command_fifo/Command_fifo.xdc] for cell 'eMMC_controller_inst0/Command_fifo_inst0/U0'
Finished Parsing XDC File [d:/VivadoProjects/eMMC_Controller_fifo.xpr/eMMC_Controller_4.6.1_tuning.xpr/eMMC_Controller/eMMC_Controller.srcs/sources_1/ip/Command_fifo/Command_fifo/Command_fifo.xdc] for cell 'eMMC_controller_inst0/Command_fifo_inst0/U0'
Parsing XDC File [d:/VivadoProjects/eMMC_Controller_fifo.xpr/eMMC_Controller_4.6.1_tuning.xpr/eMMC_Controller/eMMC_Controller.srcs/sources_1/ip/Command_fifo/Command_fifo/Command_fifo.xdc] for cell 'eMMC_controller_inst0/Finished_Cmd_fifo_inst0/U0'
Finished Parsing XDC File [d:/VivadoProjects/eMMC_Controller_fifo.xpr/eMMC_Controller_4.6.1_tuning.xpr/eMMC_Controller/eMMC_Controller.srcs/sources_1/ip/Command_fifo/Command_fifo/Command_fifo.xdc] for cell 'eMMC_controller_inst0/Finished_Cmd_fifo_inst0/U0'
Parsing XDC File [d:/VivadoProjects/eMMC_Controller_fifo.xpr/eMMC_Controller_4.6.1_tuning.xpr/eMMC_Controller/eMMC_Controller.srcs/sources_1/ip/clk_divided/clk_divided_board.xdc] for cell 'gen_clks/inst'
Finished Parsing XDC File [d:/VivadoProjects/eMMC_Controller_fifo.xpr/eMMC_Controller_4.6.1_tuning.xpr/eMMC_Controller/eMMC_Controller.srcs/sources_1/ip/clk_divided/clk_divided_board.xdc] for cell 'gen_clks/inst'
Parsing XDC File [d:/VivadoProjects/eMMC_Controller_fifo.xpr/eMMC_Controller_4.6.1_tuning.xpr/eMMC_Controller/eMMC_Controller.srcs/sources_1/ip/clk_divided/clk_divided.xdc] for cell 'gen_clks/inst'
INFO: [Timing 38-35] Done setting XDC timing constraints. [d:/VivadoProjects/eMMC_Controller_fifo.xpr/eMMC_Controller_4.6.1_tuning.xpr/eMMC_Controller/eMMC_Controller.srcs/sources_1/ip/clk_divided/clk_divided.xdc:56]
INFO: [Timing 38-2] Deriving generated clocks [d:/VivadoProjects/eMMC_Controller_fifo.xpr/eMMC_Controller_4.6.1_tuning.xpr/eMMC_Controller/eMMC_Controller.srcs/sources_1/ip/clk_divided/clk_divided.xdc:56]
get_clocks: Time (s): cpu = 00:00:15 ; elapsed = 00:00:15 . Memory (MB): peak = 1926.176 ; gain = 5.094
Finished Parsing XDC File [d:/VivadoProjects/eMMC_Controller_fifo.xpr/eMMC_Controller_4.6.1_tuning.xpr/eMMC_Controller/eMMC_Controller.srcs/sources_1/ip/clk_divided/clk_divided.xdc] for cell 'gen_clks/inst'
Parsing XDC File [d:/VivadoProjects/eMMC_Controller_fifo.xpr/eMMC_Controller_4.6.1_tuning.xpr/eMMC_Controller/eMMC_Controller.srcs/sources_1/ip/Data_fifo/Data_fifo/Data_fifo.xdc] for cell 'eMMC_controller_inst0/Read_buffer_final/U0'
Finished Parsing XDC File [d:/VivadoProjects/eMMC_Controller_fifo.xpr/eMMC_Controller_4.6.1_tuning.xpr/eMMC_Controller/eMMC_Controller.srcs/sources_1/ip/Data_fifo/Data_fifo/Data_fifo.xdc] for cell 'eMMC_controller_inst0/Read_buffer_final/U0'
Parsing XDC File [d:/VivadoProjects/eMMC_Controller_fifo.xpr/eMMC_Controller_4.6.1_tuning.xpr/eMMC_Controller/eMMC_Controller.srcs/sources_1/ip/Data_fifo/Data_fifo/Data_fifo.xdc] for cell 'eMMC_controller_inst0/Wr_data_fifo_inst0/U0'
Finished Parsing XDC File [d:/VivadoProjects/eMMC_Controller_fifo.xpr/eMMC_Controller_4.6.1_tuning.xpr/eMMC_Controller/eMMC_Controller.srcs/sources_1/ip/Data_fifo/Data_fifo/Data_fifo.xdc] for cell 'eMMC_controller_inst0/Wr_data_fifo_inst0/U0'
Parsing XDC File [d:/VivadoProjects/eMMC_Controller_fifo.xpr/eMMC_Controller_4.6.1_tuning.xpr/eMMC_Controller/eMMC_Controller.srcs/sources_1/ip/Read_data512B_buffer/Read_data512B_buffer/Read_data512B_buffer.xdc] for cell 'eMMC_controller_inst0/Read_buffer_inst0/U0'
Finished Parsing XDC File [d:/VivadoProjects/eMMC_Controller_fifo.xpr/eMMC_Controller_4.6.1_tuning.xpr/eMMC_Controller/eMMC_Controller.srcs/sources_1/ip/Read_data512B_buffer/Read_data512B_buffer/Read_data512B_buffer.xdc] for cell 'eMMC_controller_inst0/Read_buffer_inst0/U0'
Parsing XDC File [D:/VivadoProjects/eMMC_Controller_fifo.xpr/eMMC_Controller_4.6.1_tuning.xpr/eMMC_Controller/eMMC_Controller.srcs/constrs_2/imports/Constraints/Debug2.xdc]
Finished Parsing XDC File [D:/VivadoProjects/eMMC_Controller_fifo.xpr/eMMC_Controller_4.6.1_tuning.xpr/eMMC_Controller/eMMC_Controller.srcs/constrs_2/imports/Constraints/Debug2.xdc]
Parsing XDC File [D:/VivadoProjects/eMMC_Controller_fifo.xpr/eMMC_Controller_4.6.1_tuning.xpr/eMMC_Controller/eMMC_Controller.srcs/constrs_2/imports/Constraints/PhyConstraint2.xdc]
Finished Parsing XDC File [D:/VivadoProjects/eMMC_Controller_fifo.xpr/eMMC_Controller_4.6.1_tuning.xpr/eMMC_Controller/eMMC_Controller.srcs/constrs_2/imports/Constraints/PhyConstraint2.xdc]
Parsing XDC File [D:/VivadoProjects/eMMC_Controller_fifo.xpr/eMMC_Controller_4.6.1_tuning.xpr/eMMC_Controller/eMMC_Controller.srcs/constrs_2/imports/Constraints/Timing2.xdc]
WARNING: [Vivado 12-508] No pins matched 'eMMC_controller_inst0/ODDR_inst/C'. [D:/VivadoProjects/eMMC_Controller_fifo.xpr/eMMC_Controller_4.6.1_tuning.xpr/eMMC_Controller/eMMC_Controller.srcs/constrs_2/imports/Constraints/Timing2.xdc:11]
CRITICAL WARNING: [Vivado 12-1387] No valid object(s) found for create_generated_clock constraint with option '-source [get_pins eMMC_controller_inst0/ODDR_inst/C]'. [D:/VivadoProjects/eMMC_Controller_fifo.xpr/eMMC_Controller_4.6.1_tuning.xpr/eMMC_Controller/eMMC_Controller.srcs/constrs_2/imports/Constraints/Timing2.xdc:11]
Resolution: Check if the specified object(s) exists in the current design. If it does, ensure that the correct design hierarchy was specified for the object. If you are working with clocks, make sure create_clock was used to create the clock object before it is referenced.
WARNING: [Vivado 12-508] No pins matched 'eMMC_controller_inst0/ODDR_inst/C'. [D:/VivadoProjects/eMMC_Controller_fifo.xpr/eMMC_Controller_4.6.1_tuning.xpr/eMMC_Controller/eMMC_Controller.srcs/constrs_2/imports/Constraints/Timing2.xdc:12]
CRITICAL WARNING: [Vivado 12-1387] No valid object(s) found for create_generated_clock constraint with option '-source [get_pins eMMC_controller_inst0/ODDR_inst/C]'. [D:/VivadoProjects/eMMC_Controller_fifo.xpr/eMMC_Controller_4.6.1_tuning.xpr/eMMC_Controller/eMMC_Controller.srcs/constrs_2/imports/Constraints/Timing2.xdc:12]
Resolution: Check if the specified object(s) exists in the current design. If it does, ensure that the correct design hierarchy was specified for the object. If you are working with clocks, make sure create_clock was used to create the clock object before it is referenced.
WARNING: [Vivado 12-627] No clocks matched 'fwdClk_200M'. [D:/VivadoProjects/eMMC_Controller_fifo.xpr/eMMC_Controller_4.6.1_tuning.xpr/eMMC_Controller/eMMC_Controller.srcs/constrs_2/imports/Constraints/Timing2.xdc:16]
INFO: [Vivado 12-626] No clocks found. Please use 'create_clock' or 'create_generated_clock' command to create clocks. [D:/VivadoProjects/eMMC_Controller_fifo.xpr/eMMC_Controller_4.6.1_tuning.xpr/eMMC_Controller/eMMC_Controller.srcs/constrs_2/imports/Constraints/Timing2.xdc:16]
CRITICAL WARNING: [Vivado 12-1387] No valid object(s) found for set_output_delay constraint with option '-clock [get_clocks fwdClk_200M]'. [D:/VivadoProjects/eMMC_Controller_fifo.xpr/eMMC_Controller_4.6.1_tuning.xpr/eMMC_Controller/eMMC_Controller.srcs/constrs_2/imports/Constraints/Timing2.xdc:16]
Resolution: Check if the specified object(s) exists in the current design. If it does, ensure that the correct design hierarchy was specified for the object. If you are working with clocks, make sure create_clock was used to create the clock object before it is referenced.
Finished Parsing XDC File [D:/VivadoProjects/eMMC_Controller_fifo.xpr/eMMC_Controller_4.6.1_tuning.xpr/eMMC_Controller/eMMC_Controller.srcs/constrs_2/imports/Constraints/Timing2.xdc]
INFO: [Project 1-538] Using original IP XDC constraints instead of the XDC constraints in dcp 'D:/VivadoProjects/eMMC_Controller_fifo.xpr/eMMC_Controller_4.6.1_tuning.xpr/eMMC_Controller/eMMC_Controller.runs/Command_fifo_synth_1/Command_fifo.dcp'
INFO: [Project 1-538] Using original IP XDC constraints instead of the XDC constraints in dcp 'D:/VivadoProjects/eMMC_Controller_fifo.xpr/eMMC_Controller_4.6.1_tuning.xpr/eMMC_Controller/eMMC_Controller.runs/Command_fifo_synth_1/Command_fifo.dcp'
INFO: [Project 1-538] Using original IP XDC constraints instead of the XDC constraints in dcp 'D:/VivadoProjects/eMMC_Controller_fifo.xpr/eMMC_Controller_4.6.1_tuning.xpr/eMMC_Controller/eMMC_Controller.runs/clk_divided_synth_1/clk_divided.dcp'
INFO: [Project 1-538] Using original IP XDC constraints instead of the XDC constraints in dcp 'D:/VivadoProjects/eMMC_Controller_fifo.xpr/eMMC_Controller_4.6.1_tuning.xpr/eMMC_Controller/eMMC_Controller.runs/Data_fifo_synth_1/Data_fifo.dcp'
INFO: [Project 1-538] Using original IP XDC constraints instead of the XDC constraints in dcp 'D:/VivadoProjects/eMMC_Controller_fifo.xpr/eMMC_Controller_4.6.1_tuning.xpr/eMMC_Controller/eMMC_Controller.runs/Data_fifo_synth_1/Data_fifo.dcp'
INFO: [Project 1-538] Using original IP XDC constraints instead of the XDC constraints in dcp 'D:/VivadoProjects/eMMC_Controller_fifo.xpr/eMMC_Controller_4.6.1_tuning.xpr/eMMC_Controller/eMMC_Controller.runs/Read_data512B_buffer_synth_1/Read_data512B_buffer.dcp'
INFO: [Project 1-538] Using original IP XDC constraints instead of the XDC constraints in dcp 'D:/VivadoProjects/eMMC_Controller_fifo.xpr/eMMC_Controller_4.6.1_tuning.xpr/eMMC_Controller/eMMC_Controller.runs/blk_mem_gen_0_synth_1/blk_mem_gen_0.dcp'
INFO: [Opt 31-140] Inserted 1 IBUFs to IO ports without IO buffers.
INFO: [Opt 31-138] Pushed 0 inverter(s) to 0 load pin(s).
INFO: [Project 1-111] Unisim Transformation Summary:
  A total of 9 instances were transformed.
  IOBUF => IOBUF (IBUF, OBUFT): 9 instances

open_run: Time (s): cpu = 00:00:20 ; elapsed = 00:00:19 . Memory (MB): peak = 1926.191 ; gain = 5.109
show_objects -name find_1 [get_nets -hierarchical -top_net_of_hierarchical_group -filter { NAME =~  "*Fifo_bit_counter*" } ]
delete_debug_port [get_debug_ports {u_ila_0/probe2 }]
show_objects -name find_1 [get_nets -hierarchical -top_net_of_hierarchical_group -filter { NAME =~  "*Fifo_bit_counter*" } ]
set_property mark_debug true [get_nets [list {eMMC_controller_inst0/Fifo_bit_counter_reg__0[0]} {eMMC_controller_inst0/Fifo_bit_counter_reg__0[1]} {eMMC_controller_inst0/Fifo_bit_counter_reg__0[2]} {eMMC_controller_inst0/Fifo_bit_counter_reg__0[3]} {eMMC_controller_inst0/Fifo_bit_counter_reg__0[5]} {eMMC_controller_inst0/Fifo_bit_counter_reg__0[7]} {eMMC_controller_inst0/Fifo_bit_counter_reg__0[4]} {eMMC_controller_inst0/Fifo_bit_counter_reg__0[6]} {eMMC_controller_inst0/Fifo_bit_counter_reg__0[8]}]]
create_debug_port u_ila_0 probe
set_property port_width 9 [get_debug_ports u_ila_0/probe9]
connect_debug_port u_ila_0/probe9 [get_nets [list {eMMC_controller_inst0/Fifo_bit_counter_reg__0[0]} {eMMC_controller_inst0/Fifo_bit_counter_reg__0[1]} {eMMC_controller_inst0/Fifo_bit_counter_reg__0[2]} {eMMC_controller_inst0/Fifo_bit_counter_reg__0[3]} {eMMC_controller_inst0/Fifo_bit_counter_reg__0[4]} {eMMC_controller_inst0/Fifo_bit_counter_reg__0[5]} {eMMC_controller_inst0/Fifo_bit_counter_reg__0[6]} {eMMC_controller_inst0/Fifo_bit_counter_reg__0[7]} {eMMC_controller_inst0/Fifo_bit_counter_reg__0[8]} ]]
show_objects -name find_1 [get_nets -hierarchical -top_net_of_hierarchical_group -filter { NAME =~  "*fifo_wr_start*" } ]
set_property mark_debug true [get_nets [list eMMC_controller_inst0/fifo_wr_start]]
create_debug_port u_ila_0 probe
connect_debug_port u_ila_0/probe10 [get_nets [list eMMC_controller_inst0/fifo_wr_start ]]
save_constraints
launch_runs impl_4 -to_step write_bitstream -jobs 2
Writing placer database...
Writing XDEF routing.
Writing XDEF routing logical nets.
Writing XDEF routing special nets.
Write XDEF Complete: Time (s): cpu = 00:00:00 ; elapsed = 00:00:00.070 . Memory (MB): peak = 1926.191 ; gain = 0.000
[Wed Nov 02 20:59:04 2016] Launched impl_4...
Run output will be captured here: D:/VivadoProjects/eMMC_Controller_fifo.xpr/eMMC_Controller_4.6.1_tuning.xpr/eMMC_Controller/eMMC_Controller.runs/impl_4/runme.log
open_hw
connect_hw_server
INFO: [Labtools 27-2285] Connecting to hw_server url TCP:localhost:3121
INFO: [Labtools 27-2222] Launching hw_server...
INFO: [Labtools 27-2221] Launch Output:

****** Xilinx hw_server v2015.4
  **** Build date : Nov 17 2015-18:01:07
    ** Copyright 1986-1999, 2001-2015 Xilinx, Inc. All Rights Reserved.


open_hw_target
INFO: [Labtoolstcl 44-466] Opening hw_target localhost:3121/xilinx_tcf/Digilent/210248686087
set_property PROGRAM.FILE {D:/VivadoProjects/eMMC_Controller_fifo.xpr/eMMC_Controller_4.6.1_tuning.xpr/eMMC_Controller/eMMC_Controller.runs/impl_4/Test_eMMC_Controller.bit} [lindex [get_hw_devices] 1]
set_property PROBES.FILE {D:/VivadoProjects/eMMC_Controller_fifo.xpr/eMMC_Controller_4.6.1_tuning.xpr/eMMC_Controller/eMMC_Controller.runs/impl_4/debug_nets.ltx} [lindex [get_hw_devices] 1]
current_hw_device [lindex [get_hw_devices] 1]
refresh_hw_device [lindex [get_hw_devices] 1]
INFO: [Labtools 27-2302] Device xc7z020 (JTAG device index = 1) is programmed with a design that has 1 ILA core(s).
ERROR: [Labtools 27-3222] Mismatch between the design programmed into the device xc7z020 (JTAG device index = 1) and the probes file D:/VivadoProjects/eMMC_Controller_fifo.xpr/eMMC_Controller_4.6.1_tuning.xpr/eMMC_Controller/eMMC_Controller.runs/impl_4/debug_nets.ltx.
 The hw_probe  in the probes file has port index 10. This port does not exist in the ILA core at location (user chain=1 index=0).
ERROR: [Xicom 50-38] xicom: Core access failed. Check cable connectivity and that the target board is powered up then use the disconnect_hw_server and connect_hw_server to re-initialize the hardware target. Use open_hw_target to re-register the hardware device.
ERROR: [Xicom 50-38] xicom: Core access failed. Check cable connectivity and that the target board is powered up then use the disconnect_hw_server and connect_hw_server to re-initialize the hardware target. Use open_hw_target to re-register the hardware device.
ERROR: [Xicom 50-38] xicom: Core access failed. Check cable connectivity and that the target board is powered up then use the disconnect_hw_server and connect_hw_server to re-initialize the hardware target. Use open_hw_target to re-register the hardware device.
ERROR: [Xicom 50-38] xicom: Core access failed. Check cable connectivity and that the target board is powered up then use the disconnect_hw_server and connect_hw_server to re-initialize the hardware target. Use open_hw_target to re-register the hardware device.
ERROR: [Xicom 50-38] xicom: Core access failed. Check cable connectivity and that the target board is powered up then use the disconnect_hw_server and connect_hw_server to re-initialize the hardware target. Use open_hw_target to re-register the hardware device.
ERROR: [Xicom 50-38] xicom: Core access failed. Check cable connectivity and that the target board is powered up then use the disconnect_hw_server and connect_hw_server to re-initialize the hardware target. Use open_hw_target to re-register the hardware device.
ERROR: [Xicom 50-38] xicom: Core access failed. Check cable connectivity and that the target board is powered up then use the disconnect_hw_server and connect_hw_server to re-initialize the hardware target. Use open_hw_target to re-register the hardware device.
ERROR: [Xicom 50-38] xicom: Core access failed. Check cable connectivity and that the target board is powered up then use the disconnect_hw_server and connect_hw_server to re-initialize the hardware target. Use open_hw_target to re-register the hardware device.
ERROR: [Xicom 50-38] xicom: Core access failed. Check cable connectivity and that the target board is powered up then use the disconnect_hw_server and connect_hw_server to re-initialize the hardware target. Use open_hw_target to re-register the hardware device.
ERROR: [Xicom 50-38] xicom: Core access failed. Check cable connectivity and that the target board is powered up then use the disconnect_hw_server and connect_hw_server to re-initialize the hardware target. Use open_hw_target to re-register the hardware device.
ERROR: [Xicom 50-38] xicom: Core access failed. Check cable connectivity and that the target board is powered up then use the disconnect_hw_server and connect_hw_server to re-initialize the hardware target. Use open_hw_target to re-register the hardware device.
ERROR: [Xicom 50-38] xicom: Core access failed. Check cable connectivity and that the target board is powered up then use the disconnect_hw_server and connect_hw_server to re-initialize the hardware target. Use open_hw_target to re-register the hardware device.
ERROR: [Xicom 50-38] xicom: Core access failed. Check cable connectivity and that the target board is powered up then use the disconnect_hw_server and connect_hw_server to re-initialize the hardware target. Use open_hw_target to re-register the hardware device.
ERROR: [Xicom 50-38] xicom: Core access failed. Check cable connectivity and that the target board is powered up then use the disconnect_hw_server and connect_hw_server to re-initialize the hardware target. Use open_hw_target to re-register the hardware device.
ERROR: [Xicom 50-38] xicom: Core access failed. Check cable connectivity and that the target board is powered up then use the disconnect_hw_server and connect_hw_server to re-initialize the hardware target. Use open_hw_target to re-register the hardware device.
ERROR: [Xicom 50-38] xicom: Core access failed. Check cable connectivity and that the target board is powered up then use the disconnect_hw_server and connect_hw_server to re-initialize the hardware target. Use open_hw_target to re-register the hardware device.
ERROR: [Xicom 50-38] xicom: Core access failed. Check cable connectivity and that the target board is powered up then use the disconnect_hw_server and connect_hw_server to re-initialize the hardware target. Use open_hw_target to re-register the hardware device.
ERROR: [Xicom 50-38] xicom: Core access failed. Check cable connectivity and that the target board is powered up then use the disconnect_hw_server and connect_hw_server to re-initialize the hardware target. Use open_hw_target to re-register the hardware device.
ERROR: [Xicom 50-38] xicom: Core access failed. Check cable connectivity and that the target board is powered up then use the disconnect_hw_server and connect_hw_server to re-initialize the hardware target. Use open_hw_target to re-register the hardware device.
ERROR: [Xicom 50-38] xicom: Core access failed. Check cable connectivity and that the target board is powered up then use the disconnect_hw_server and connect_hw_server to re-initialize the hardware target. Use open_hw_target to re-register the hardware device.
ERROR: [Xicom 50-38] xicom: Core access failed. Check cable connectivity and that the target board is powered up then use the disconnect_hw_server and connect_hw_server to re-initialize the hardware target. Use open_hw_target to re-register the hardware device.
ERROR: [Xicom 50-38] xicom: Core access failed. Check cable connectivity and that the target board is powered up then use the disconnect_hw_server and connect_hw_server to re-initialize the hardware target. Use open_hw_target to re-register the hardware device.
ERROR: [Xicom 50-38] xicom: Core access failed. Check cable connectivity and that the target board is powered up then use the disconnect_hw_server and connect_hw_server to re-initialize the hardware target. Use open_hw_target to re-register the hardware device.
ERROR: [Xicom 50-38] xicom: Core access failed. Check cable connectivity and that the target board is powered up then use the disconnect_hw_server and connect_hw_server to re-initialize the hardware target. Use open_hw_target to re-register the hardware device.
ERROR: [Xicom 50-38] xicom: Core access failed. Check cable connectivity and that the target board is powered up then use the disconnect_hw_server and connect_hw_server to re-initialize the hardware target. Use open_hw_target to re-register the hardware device.
ERROR: [Xicom 50-38] xicom: Core access failed. Check cable connectivity and that the target board is powered up then use the disconnect_hw_server and connect_hw_server to re-initialize the hardware target. Use open_hw_target to re-register the hardware device.
ERROR: [Xicom 50-38] xicom: Core access failed. Check cable connectivity and that the target board is powered up then use the disconnect_hw_server and connect_hw_server to re-initialize the hardware target. Use open_hw_target to re-register the hardware device.
ERROR: [Xicom 50-38] xicom: Core access failed. Check cable connectivity and that the target board is powered up then use the disconnect_hw_server and connect_hw_server to re-initialize the hardware target. Use open_hw_target to re-register the hardware device.
ERROR: [Xicom 50-38] xicom: Core access failed. Check cable connectivity and that the target board is powered up then use the disconnect_hw_server and connect_hw_server to re-initialize the hardware target. Use open_hw_target to re-register the hardware device.
ERROR: [Xicom 50-38] xicom: Core access failed. Check cable connectivity and that the target board is powered up then use the disconnect_hw_server and connect_hw_server to re-initialize the hardware target. Use open_hw_target to re-register the hardware device.
set_property PROBES.FILE {D:/VivadoProjects/eMMC_Controller_fifo.xpr/eMMC_Controller_4.6.1_tuning.xpr/eMMC_Controller/eMMC_Controller.runs/impl_4/debug_nets.ltx} [lindex [get_hw_devices] 1]
set_property PROGRAM.FILE {D:/VivadoProjects/eMMC_Controller_fifo.xpr/eMMC_Controller_4.6.1_tuning.xpr/eMMC_Controller/eMMC_Controller.runs/impl_4/Test_eMMC_Controller.bit} [lindex [get_hw_devices] 1]
program_hw_devices [lindex [get_hw_devices] 1]
INFO: [Labtools 27-3164] End of startup status: HIGH
refresh_hw_device [lindex [get_hw_devices] 1]
INFO: [Labtools 27-2302] Device xc7z020 (JTAG device index = 1) is programmed with a design that has 1 ILA core(s).
display_hw_ila_data [ get_hw_ila_data hw_ila_data_1 -of_objects [get_hw_ilas -of_objects [get_hw_devices xc7z020_1] -filter {CELL_NAME=~"u_ila_0"}]]
WARNING: Simulation object eMMC_controller_inst0/Curr_State was not found in the design.
run_hw_ila [get_hw_ilas -of_objects [get_hw_devices xc7z020_1] -filter {CELL_NAME=~"u_ila_0"}] -trigger_now
INFO: [Labtools 27-1964] The ILA core 'hw_ila_1' trigger was armed at 2016-Nov-02 21:09:26
wait_on_hw_ila [get_hw_ilas -of_objects [get_hw_devices xc7z020_1] -filter {CELL_NAME=~"u_ila_0"}]
display_hw_ila_data [upload_hw_ila_data [get_hw_ilas -of_objects [get_hw_devices xc7z020_1] -filter {CELL_NAME=~"u_ila_0"}]]
INFO: [Labtools 27-1966] The ILA core 'hw_ila_1' triggered at 2016-Nov-02 21:09:26
run_hw_ila [get_hw_ilas -of_objects [get_hw_devices xc7z020_1] -filter {CELL_NAME=~"u_ila_0"}] -trigger_now
INFO: [Labtools 27-1964] The ILA core 'hw_ila_1' trigger was armed at 2016-Nov-02 21:09:28
wait_on_hw_ila [get_hw_ilas -of_objects [get_hw_devices xc7z020_1] -filter {CELL_NAME=~"u_ila_0"}]
display_hw_ila_data [upload_hw_ila_data [get_hw_ilas -of_objects [get_hw_devices xc7z020_1] -filter {CELL_NAME=~"u_ila_0"}]]
INFO: [Labtools 27-1966] The ILA core 'hw_ila_1' triggered at 2016-Nov-02 21:09:28
run_hw_ila [get_hw_ilas -of_objects [get_hw_devices xc7z020_1] -filter {CELL_NAME=~"u_ila_0"}] -trigger_now
INFO: [Labtools 27-1964] The ILA core 'hw_ila_1' trigger was armed at 2016-Nov-02 21:09:30
wait_on_hw_ila [get_hw_ilas -of_objects [get_hw_devices xc7z020_1] -filter {CELL_NAME=~"u_ila_0"}]
display_hw_ila_data [upload_hw_ila_data [get_hw_ilas -of_objects [get_hw_devices xc7z020_1] -filter {CELL_NAME=~"u_ila_0"}]]
INFO: [Labtools 27-1966] The ILA core 'hw_ila_1' triggered at 2016-Nov-02 21:09:30
run_hw_ila [get_hw_ilas -of_objects [get_hw_devices xc7z020_1] -filter {CELL_NAME=~"u_ila_0"}] -trigger_now
INFO: [Labtools 27-1964] The ILA core 'hw_ila_1' trigger was armed at 2016-Nov-02 21:09:31
wait_on_hw_ila [get_hw_ilas -of_objects [get_hw_devices xc7z020_1] -filter {CELL_NAME=~"u_ila_0"}]
display_hw_ila_data [upload_hw_ila_data [get_hw_ilas -of_objects [get_hw_devices xc7z020_1] -filter {CELL_NAME=~"u_ila_0"}]]
INFO: [Labtools 27-1966] The ILA core 'hw_ila_1' triggered at 2016-Nov-02 21:09:31
run_hw_ila [get_hw_ilas -of_objects [get_hw_devices xc7z020_1] -filter {CELL_NAME=~"u_ila_0"}] -trigger_now
INFO: [Labtools 27-1964] The ILA core 'hw_ila_1' trigger was armed at 2016-Nov-02 21:09:33
wait_on_hw_ila [get_hw_ilas -of_objects [get_hw_devices xc7z020_1] -filter {CELL_NAME=~"u_ila_0"}]
display_hw_ila_data [upload_hw_ila_data [get_hw_ilas -of_objects [get_hw_devices xc7z020_1] -filter {CELL_NAME=~"u_ila_0"}]]
INFO: [Labtools 27-1966] The ILA core 'hw_ila_1' triggered at 2016-Nov-02 21:09:33
run_hw_ila [get_hw_ilas -of_objects [get_hw_devices xc7z020_1] -filter {CELL_NAME=~"u_ila_0"}] -trigger_now
INFO: [Labtools 27-1964] The ILA core 'hw_ila_1' trigger was armed at 2016-Nov-02 21:09:35
wait_on_hw_ila [get_hw_ilas -of_objects [get_hw_devices xc7z020_1] -filter {CELL_NAME=~"u_ila_0"}]
display_hw_ila_data [upload_hw_ila_data [get_hw_ilas -of_objects [get_hw_devices xc7z020_1] -filter {CELL_NAME=~"u_ila_0"}]]
INFO: [Labtools 27-1966] The ILA core 'hw_ila_1' triggered at 2016-Nov-02 21:09:35
set_property TRIGGER_COMPARE_VALUE eq5'hXX [get_hw_probes eMMC_controller_inst0/Steps_Curr_State -of_objects [get_hw_ilas -of_objects [get_hw_devices xc7z020_1] -filter {CELL_NAME=~"u_ila_0"}]]
set_property TRIGGER_COMPARE_VALUE eq8'hXX [get_hw_probes eMMC_controller_inst0/Device_data_temp_p -of_objects [get_hw_ilas -of_objects [get_hw_devices xc7z020_1] -filter {CELL_NAME=~"u_ila_0"}]]
set_property TRIGGER_COMPARE_VALUE eq8'hXX [get_hw_probes eMMC_controller_inst0/Device_data_temp_n -of_objects [get_hw_ilas -of_objects [get_hw_devices xc7z020_1] -filter {CELL_NAME=~"u_ila_0"}]]
set_property TRIGGER_COMPARE_VALUE eq5'h0B [get_hw_probes eMMC_controller_inst0/Steps_Curr_State -of_objects [get_hw_ilas -of_objects [get_hw_devices xc7z020_1] -filter {CELL_NAME=~"u_ila_0"}]]
run_hw_ila [get_hw_ilas -of_objects [get_hw_devices xc7z020_1] -filter {CELL_NAME=~"u_ila_0"}]
INFO: [Labtools 27-1964] The ILA core 'hw_ila_1' trigger was armed at 2016-Nov-02 21:09:51
wait_on_hw_ila [get_hw_ilas -of_objects [get_hw_devices xc7z020_1] -filter {CELL_NAME=~"u_ila_0"}]
display_hw_ila_data [upload_hw_ila_data [get_hw_ilas -of_objects [get_hw_devices xc7z020_1] -filter {CELL_NAME=~"u_ila_0"}]]
INFO: [Labtools 27-1966] The ILA core 'hw_ila_1' triggered at 2016-Nov-02 21:09:51
close_hw
open_hw
connect_hw_server
INFO: [Labtools 27-2285] Connecting to hw_server url TCP:localhost:3121
open_hw_target
INFO: [Labtoolstcl 44-466] Opening hw_target localhost:3121/xilinx_tcf/Digilent/210248686087
set_property PROGRAM.FILE {D:/VivadoProjects/eMMC_Controller_fifo.xpr/eMMC_Controller_4.6.1_tuning.xpr/eMMC_Controller/eMMC_Controller.runs/impl_4/Test_eMMC_Controller.bit} [lindex [get_hw_devices] 1]
set_property PROBES.FILE {D:/VivadoProjects/eMMC_Controller_fifo.xpr/eMMC_Controller_4.6.1_tuning.xpr/eMMC_Controller/eMMC_Controller.runs/impl_4/debug_nets.ltx} [lindex [get_hw_devices] 1]
current_hw_device [lindex [get_hw_devices] 1]
refresh_hw_device [lindex [get_hw_devices] 1]
INFO: [Labtools 27-1435] Device xc7z020 (JTAG device index = 1) is not programmed (DONE status = 0).
set_property PROBES.FILE {D:/VivadoProjects/eMMC_Controller_fifo.xpr/eMMC_Controller_4.6.1_tuning.xpr/eMMC_Controller/eMMC_Controller.runs/impl_4/debug_nets.ltx} [lindex [get_hw_devices] 1]
set_property PROGRAM.FILE {D:/VivadoProjects/eMMC_Controller_fifo.xpr/eMMC_Controller_4.6.1_tuning.xpr/eMMC_Controller/eMMC_Controller.runs/impl_4/Test_eMMC_Controller.bit} [lindex [get_hw_devices] 1]
program_hw_devices [lindex [get_hw_devices] 1]
INFO: [Labtools 27-3164] End of startup status: HIGH
refresh_hw_device [lindex [get_hw_devices] 1]
INFO: [Labtools 27-2302] Device xc7z020 (JTAG device index = 1) is programmed with a design that has 1 ILA core(s).
display_hw_ila_data [ get_hw_ila_data hw_ila_data_1 -of_objects [get_hw_ilas -of_objects [get_hw_devices xc7z020_1] -filter {CELL_NAME=~"u_ila_0"}]]
WARNING: Simulation object eMMC_controller_inst0/Curr_State was not found in the design.
run_hw_ila [get_hw_ilas -of_objects [get_hw_devices xc7z020_1] -filter {CELL_NAME=~"u_ila_0"}] -trigger_now
INFO: [Labtools 27-1964] The ILA core 'hw_ila_1' trigger was armed at 2016-Nov-02 21:10:38
wait_on_hw_ila [get_hw_ilas -of_objects [get_hw_devices xc7z020_1] -filter {CELL_NAME=~"u_ila_0"}]
display_hw_ila_data [upload_hw_ila_data [get_hw_ilas -of_objects [get_hw_devices xc7z020_1] -filter {CELL_NAME=~"u_ila_0"}]]
INFO: [Labtools 27-1966] The ILA core 'hw_ila_1' triggered at 2016-Nov-02 21:10:38
close_hw
reset_run synth_4
launch_runs synth_4 -jobs 2
INFO: [HDL 9-2216] Analyzing Verilog file "D:/VivadoProjects/eMMC_Controller_fifo.xpr/eMMC_Controller_4.6.1_tuning.xpr/eMMC_Controller/eMMC_Controller.srcs/sources_1/imports/sources/CRC16.v" into library work [D:/VivadoProjects/eMMC_Controller_fifo.xpr/eMMC_Controller_4.6.1_tuning.xpr/eMMC_Controller/eMMC_Controller.srcs/sources_1/imports/sources/CRC16.v:1]
INFO: [HDL 9-2216] Analyzing Verilog file "D:/VivadoProjects/eMMC_Controller_fifo.xpr/eMMC_Controller_4.6.1_tuning.xpr/eMMC_Controller/eMMC_Controller.srcs/sources_1/imports/sources/CRC16_Check.v" into library work [D:/VivadoProjects/eMMC_Controller_fifo.xpr/eMMC_Controller_4.6.1_tuning.xpr/eMMC_Controller/eMMC_Controller.srcs/sources_1/imports/sources/CRC16_Check.v:1]
INFO: [HDL 9-2216] Analyzing Verilog file "D:/VivadoProjects/eMMC_Controller_fifo.xpr/eMMC_Controller_4.6.1_tuning.xpr/eMMC_Controller/eMMC_Controller.srcs/sources_1/imports/sources/CRC7.v" into library work [D:/VivadoProjects/eMMC_Controller_fifo.xpr/eMMC_Controller_4.6.1_tuning.xpr/eMMC_Controller/eMMC_Controller.srcs/sources_1/imports/sources/CRC7.v:1]
INFO: [HDL 9-2216] Analyzing Verilog file "D:/VivadoProjects/eMMC_Controller_fifo.xpr/eMMC_Controller_4.6.1_tuning.xpr/eMMC_Controller/eMMC_Controller.srcs/sources_1/imports/sources/CRC7_400K.v" into library work [D:/VivadoProjects/eMMC_Controller_fifo.xpr/eMMC_Controller_4.6.1_tuning.xpr/eMMC_Controller/eMMC_Controller.srcs/sources_1/imports/sources/CRC7_400K.v:1]
INFO: [HDL 9-2216] Analyzing Verilog file "D:/VivadoProjects/eMMC_Controller_fifo.xpr/eMMC_Controller_4.6.1_tuning.xpr/eMMC_Controller/eMMC_Controller.srcs/sources_1/imports/sources/CRC7_Check.v" into library work [D:/VivadoProjects/eMMC_Controller_fifo.xpr/eMMC_Controller_4.6.1_tuning.xpr/eMMC_Controller/eMMC_Controller.srcs/sources_1/imports/sources/CRC7_Check.v:1]
INFO: [HDL 9-2216] Analyzing Verilog file "D:/VivadoProjects/eMMC_Controller_fifo.xpr/eMMC_Controller_4.6.1_tuning.xpr/eMMC_Controller/eMMC_Controller.srcs/sources_1/imports/sources/Test_eMMC_Controller.v" into library work [D:/VivadoProjects/eMMC_Controller_fifo.xpr/eMMC_Controller_4.6.1_tuning.xpr/eMMC_Controller/eMMC_Controller.srcs/sources_1/imports/sources/Test_eMMC_Controller.v:1]
INFO: [HDL 9-2216] Analyzing Verilog file "D:/VivadoProjects/eMMC_Controller_fifo.xpr/eMMC_Controller_4.6.1_tuning.xpr/eMMC_Controller/eMMC_Controller.srcs/sources_1/imports/sources/eMMC_controller.v" into library work [D:/VivadoProjects/eMMC_Controller_fifo.xpr/eMMC_Controller_4.6.1_tuning.xpr/eMMC_Controller/eMMC_Controller.srcs/sources_1/imports/sources/eMMC_controller.v:1]
INFO: [HDL 9-1065] Parsing verilog file "D:/VivadoProjects/eMMC_Controller_fifo.xpr/eMMC_Controller_4.6.1_tuning.xpr/eMMC_Controller/eMMC_Controller.srcs/sources_1/imports/sources/Define.vh" included at line 23. [D:/VivadoProjects/eMMC_Controller_fifo.xpr/eMMC_Controller_4.6.1_tuning.xpr/eMMC_Controller/eMMC_Controller.srcs/sources_1/imports/sources/eMMC_controller.v:23]
INFO: [HDL 9-1065] Parsing verilog file "D:/VivadoProjects/eMMC_Controller_fifo.xpr/eMMC_Controller_4.6.1_tuning.xpr/eMMC_Controller/eMMC_Controller.srcs/sources_1/imports/sources/log2.vh" included at line 62. [D:/VivadoProjects/eMMC_Controller_fifo.xpr/eMMC_Controller_4.6.1_tuning.xpr/eMMC_Controller/eMMC_Controller.srcs/sources_1/imports/sources/eMMC_controller.v:62]
INFO: [HDL 9-1065] Parsing verilog file "D:/VivadoProjects/eMMC_Controller_fifo.xpr/eMMC_Controller_4.6.1_tuning.xpr/eMMC_Controller/eMMC_Controller.srcs/sources_1/imports/sources/Parameter.vh" included at line 63. [D:/VivadoProjects/eMMC_Controller_fifo.xpr/eMMC_Controller_4.6.1_tuning.xpr/eMMC_Controller/eMMC_Controller.srcs/sources_1/imports/sources/eMMC_controller.v:63]
[Wed Nov 02 21:17:14 2016] Launched synth_4...
Run output will be captured here: D:/VivadoProjects/eMMC_Controller_fifo.xpr/eMMC_Controller_4.6.1_tuning.xpr/eMMC_Controller/eMMC_Controller.runs/synth_4/runme.log
close_design
open_run synth_4 -name synth_4
Design is defaulting to impl run constrset: constrs_2
Design is defaulting to synth run part: xc7z020clg484-1
INFO: [Project 1-454] Reading design checkpoint 'D:/VivadoProjects/eMMC_Controller_fifo.xpr/eMMC_Controller_4.6.1_tuning.xpr/eMMC_Controller/eMMC_Controller.runs/Command_fifo_synth_1/Command_fifo.dcp' for cell 'eMMC_controller_inst0/Command_fifo_inst0'
INFO: [Project 1-454] Reading design checkpoint 'D:/VivadoProjects/eMMC_Controller_fifo.xpr/eMMC_Controller_4.6.1_tuning.xpr/eMMC_Controller/eMMC_Controller.runs/Command_fifo_synth_1/Command_fifo.dcp' for cell 'eMMC_controller_inst0/Finished_Cmd_fifo_inst0'
INFO: [Project 1-454] Reading design checkpoint 'D:/VivadoProjects/eMMC_Controller_fifo.xpr/eMMC_Controller_4.6.1_tuning.xpr/eMMC_Controller/eMMC_Controller.runs/clk_divided_synth_1/clk_divided.dcp' for cell 'gen_clks'
INFO: [Project 1-454] Reading design checkpoint 'D:/VivadoProjects/eMMC_Controller_fifo.xpr/eMMC_Controller_4.6.1_tuning.xpr/eMMC_Controller/eMMC_Controller.runs/Data_fifo_synth_1/Data_fifo.dcp' for cell 'eMMC_controller_inst0/Read_buffer_final'
INFO: [Project 1-454] Reading design checkpoint 'D:/VivadoProjects/eMMC_Controller_fifo.xpr/eMMC_Controller_4.6.1_tuning.xpr/eMMC_Controller/eMMC_Controller.runs/Data_fifo_synth_1/Data_fifo.dcp' for cell 'eMMC_controller_inst0/Wr_data_fifo_inst0'
INFO: [Project 1-454] Reading design checkpoint 'D:/VivadoProjects/eMMC_Controller_fifo.xpr/eMMC_Controller_4.6.1_tuning.xpr/eMMC_Controller/eMMC_Controller.runs/Read_data512B_buffer_synth_1/Read_data512B_buffer.dcp' for cell 'eMMC_controller_inst0/Read_buffer_inst0'
INFO: [Project 1-454] Reading design checkpoint 'D:/VivadoProjects/eMMC_Controller_fifo.xpr/eMMC_Controller_4.6.1_tuning.xpr/eMMC_Controller/eMMC_Controller.runs/blk_mem_gen_0_synth_1/blk_mem_gen_0.dcp' for cell 'eMMC_controller_inst0/write_buffer_inst0'
INFO: [Netlist 29-17] Analyzing 89 Unisim elements for replacement
INFO: [Netlist 29-28] Unisim Transformation completed in 0 CPU seconds
INFO: [Project 1-479] Netlist was created with Vivado 2015.4
INFO: [Project 1-570] Preparing netlist for logic optimization
Parsing XDC File [d:/VivadoProjects/eMMC_Controller_fifo.xpr/eMMC_Controller_4.6.1_tuning.xpr/eMMC_Controller/eMMC_Controller.srcs/sources_1/ip/Command_fifo/Command_fifo/Command_fifo.xdc] for cell 'eMMC_controller_inst0/Command_fifo_inst0/U0'
Finished Parsing XDC File [d:/VivadoProjects/eMMC_Controller_fifo.xpr/eMMC_Controller_4.6.1_tuning.xpr/eMMC_Controller/eMMC_Controller.srcs/sources_1/ip/Command_fifo/Command_fifo/Command_fifo.xdc] for cell 'eMMC_controller_inst0/Command_fifo_inst0/U0'
Parsing XDC File [d:/VivadoProjects/eMMC_Controller_fifo.xpr/eMMC_Controller_4.6.1_tuning.xpr/eMMC_Controller/eMMC_Controller.srcs/sources_1/ip/Command_fifo/Command_fifo/Command_fifo.xdc] for cell 'eMMC_controller_inst0/Finished_Cmd_fifo_inst0/U0'
Finished Parsing XDC File [d:/VivadoProjects/eMMC_Controller_fifo.xpr/eMMC_Controller_4.6.1_tuning.xpr/eMMC_Controller/eMMC_Controller.srcs/sources_1/ip/Command_fifo/Command_fifo/Command_fifo.xdc] for cell 'eMMC_controller_inst0/Finished_Cmd_fifo_inst0/U0'
Parsing XDC File [d:/VivadoProjects/eMMC_Controller_fifo.xpr/eMMC_Controller_4.6.1_tuning.xpr/eMMC_Controller/eMMC_Controller.srcs/sources_1/ip/clk_divided/clk_divided_board.xdc] for cell 'gen_clks/inst'
Finished Parsing XDC File [d:/VivadoProjects/eMMC_Controller_fifo.xpr/eMMC_Controller_4.6.1_tuning.xpr/eMMC_Controller/eMMC_Controller.srcs/sources_1/ip/clk_divided/clk_divided_board.xdc] for cell 'gen_clks/inst'
Parsing XDC File [d:/VivadoProjects/eMMC_Controller_fifo.xpr/eMMC_Controller_4.6.1_tuning.xpr/eMMC_Controller/eMMC_Controller.srcs/sources_1/ip/clk_divided/clk_divided.xdc] for cell 'gen_clks/inst'
INFO: [Timing 38-35] Done setting XDC timing constraints. [d:/VivadoProjects/eMMC_Controller_fifo.xpr/eMMC_Controller_4.6.1_tuning.xpr/eMMC_Controller/eMMC_Controller.srcs/sources_1/ip/clk_divided/clk_divided.xdc:56]
INFO: [Timing 38-2] Deriving generated clocks [d:/VivadoProjects/eMMC_Controller_fifo.xpr/eMMC_Controller_4.6.1_tuning.xpr/eMMC_Controller/eMMC_Controller.srcs/sources_1/ip/clk_divided/clk_divided.xdc:56]
get_clocks: Time (s): cpu = 00:00:15 ; elapsed = 00:00:14 . Memory (MB): peak = 1935.656 ; gain = 9.465
Finished Parsing XDC File [d:/VivadoProjects/eMMC_Controller_fifo.xpr/eMMC_Controller_4.6.1_tuning.xpr/eMMC_Controller/eMMC_Controller.srcs/sources_1/ip/clk_divided/clk_divided.xdc] for cell 'gen_clks/inst'
Parsing XDC File [d:/VivadoProjects/eMMC_Controller_fifo.xpr/eMMC_Controller_4.6.1_tuning.xpr/eMMC_Controller/eMMC_Controller.srcs/sources_1/ip/Data_fifo/Data_fifo/Data_fifo.xdc] for cell 'eMMC_controller_inst0/Read_buffer_final/U0'
Finished Parsing XDC File [d:/VivadoProjects/eMMC_Controller_fifo.xpr/eMMC_Controller_4.6.1_tuning.xpr/eMMC_Controller/eMMC_Controller.srcs/sources_1/ip/Data_fifo/Data_fifo/Data_fifo.xdc] for cell 'eMMC_controller_inst0/Read_buffer_final/U0'
Parsing XDC File [d:/VivadoProjects/eMMC_Controller_fifo.xpr/eMMC_Controller_4.6.1_tuning.xpr/eMMC_Controller/eMMC_Controller.srcs/sources_1/ip/Data_fifo/Data_fifo/Data_fifo.xdc] for cell 'eMMC_controller_inst0/Wr_data_fifo_inst0/U0'
Finished Parsing XDC File [d:/VivadoProjects/eMMC_Controller_fifo.xpr/eMMC_Controller_4.6.1_tuning.xpr/eMMC_Controller/eMMC_Controller.srcs/sources_1/ip/Data_fifo/Data_fifo/Data_fifo.xdc] for cell 'eMMC_controller_inst0/Wr_data_fifo_inst0/U0'
Parsing XDC File [d:/VivadoProjects/eMMC_Controller_fifo.xpr/eMMC_Controller_4.6.1_tuning.xpr/eMMC_Controller/eMMC_Controller.srcs/sources_1/ip/Read_data512B_buffer/Read_data512B_buffer/Read_data512B_buffer.xdc] for cell 'eMMC_controller_inst0/Read_buffer_inst0/U0'
Finished Parsing XDC File [d:/VivadoProjects/eMMC_Controller_fifo.xpr/eMMC_Controller_4.6.1_tuning.xpr/eMMC_Controller/eMMC_Controller.srcs/sources_1/ip/Read_data512B_buffer/Read_data512B_buffer/Read_data512B_buffer.xdc] for cell 'eMMC_controller_inst0/Read_buffer_inst0/U0'
Parsing XDC File [D:/VivadoProjects/eMMC_Controller_fifo.xpr/eMMC_Controller_4.6.1_tuning.xpr/eMMC_Controller/eMMC_Controller.srcs/constrs_2/imports/Constraints/Debug2.xdc]
Finished Parsing XDC File [D:/VivadoProjects/eMMC_Controller_fifo.xpr/eMMC_Controller_4.6.1_tuning.xpr/eMMC_Controller/eMMC_Controller.srcs/constrs_2/imports/Constraints/Debug2.xdc]
Parsing XDC File [D:/VivadoProjects/eMMC_Controller_fifo.xpr/eMMC_Controller_4.6.1_tuning.xpr/eMMC_Controller/eMMC_Controller.srcs/constrs_2/imports/Constraints/PhyConstraint2.xdc]
Finished Parsing XDC File [D:/VivadoProjects/eMMC_Controller_fifo.xpr/eMMC_Controller_4.6.1_tuning.xpr/eMMC_Controller/eMMC_Controller.srcs/constrs_2/imports/Constraints/PhyConstraint2.xdc]
Parsing XDC File [D:/VivadoProjects/eMMC_Controller_fifo.xpr/eMMC_Controller_4.6.1_tuning.xpr/eMMC_Controller/eMMC_Controller.srcs/constrs_2/imports/Constraints/Timing2.xdc]
WARNING: [Vivado 12-508] No pins matched 'eMMC_controller_inst0/ODDR_inst/C'. [D:/VivadoProjects/eMMC_Controller_fifo.xpr/eMMC_Controller_4.6.1_tuning.xpr/eMMC_Controller/eMMC_Controller.srcs/constrs_2/imports/Constraints/Timing2.xdc:11]
CRITICAL WARNING: [Vivado 12-1387] No valid object(s) found for create_generated_clock constraint with option '-source [get_pins eMMC_controller_inst0/ODDR_inst/C]'. [D:/VivadoProjects/eMMC_Controller_fifo.xpr/eMMC_Controller_4.6.1_tuning.xpr/eMMC_Controller/eMMC_Controller.srcs/constrs_2/imports/Constraints/Timing2.xdc:11]
Resolution: Check if the specified object(s) exists in the current design. If it does, ensure that the correct design hierarchy was specified for the object. If you are working with clocks, make sure create_clock was used to create the clock object before it is referenced.
WARNING: [Vivado 12-508] No pins matched 'eMMC_controller_inst0/ODDR_inst/C'. [D:/VivadoProjects/eMMC_Controller_fifo.xpr/eMMC_Controller_4.6.1_tuning.xpr/eMMC_Controller/eMMC_Controller.srcs/constrs_2/imports/Constraints/Timing2.xdc:12]
CRITICAL WARNING: [Vivado 12-1387] No valid object(s) found for create_generated_clock constraint with option '-source [get_pins eMMC_controller_inst0/ODDR_inst/C]'. [D:/VivadoProjects/eMMC_Controller_fifo.xpr/eMMC_Controller_4.6.1_tuning.xpr/eMMC_Controller/eMMC_Controller.srcs/constrs_2/imports/Constraints/Timing2.xdc:12]
Resolution: Check if the specified object(s) exists in the current design. If it does, ensure that the correct design hierarchy was specified for the object. If you are working with clocks, make sure create_clock was used to create the clock object before it is referenced.
WARNING: [Vivado 12-627] No clocks matched 'fwdClk_200M'. [D:/VivadoProjects/eMMC_Controller_fifo.xpr/eMMC_Controller_4.6.1_tuning.xpr/eMMC_Controller/eMMC_Controller.srcs/constrs_2/imports/Constraints/Timing2.xdc:16]
INFO: [Vivado 12-626] No clocks found. Please use 'create_clock' or 'create_generated_clock' command to create clocks. [D:/VivadoProjects/eMMC_Controller_fifo.xpr/eMMC_Controller_4.6.1_tuning.xpr/eMMC_Controller/eMMC_Controller.srcs/constrs_2/imports/Constraints/Timing2.xdc:16]
CRITICAL WARNING: [Vivado 12-1387] No valid object(s) found for set_output_delay constraint with option '-clock [get_clocks fwdClk_200M]'. [D:/VivadoProjects/eMMC_Controller_fifo.xpr/eMMC_Controller_4.6.1_tuning.xpr/eMMC_Controller/eMMC_Controller.srcs/constrs_2/imports/Constraints/Timing2.xdc:16]
Resolution: Check if the specified object(s) exists in the current design. If it does, ensure that the correct design hierarchy was specified for the object. If you are working with clocks, make sure create_clock was used to create the clock object before it is referenced.
Finished Parsing XDC File [D:/VivadoProjects/eMMC_Controller_fifo.xpr/eMMC_Controller_4.6.1_tuning.xpr/eMMC_Controller/eMMC_Controller.srcs/constrs_2/imports/Constraints/Timing2.xdc]
INFO: [Project 1-538] Using original IP XDC constraints instead of the XDC constraints in dcp 'D:/VivadoProjects/eMMC_Controller_fifo.xpr/eMMC_Controller_4.6.1_tuning.xpr/eMMC_Controller/eMMC_Controller.runs/Command_fifo_synth_1/Command_fifo.dcp'
INFO: [Project 1-538] Using original IP XDC constraints instead of the XDC constraints in dcp 'D:/VivadoProjects/eMMC_Controller_fifo.xpr/eMMC_Controller_4.6.1_tuning.xpr/eMMC_Controller/eMMC_Controller.runs/Command_fifo_synth_1/Command_fifo.dcp'
INFO: [Project 1-538] Using original IP XDC constraints instead of the XDC constraints in dcp 'D:/VivadoProjects/eMMC_Controller_fifo.xpr/eMMC_Controller_4.6.1_tuning.xpr/eMMC_Controller/eMMC_Controller.runs/clk_divided_synth_1/clk_divided.dcp'
INFO: [Project 1-538] Using original IP XDC constraints instead of the XDC constraints in dcp 'D:/VivadoProjects/eMMC_Controller_fifo.xpr/eMMC_Controller_4.6.1_tuning.xpr/eMMC_Controller/eMMC_Controller.runs/Data_fifo_synth_1/Data_fifo.dcp'
INFO: [Project 1-538] Using original IP XDC constraints instead of the XDC constraints in dcp 'D:/VivadoProjects/eMMC_Controller_fifo.xpr/eMMC_Controller_4.6.1_tuning.xpr/eMMC_Controller/eMMC_Controller.runs/Data_fifo_synth_1/Data_fifo.dcp'
INFO: [Project 1-538] Using original IP XDC constraints instead of the XDC constraints in dcp 'D:/VivadoProjects/eMMC_Controller_fifo.xpr/eMMC_Controller_4.6.1_tuning.xpr/eMMC_Controller/eMMC_Controller.runs/Read_data512B_buffer_synth_1/Read_data512B_buffer.dcp'
INFO: [Project 1-538] Using original IP XDC constraints instead of the XDC constraints in dcp 'D:/VivadoProjects/eMMC_Controller_fifo.xpr/eMMC_Controller_4.6.1_tuning.xpr/eMMC_Controller/eMMC_Controller.runs/blk_mem_gen_0_synth_1/blk_mem_gen_0.dcp'
INFO: [Opt 31-140] Inserted 1 IBUFs to IO ports without IO buffers.
INFO: [Opt 31-138] Pushed 0 inverter(s) to 0 load pin(s).
INFO: [Project 1-111] Unisim Transformation Summary:
  A total of 9 instances were transformed.
  IOBUF => IOBUF (IBUF, OBUFT): 9 instances

open_run: Time (s): cpu = 00:00:21 ; elapsed = 00:00:19 . Memory (MB): peak = 1935.754 ; gain = 9.563
launch_runs impl_4 -to_step write_bitstream -jobs 2
Writing placer database...
Writing XDEF routing.
Writing XDEF routing logical nets.
Writing XDEF routing special nets.
Write XDEF Complete: Time (s): cpu = 00:00:00 ; elapsed = 00:00:00.070 . Memory (MB): peak = 1935.754 ; gain = 0.000
[Wed Nov 02 21:21:23 2016] Launched impl_4...
Run output will be captured here: D:/VivadoProjects/eMMC_Controller_fifo.xpr/eMMC_Controller_4.6.1_tuning.xpr/eMMC_Controller/eMMC_Controller.runs/impl_4/runme.log
open_hw
connect_hw_server
INFO: [Labtools 27-2285] Connecting to hw_server url TCP:localhost:3121
INFO: [Labtools 27-2222] Launching hw_server...
INFO: [Labtools 27-2221] Launch Output:

****** Xilinx hw_server v2015.4
  **** Build date : Nov 17 2015-18:01:07
    ** Copyright 1986-1999, 2001-2015 Xilinx, Inc. All Rights Reserved.


open_hw_target
INFO: [Labtoolstcl 44-466] Opening hw_target localhost:3121/xilinx_tcf/Digilent/210248686087
set_property PROGRAM.FILE {D:/VivadoProjects/eMMC_Controller_fifo.xpr/eMMC_Controller_4.6.1_tuning.xpr/eMMC_Controller/eMMC_Controller.runs/impl_4/Test_eMMC_Controller.bit} [lindex [get_hw_devices] 1]
set_property PROBES.FILE {D:/VivadoProjects/eMMC_Controller_fifo.xpr/eMMC_Controller_4.6.1_tuning.xpr/eMMC_Controller/eMMC_Controller.runs/impl_4/debug_nets.ltx} [lindex [get_hw_devices] 1]
current_hw_device [lindex [get_hw_devices] 1]
refresh_hw_device [lindex [get_hw_devices] 1]
INFO: [Labtools 27-1435] Device xc7z020 (JTAG device index = 1) is not programmed (DONE status = 0).
set_property PROBES.FILE {D:/VivadoProjects/eMMC_Controller_fifo.xpr/eMMC_Controller_4.6.1_tuning.xpr/eMMC_Controller/eMMC_Controller.runs/impl_4/debug_nets.ltx} [lindex [get_hw_devices] 1]
set_property PROGRAM.FILE {D:/VivadoProjects/eMMC_Controller_fifo.xpr/eMMC_Controller_4.6.1_tuning.xpr/eMMC_Controller/eMMC_Controller.runs/impl_4/Test_eMMC_Controller.bit} [lindex [get_hw_devices] 1]
program_hw_devices [lindex [get_hw_devices] 1]
ERROR: [Labtools 27-3165] End of startup status: LOW
ERROR: [Common 17-39] 'program_hw_devices' failed due to earlier errors.
refresh_hw_device [lindex [get_hw_devices] 1]
INFO: [Labtools 27-1435] Device xc7z020 (JTAG device index = 1) is not programmed (DONE status = 0).
set_property PROBES.FILE {D:/VivadoProjects/eMMC_Controller_fifo.xpr/eMMC_Controller_4.6.1_tuning.xpr/eMMC_Controller/eMMC_Controller.runs/impl_4/debug_nets.ltx} [lindex [get_hw_devices] 1]
set_property PROGRAM.FILE {D:/VivadoProjects/eMMC_Controller_fifo.xpr/eMMC_Controller_4.6.1_tuning.xpr/eMMC_Controller/eMMC_Controller.runs/impl_4/Test_eMMC_Controller.bit} [lindex [get_hw_devices] 1]
program_hw_devices [lindex [get_hw_devices] 1]
ERROR: [Labtools 27-3165] End of startup status: LOW
ERROR: [Common 17-39] 'program_hw_devices' failed due to earlier errors.
refresh_hw_device [lindex [get_hw_devices] 1]
INFO: [Labtools 27-1435] Device xc7z020 (JTAG device index = 1) is not programmed (DONE status = 0).
set_property PROBES.FILE {D:/VivadoProjects/eMMC_Controller_fifo.xpr/eMMC_Controller_4.6.1_tuning.xpr/eMMC_Controller/eMMC_Controller.runs/impl_4/debug_nets.ltx} [lindex [get_hw_devices] 1]
set_property PROGRAM.FILE {D:/VivadoProjects/eMMC_Controller_fifo.xpr/eMMC_Controller_4.6.1_tuning.xpr/eMMC_Controller/eMMC_Controller.runs/impl_4/Test_eMMC_Controller.bit} [lindex [get_hw_devices] 1]
program_hw_devices [lindex [get_hw_devices] 1]
ERROR: [Labtools 27-3165] End of startup status: LOW
ERROR: [Common 17-39] 'program_hw_devices' failed due to earlier errors.
close_hw
open_hw
connect_hw_server
INFO: [Labtools 27-2285] Connecting to hw_server url TCP:localhost:3121
open_hw_target
INFO: [Labtoolstcl 44-466] Opening hw_target localhost:3121/xilinx_tcf/Digilent/210248686087
set_property PROGRAM.FILE {D:/VivadoProjects/eMMC_Controller_fifo.xpr/eMMC_Controller_4.6.1_tuning.xpr/eMMC_Controller/eMMC_Controller.runs/impl_4/Test_eMMC_Controller.bit} [lindex [get_hw_devices] 1]
set_property PROBES.FILE {D:/VivadoProjects/eMMC_Controller_fifo.xpr/eMMC_Controller_4.6.1_tuning.xpr/eMMC_Controller/eMMC_Controller.runs/impl_4/debug_nets.ltx} [lindex [get_hw_devices] 1]
current_hw_device [lindex [get_hw_devices] 1]
refresh_hw_device [lindex [get_hw_devices] 1]
INFO: [Labtools 27-1435] Device xc7z020 (JTAG device index = 1) is not programmed (DONE status = 0).
set_property PROBES.FILE {D:/VivadoProjects/eMMC_Controller_fifo.xpr/eMMC_Controller_4.6.1_tuning.xpr/eMMC_Controller/eMMC_Controller.runs/impl_4/debug_nets.ltx} [lindex [get_hw_devices] 1]
set_property PROGRAM.FILE {D:/VivadoProjects/eMMC_Controller_fifo.xpr/eMMC_Controller_4.6.1_tuning.xpr/eMMC_Controller/eMMC_Controller.runs/impl_4/Test_eMMC_Controller.bit} [lindex [get_hw_devices] 1]
program_hw_devices [lindex [get_hw_devices] 1]
ERROR: [Labtools 27-3165] End of startup status: LOW
ERROR: [Common 17-39] 'program_hw_devices' failed due to earlier errors.
refresh_hw_device [lindex [get_hw_devices] 1]
INFO: [Labtools 27-1435] Device xc7z020 (JTAG device index = 1) is not programmed (DONE status = 0).
refresh_hw_device [lindex [get_hw_devices] 1]
INFO: [Labtools 27-1435] Device xc7z020 (JTAG device index = 1) is not programmed (DONE status = 0).
set_property PROBES.FILE {D:/VivadoProjects/eMMC_Controller_fifo.xpr/eMMC_Controller_4.6.1_tuning.xpr/eMMC_Controller/eMMC_Controller.runs/impl_4/debug_nets.ltx} [lindex [get_hw_devices] 1]
set_property PROGRAM.FILE {D:/VivadoProjects/eMMC_Controller_fifo.xpr/eMMC_Controller_4.6.1_tuning.xpr/eMMC_Controller/eMMC_Controller.runs/impl_4/Test_eMMC_Controller.bit} [lindex [get_hw_devices] 1]
program_hw_devices [lindex [get_hw_devices] 1]
INFO: [Labtools 27-3164] End of startup status: HIGH
refresh_hw_device [lindex [get_hw_devices] 1]
INFO: [Labtools 27-2302] Device xc7z020 (JTAG device index = 1) is programmed with a design that has 1 ILA core(s).
display_hw_ila_data [ get_hw_ila_data hw_ila_data_1 -of_objects [get_hw_ilas -of_objects [get_hw_devices xc7z020_1] -filter {CELL_NAME=~"u_ila_0"}]]
WARNING: Simulation object eMMC_controller_inst0/Curr_State was not found in the design.
run_hw_ila [get_hw_ilas -of_objects [get_hw_devices xc7z020_1] -filter {CELL_NAME=~"u_ila_0"}] -trigger_now
INFO: [Labtools 27-1964] The ILA core 'hw_ila_1' trigger was armed at 2016-Nov-02 21:28:06
wait_on_hw_ila [get_hw_ilas -of_objects [get_hw_devices xc7z020_1] -filter {CELL_NAME=~"u_ila_0"}]
display_hw_ila_data [upload_hw_ila_data [get_hw_ilas -of_objects [get_hw_devices xc7z020_1] -filter {CELL_NAME=~"u_ila_0"}]]
INFO: [Labtools 27-1966] The ILA core 'hw_ila_1' triggered at 2016-Nov-02 21:28:06
run_hw_ila [get_hw_ilas -of_objects [get_hw_devices xc7z020_1] -filter {CELL_NAME=~"u_ila_0"}] -trigger_now
INFO: [Labtools 27-1964] The ILA core 'hw_ila_1' trigger was armed at 2016-Nov-02 21:28:08
wait_on_hw_ila [get_hw_ilas -of_objects [get_hw_devices xc7z020_1] -filter {CELL_NAME=~"u_ila_0"}]
display_hw_ila_data [upload_hw_ila_data [get_hw_ilas -of_objects [get_hw_devices xc7z020_1] -filter {CELL_NAME=~"u_ila_0"}]]
INFO: [Labtools 27-1966] The ILA core 'hw_ila_1' triggered at 2016-Nov-02 21:28:08
run_hw_ila [get_hw_ilas -of_objects [get_hw_devices xc7z020_1] -filter {CELL_NAME=~"u_ila_0"}]
INFO: [Labtools 27-1964] The ILA core 'hw_ila_1' trigger was armed at 2016-Nov-02 21:28:17
wait_on_hw_ila -timeout 0 [get_hw_ilas -of_objects [get_hw_devices xc7z020_1] -filter {CELL_NAME=~"u_ila_0"}]
upload_hw_ila_data [get_hw_ilas -of_objects [get_hw_devices xc7z020_1] -filter {CELL_NAME=~"u_ila_0"}]
WARNING: [Labtools 27-157] hw_ila [hw_ila_1] stopped. No data to upload.
run_hw_ila [get_hw_ilas -of_objects [get_hw_devices xc7z020_1] -filter {CELL_NAME=~"u_ila_0"}] -trigger_now
INFO: [Labtools 27-1964] The ILA core 'hw_ila_1' trigger was armed at 2016-Nov-02 21:28:23
wait_on_hw_ila [get_hw_ilas -of_objects [get_hw_devices xc7z020_1] -filter {CELL_NAME=~"u_ila_0"}]
display_hw_ila_data [upload_hw_ila_data [get_hw_ilas -of_objects [get_hw_devices xc7z020_1] -filter {CELL_NAME=~"u_ila_0"}]]
INFO: [Labtools 27-1966] The ILA core 'hw_ila_1' triggered at 2016-Nov-02 21:28:23
set_property TRIGGER_COMPARE_VALUE eq5'h0A [get_hw_probes eMMC_controller_inst0/Steps_Curr_State -of_objects [get_hw_ilas -of_objects [get_hw_devices xc7z020_1] -filter {CELL_NAME=~"u_ila_0"}]]
run_hw_ila [get_hw_ilas -of_objects [get_hw_devices xc7z020_1] -filter {CELL_NAME=~"u_ila_0"}]
INFO: [Labtools 27-1964] The ILA core 'hw_ila_1' trigger was armed at 2016-Nov-02 21:28:58
wait_on_hw_ila [get_hw_ilas -of_objects [get_hw_devices xc7z020_1] -filter {CELL_NAME=~"u_ila_0"}]
display_hw_ila_data [upload_hw_ila_data [get_hw_ilas -of_objects [get_hw_devices xc7z020_1] -filter {CELL_NAME=~"u_ila_0"}]]
INFO: [Labtools 27-1966] The ILA core 'hw_ila_1' triggered at 2016-Nov-02 21:28:59
run_hw_ila [get_hw_ilas -of_objects [get_hw_devices xc7z020_1] -filter {CELL_NAME=~"u_ila_0"}] -trigger_now
INFO: [Labtools 27-1964] The ILA core 'hw_ila_1' trigger was armed at 2016-Nov-02 21:29:09
wait_on_hw_ila [get_hw_ilas -of_objects [get_hw_devices xc7z020_1] -filter {CELL_NAME=~"u_ila_0"}]
display_hw_ila_data [upload_hw_ila_data [get_hw_ilas -of_objects [get_hw_devices xc7z020_1] -filter {CELL_NAME=~"u_ila_0"}]]
INFO: [Labtools 27-1966] The ILA core 'hw_ila_1' triggered at 2016-Nov-02 21:29:09
set_property TRIGGER_COMPARE_VALUE eq5'h17 [get_hw_probes eMMC_controller_inst0/Steps_Curr_State -of_objects [get_hw_ilas -of_objects [get_hw_devices xc7z020_1] -filter {CELL_NAME=~"u_ila_0"}]]
run_hw_ila [get_hw_ilas -of_objects [get_hw_devices xc7z020_1] -filter {CELL_NAME=~"u_ila_0"}]
INFO: [Labtools 27-1964] The ILA core 'hw_ila_1' trigger was armed at 2016-Nov-02 21:29:26
wait_on_hw_ila -timeout 0 [get_hw_ilas -of_objects [get_hw_devices xc7z020_1] -filter {CELL_NAME=~"u_ila_0"}]
upload_hw_ila_data [get_hw_ilas -of_objects [get_hw_devices xc7z020_1] -filter {CELL_NAME=~"u_ila_0"}]
WARNING: [Labtools 27-157] hw_ila [hw_ila_1] stopped. No data to upload.
run_hw_ila [get_hw_ilas -of_objects [get_hw_devices xc7z020_1] -filter {CELL_NAME=~"u_ila_0"}] -trigger_now
INFO: [Labtools 27-1964] The ILA core 'hw_ila_1' trigger was armed at 2016-Nov-02 21:29:29
wait_on_hw_ila [get_hw_ilas -of_objects [get_hw_devices xc7z020_1] -filter {CELL_NAME=~"u_ila_0"}]
display_hw_ila_data [upload_hw_ila_data [get_hw_ilas -of_objects [get_hw_devices xc7z020_1] -filter {CELL_NAME=~"u_ila_0"}]]
INFO: [Labtools 27-1966] The ILA core 'hw_ila_1' triggered at 2016-Nov-02 21:29:29
ERROR: [Xicom 50-38] xicom: Core access failed. Check cable connectivity and that the target board is powered up then use the disconnect_hw_server and connect_hw_server to re-initialize the hardware target. Use open_hw_target to re-register the hardware device.
ERROR: [Xicom 50-38] xicom: Core access failed. Check cable connectivity and that the target board is powered up then use the disconnect_hw_server and connect_hw_server to re-initialize the hardware target. Use open_hw_target to re-register the hardware device.
ERROR: [Xicom 50-38] xicom: Core access failed. Check cable connectivity and that the target board is powered up then use the disconnect_hw_server and connect_hw_server to re-initialize the hardware target. Use open_hw_target to re-register the hardware device.
ERROR: [Xicom 50-38] xicom: Core access failed. Check cable connectivity and that the target board is powered up then use the disconnect_hw_server and connect_hw_server to re-initialize the hardware target. Use open_hw_target to re-register the hardware device.
ERROR: [Xicom 50-38] xicom: Core access failed. Check cable connectivity and that the target board is powered up then use the disconnect_hw_server and connect_hw_server to re-initialize the hardware target. Use open_hw_target to re-register the hardware device.
ERROR: [Xicom 50-38] xicom: Core access failed. Check cable connectivity and that the target board is powered up then use the disconnect_hw_server and connect_hw_server to re-initialize the hardware target. Use open_hw_target to re-register the hardware device.
reset_run synth_4
ERROR: [Xicom 50-38] xicom: Core access failed. Check cable connectivity and that the target board is powered up then use the disconnect_hw_server and connect_hw_server to re-initialize the hardware target. Use open_hw_target to re-register the hardware device.
ERROR: [Xicom 50-38] xicom: Core access failed. Check cable connectivity and that the target board is powered up then use the disconnect_hw_server and connect_hw_server to re-initialize the hardware target. Use open_hw_target to re-register the hardware device.
ERROR: [Common 17-39] 'reset_run' failed due to earlier errors.
ERROR: [Xicom 50-38] xicom: Core access failed. Check cable connectivity and that the target board is powered up then use the disconnect_hw_server and connect_hw_server to re-initialize the hardware target. Use open_hw_target to re-register the hardware device.
ERROR: [Xicom 50-38] xicom: Core access failed. Check cable connectivity and that the target board is powered up then use the disconnect_hw_server and connect_hw_server to re-initialize the hardware target. Use open_hw_target to re-register the hardware device.
ERROR: [Xicom 50-38] xicom: Core access failed. Check cable connectivity and that the target board is powered up then use the disconnect_hw_server and connect_hw_server to re-initialize the hardware target. Use open_hw_target to re-register the hardware device.
ERROR: [Xicom 50-38] xicom: Core access failed. Check cable connectivity and that the target board is powered up then use the disconnect_hw_server and connect_hw_server to re-initialize the hardware target. Use open_hw_target to re-register the hardware device.
ERROR: [Xicom 50-38] xicom: Core access failed. Check cable connectivity and that the target board is powered up then use the disconnect_hw_server and connect_hw_server to re-initialize the hardware target. Use open_hw_target to re-register the hardware device.
ERROR: [Xicom 50-38] xicom: Core access failed. Check cable connectivity and that the target board is powered up then use the disconnect_hw_server and connect_hw_server to re-initialize the hardware target. Use open_hw_target to re-register the hardware device.
ERROR: [Xicom 50-38] xicom: Core access failed. Check cable connectivity and that the target board is powered up then use the disconnect_hw_server and connect_hw_server to re-initialize the hardware target. Use open_hw_target to re-register the hardware device.
ERROR: [Xicom 50-38] xicom: Core access failed. Check cable connectivity and that the target board is powered up then use the disconnect_hw_server and connect_hw_server to re-initialize the hardware target. Use open_hw_target to re-register the hardware device.
ERROR: [Xicom 50-38] xicom: Core access failed. Check cable connectivity and that the target board is powered up then use the disconnect_hw_server and connect_hw_server to re-initialize the hardware target. Use open_hw_target to re-register the hardware device.
ERROR: [Xicom 50-38] xicom: Core access failed. Check cable connectivity and that the target board is powered up then use the disconnect_hw_server and connect_hw_server to re-initialize the hardware target. Use open_hw_target to re-register the hardware device.
close_hw
close_design
launch_runs impl_4 -to_step write_bitstream -jobs 2
[Wed Nov 02 21:30:47 2016] Launched synth_4...
Run output will be captured here: D:/VivadoProjects/eMMC_Controller_fifo.xpr/eMMC_Controller_4.6.1_tuning.xpr/eMMC_Controller/eMMC_Controller.runs/synth_4/runme.log
[Wed Nov 02 21:30:47 2016] Launched impl_4...
Run output will be captured here: D:/VivadoProjects/eMMC_Controller_fifo.xpr/eMMC_Controller_4.6.1_tuning.xpr/eMMC_Controller/eMMC_Controller.runs/impl_4/runme.log
open_hw
connect_hw_server
INFO: [Labtools 27-2285] Connecting to hw_server url TCP:localhost:3121
INFO: [Labtools 27-2222] Launching hw_server...
INFO: [Labtools 27-2221] Launch Output:

****** Xilinx hw_server v2015.4
  **** Build date : Nov 17 2015-18:01:07
    ** Copyright 1986-1999, 2001-2015 Xilinx, Inc. All Rights Reserved.


open_hw_target
INFO: [Labtoolstcl 44-466] Opening hw_target localhost:3121/xilinx_tcf/Digilent/210248686087
set_property PROGRAM.FILE {D:/VivadoProjects/eMMC_Controller_fifo.xpr/eMMC_Controller_4.6.1_tuning.xpr/eMMC_Controller/eMMC_Controller.runs/impl_4/Test_eMMC_Controller.bit} [lindex [get_hw_devices] 1]
set_property PROBES.FILE {D:/VivadoProjects/eMMC_Controller_fifo.xpr/eMMC_Controller_4.6.1_tuning.xpr/eMMC_Controller/eMMC_Controller.runs/impl_4/debug_nets.ltx} [lindex [get_hw_devices] 1]
current_hw_device [lindex [get_hw_devices] 1]
refresh_hw_device [lindex [get_hw_devices] 1]
INFO: [Labtools 27-1435] Device xc7z020 (JTAG device index = 1) is not programmed (DONE status = 0).
set_property PROBES.FILE {D:/VivadoProjects/eMMC_Controller_fifo.xpr/eMMC_Controller_4.6.1_tuning.xpr/eMMC_Controller/eMMC_Controller.runs/impl_4/debug_nets.ltx} [lindex [get_hw_devices] 1]
set_property PROGRAM.FILE {D:/VivadoProjects/eMMC_Controller_fifo.xpr/eMMC_Controller_4.6.1_tuning.xpr/eMMC_Controller/eMMC_Controller.runs/impl_4/Test_eMMC_Controller.bit} [lindex [get_hw_devices] 1]
program_hw_devices [lindex [get_hw_devices] 1]
INFO: [Labtools 27-3164] End of startup status: HIGH
refresh_hw_device [lindex [get_hw_devices] 1]
INFO: [Labtools 27-2302] Device xc7z020 (JTAG device index = 1) is programmed with a design that has 1 ILA core(s).
display_hw_ila_data [ get_hw_ila_data hw_ila_data_1 -of_objects [get_hw_ilas -of_objects [get_hw_devices xc7z020_1] -filter {CELL_NAME=~"u_ila_0"}]]
WARNING: Simulation object eMMC_controller_inst0/Curr_State was not found in the design.
run_hw_ila [get_hw_ilas -of_objects [get_hw_devices xc7z020_1] -filter {CELL_NAME=~"u_ila_0"}] -trigger_now
INFO: [Labtools 27-1964] The ILA core 'hw_ila_1' trigger was armed at 2016-Nov-02 21:36:38
wait_on_hw_ila [get_hw_ilas -of_objects [get_hw_devices xc7z020_1] -filter {CELL_NAME=~"u_ila_0"}]
display_hw_ila_data [upload_hw_ila_data [get_hw_ilas -of_objects [get_hw_devices xc7z020_1] -filter {CELL_NAME=~"u_ila_0"}]]
INFO: [Labtools 27-1966] The ILA core 'hw_ila_1' triggered at 2016-Nov-02 21:36:38
run_hw_ila [get_hw_ilas -of_objects [get_hw_devices xc7z020_1] -filter {CELL_NAME=~"u_ila_0"}]
INFO: [Labtools 27-1964] The ILA core 'hw_ila_1' trigger was armed at 2016-Nov-02 21:36:41
wait_on_hw_ila [get_hw_ilas -of_objects [get_hw_devices xc7z020_1] -filter {CELL_NAME=~"u_ila_0"}]
display_hw_ila_data [upload_hw_ila_data [get_hw_ilas -of_objects [get_hw_devices xc7z020_1] -filter {CELL_NAME=~"u_ila_0"}]]
INFO: [Labtools 27-1966] The ILA core 'hw_ila_1' triggered at 2016-Nov-02 21:36:43
set_property TRIGGER_COMPARE_VALUE eq5'h10 [get_hw_probes eMMC_controller_inst0/Steps_Curr_State -of_objects [get_hw_ilas -of_objects [get_hw_devices xc7z020_1] -filter {CELL_NAME=~"u_ila_0"}]]
run_hw_ila [get_hw_ilas -of_objects [get_hw_devices xc7z020_1] -filter {CELL_NAME=~"u_ila_0"}]
INFO: [Labtools 27-1964] The ILA core 'hw_ila_1' trigger was armed at 2016-Nov-02 21:37:00
wait_on_hw_ila [get_hw_ilas -of_objects [get_hw_devices xc7z020_1] -filter {CELL_NAME=~"u_ila_0"}]
display_hw_ila_data [upload_hw_ila_data [get_hw_ilas -of_objects [get_hw_devices xc7z020_1] -filter {CELL_NAME=~"u_ila_0"}]]
INFO: [Labtools 27-1966] The ILA core 'hw_ila_1' triggered at 2016-Nov-02 21:37:01
add_wave -into {hw_ila_data_1.wcfg} -radix hex {eMMC_controller_inst0/Fifo_bit_counter_reg__0}
add_wave -into {hw_ila_data_1.wcfg} -radix hex {eMMC_controller_inst0/fifo_wr_start}
run_hw_ila [get_hw_ilas -of_objects [get_hw_devices xc7z020_1] -filter {CELL_NAME=~"u_ila_0"}] -trigger_now
INFO: [Labtools 27-1964] The ILA core 'hw_ila_1' trigger was armed at 2016-Nov-02 21:39:52
wait_on_hw_ila [get_hw_ilas -of_objects [get_hw_devices xc7z020_1] -filter {CELL_NAME=~"u_ila_0"}]
display_hw_ila_data [upload_hw_ila_data [get_hw_ilas -of_objects [get_hw_devices xc7z020_1] -filter {CELL_NAME=~"u_ila_0"}]]
INFO: [Labtools 27-1966] The ILA core 'hw_ila_1' triggered at 2016-Nov-02 21:39:52
run_hw_ila [get_hw_ilas -of_objects [get_hw_devices xc7z020_1] -filter {CELL_NAME=~"u_ila_0"}]
INFO: [Labtools 27-1964] The ILA core 'hw_ila_1' trigger was armed at 2016-Nov-02 21:40:42
wait_on_hw_ila [get_hw_ilas -of_objects [get_hw_devices xc7z020_1] -filter {CELL_NAME=~"u_ila_0"}]
display_hw_ila_data [upload_hw_ila_data [get_hw_ilas -of_objects [get_hw_devices xc7z020_1] -filter {CELL_NAME=~"u_ila_0"}]]
INFO: [Labtools 27-1966] The ILA core 'hw_ila_1' triggered at 2016-Nov-02 21:40:43
ERROR: [Xicom 50-38] xicom: Core access failed. Check cable connectivity and that the target board is powered up then use the disconnect_hw_server and connect_hw_server to re-initialize the hardware target. Use open_hw_target to re-register the hardware device.
ERROR: [Xicom 50-38] xicom: Core access failed. Check cable connectivity and that the target board is powered up then use the disconnect_hw_server and connect_hw_server to re-initialize the hardware target. Use open_hw_target to re-register the hardware device.
ERROR: [Xicom 50-38] xicom: Core access failed. Check cable connectivity and that the target board is powered up then use the disconnect_hw_server and connect_hw_server to re-initialize the hardware target. Use open_hw_target to re-register the hardware device.
ERROR: [Xicom 50-38] xicom: Core access failed. Check cable connectivity and that the target board is powered up then use the disconnect_hw_server and connect_hw_server to re-initialize the hardware target. Use open_hw_target to re-register the hardware device.
ERROR: [Xicom 50-38] xicom: Core access failed. Check cable connectivity and that the target board is powered up then use the disconnect_hw_server and connect_hw_server to re-initialize the hardware target. Use open_hw_target to re-register the hardware device.
ERROR: [Xicom 50-38] xicom: Core access failed. Check cable connectivity and that the target board is powered up then use the disconnect_hw_server and connect_hw_server to re-initialize the hardware target. Use open_hw_target to re-register the hardware device.
ERROR: [Xicom 50-38] xicom: Core access failed. Check cable connectivity and that the target board is powered up then use the disconnect_hw_server and connect_hw_server to re-initialize the hardware target. Use open_hw_target to re-register the hardware device.
ERROR: [Xicom 50-38] xicom: Core access failed. Check cable connectivity and that the target board is powered up then use the disconnect_hw_server and connect_hw_server to re-initialize the hardware target. Use open_hw_target to re-register the hardware device.
ERROR: [Xicom 50-38] xicom: Core access failed. Check cable connectivity and that the target board is powered up then use the disconnect_hw_server and connect_hw_server to re-initialize the hardware target. Use open_hw_target to re-register the hardware device.
ERROR: [Xicom 50-38] xicom: Core access failed. Check cable connectivity and that the target board is powered up then use the disconnect_hw_server and connect_hw_server to re-initialize the hardware target. Use open_hw_target to re-register the hardware device.
ERROR: [Xicom 50-38] xicom: Core access failed. Check cable connectivity and that the target board is powered up then use the disconnect_hw_server and connect_hw_server to re-initialize the hardware target. Use open_hw_target to re-register the hardware device.
ERROR: [Xicom 50-38] xicom: Core access failed. Check cable connectivity and that the target board is powered up then use the disconnect_hw_server and connect_hw_server to re-initialize the hardware target. Use open_hw_target to re-register the hardware device.
ERROR: [Xicom 50-38] xicom: Core access failed. Check cable connectivity and that the target board is powered up then use the disconnect_hw_server and connect_hw_server to re-initialize the hardware target. Use open_hw_target to re-register the hardware device.
ERROR: [Xicom 50-38] xicom: Core access failed. Check cable connectivity and that the target board is powered up then use the disconnect_hw_server and connect_hw_server to re-initialize the hardware target. Use open_hw_target to re-register the hardware device.
ERROR: [Xicom 50-38] xicom: Core access failed. Check cable connectivity and that the target board is powered up then use the disconnect_hw_server and connect_hw_server to re-initialize the hardware target. Use open_hw_target to re-register the hardware device.
ERROR: [Xicom 50-38] xicom: Core access failed. Check cable connectivity and that the target board is powered up then use the disconnect_hw_server and connect_hw_server to re-initialize the hardware target. Use open_hw_target to re-register the hardware device.
ERROR: [Xicom 50-38] xicom: Core access failed. Check cable connectivity and that the target board is powered up then use the disconnect_hw_server and connect_hw_server to re-initialize the hardware target. Use open_hw_target to re-register the hardware device.
ERROR: [Xicom 50-38] xicom: Core access failed. Check cable connectivity and that the target board is powered up then use the disconnect_hw_server and connect_hw_server to re-initialize the hardware target. Use open_hw_target to re-register the hardware device.
ERROR: [Xicom 50-38] xicom: Core access failed. Check cable connectivity and that the target board is powered up then use the disconnect_hw_server and connect_hw_server to re-initialize the hardware target. Use open_hw_target to re-register the hardware device.
ERROR: [Xicom 50-38] xicom: Core access failed. Check cable connectivity and that the target board is powered up then use the disconnect_hw_server and connect_hw_server to re-initialize the hardware target. Use open_hw_target to re-register the hardware device.
ERROR: [Xicom 50-38] xicom: Core access failed. Check cable connectivity and that the target board is powered up then use the disconnect_hw_server and connect_hw_server to re-initialize the hardware target. Use open_hw_target to re-register the hardware device.
ERROR: [Xicom 50-38] xicom: Core access failed. Check cable connectivity and that the target board is powered up then use the disconnect_hw_server and connect_hw_server to re-initialize the hardware target. Use open_hw_target to re-register the hardware device.
ERROR: [Xicom 50-38] xicom: Core access failed. Check cable connectivity and that the target board is powered up then use the disconnect_hw_server and connect_hw_server to re-initialize the hardware target. Use open_hw_target to re-register the hardware device.
ERROR: [Xicom 50-38] xicom: Core access failed. Check cable connectivity and that the target board is powered up then use the disconnect_hw_server and connect_hw_server to re-initialize the hardware target. Use open_hw_target to re-register the hardware device.
ERROR: [Xicom 50-38] xicom: Core access failed. Check cable connectivity and that the target board is powered up then use the disconnect_hw_server and connect_hw_server to re-initialize the hardware target. Use open_hw_target to re-register the hardware device.
ERROR: [Xicom 50-38] xicom: Core access failed. Check cable connectivity and that the target board is powered up then use the disconnect_hw_server and connect_hw_server to re-initialize the hardware target. Use open_hw_target to re-register the hardware device.
ERROR: [Xicom 50-38] xicom: Core access failed. Check cable connectivity and that the target board is powered up then use the disconnect_hw_server and connect_hw_server to re-initialize the hardware target. Use open_hw_target to re-register the hardware device.
ERROR: [Xicom 50-38] xicom: Core access failed. Check cable connectivity and that the target board is powered up then use the disconnect_hw_server and connect_hw_server to re-initialize the hardware target. Use open_hw_target to re-register the hardware device.
ERROR: [Xicom 50-38] xicom: Core access failed. Check cable connectivity and that the target board is powered up then use the disconnect_hw_server and connect_hw_server to re-initialize the hardware target. Use open_hw_target to re-register the hardware device.
ERROR: [Xicom 50-38] xicom: Core access failed. Check cable connectivity and that the target board is powered up then use the disconnect_hw_server and connect_hw_server to re-initialize the hardware target. Use open_hw_target to re-register the hardware device.
ERROR: [Xicom 50-38] xicom: Core access failed. Check cable connectivity and that the target board is powered up then use the disconnect_hw_server and connect_hw_server to re-initialize the hardware target. Use open_hw_target to re-register the hardware device.
ERROR: [Xicom 50-38] xicom: Core access failed. Check cable connectivity and that the target board is powered up then use the disconnect_hw_server and connect_hw_server to re-initialize the hardware target. Use open_hw_target to re-register the hardware device.
ERROR: [Xicom 50-38] xicom: Core access failed. Check cable connectivity and that the target board is powered up then use the disconnect_hw_server and connect_hw_server to re-initialize the hardware target. Use open_hw_target to re-register the hardware device.
ERROR: [Xicom 50-38] xicom: Core access failed. Check cable connectivity and that the target board is powered up then use the disconnect_hw_server and connect_hw_server to re-initialize the hardware target. Use open_hw_target to re-register the hardware device.
ERROR: [Xicom 50-38] xicom: Core access failed. Check cable connectivity and that the target board is powered up then use the disconnect_hw_server and connect_hw_server to re-initialize the hardware target. Use open_hw_target to re-register the hardware device.
ERROR: [Xicom 50-38] xicom: Core access failed. Check cable connectivity and that the target board is powered up then use the disconnect_hw_server and connect_hw_server to re-initialize the hardware target. Use open_hw_target to re-register the hardware device.
ERROR: [Xicom 50-38] xicom: Core access failed. Check cable connectivity and that the target board is powered up then use the disconnect_hw_server and connect_hw_server to re-initialize the hardware target. Use open_hw_target to re-register the hardware device.
ERROR: [Xicom 50-38] xicom: Core access failed. Check cable connectivity and that the target board is powered up then use the disconnect_hw_server and connect_hw_server to re-initialize the hardware target. Use open_hw_target to re-register the hardware device.
ERROR: [Xicom 50-38] xicom: Core access failed. Check cable connectivity and that the target board is powered up then use the disconnect_hw_server and connect_hw_server to re-initialize the hardware target. Use open_hw_target to re-register the hardware device.
ERROR: [Xicom 50-38] xicom: Core access failed. Check cable connectivity and that the target board is powered up then use the disconnect_hw_server and connect_hw_server to re-initialize the hardware target. Use open_hw_target to re-register the hardware device.
ERROR: [Xicom 50-38] xicom: Core access failed. Check cable connectivity and that the target board is powered up then use the disconnect_hw_server and connect_hw_server to re-initialize the hardware target. Use open_hw_target to re-register the hardware device.
ERROR: [Xicom 50-38] xicom: Core access failed. Check cable connectivity and that the target board is powered up then use the disconnect_hw_server and connect_hw_server to re-initialize the hardware target. Use open_hw_target to re-register the hardware device.
ERROR: [Xicom 50-38] xicom: Core access failed. Check cable connectivity and that the target board is powered up then use the disconnect_hw_server and connect_hw_server to re-initialize the hardware target. Use open_hw_target to re-register the hardware device.
ERROR: [Xicom 50-38] xicom: Core access failed. Check cable connectivity and that the target board is powered up then use the disconnect_hw_server and connect_hw_server to re-initialize the hardware target. Use open_hw_target to re-register the hardware device.
ERROR: [Xicom 50-38] xicom: Core access failed. Check cable connectivity and that the target board is powered up then use the disconnect_hw_server and connect_hw_server to re-initialize the hardware target. Use open_hw_target to re-register the hardware device.
ERROR: [Xicom 50-38] xicom: Core access failed. Check cable connectivity and that the target board is powered up then use the disconnect_hw_server and connect_hw_server to re-initialize the hardware target. Use open_hw_target to re-register the hardware device.
ERROR: [Xicom 50-38] xicom: Core access failed. Check cable connectivity and that the target board is powered up then use the disconnect_hw_server and connect_hw_server to re-initialize the hardware target. Use open_hw_target to re-register the hardware device.
ERROR: [Xicom 50-38] xicom: Core access failed. Check cable connectivity and that the target board is powered up then use the disconnect_hw_server and connect_hw_server to re-initialize the hardware target. Use open_hw_target to re-register the hardware device.
ERROR: [Xicom 50-38] xicom: Core access failed. Check cable connectivity and that the target board is powered up then use the disconnect_hw_server and connect_hw_server to re-initialize the hardware target. Use open_hw_target to re-register the hardware device.
ERROR: [Xicom 50-38] xicom: Core access failed. Check cable connectivity and that the target board is powered up then use the disconnect_hw_server and connect_hw_server to re-initialize the hardware target. Use open_hw_target to re-register the hardware device.
ERROR: [Xicom 50-38] xicom: Core access failed. Check cable connectivity and that the target board is powered up then use the disconnect_hw_server and connect_hw_server to re-initialize the hardware target. Use open_hw_target to re-register the hardware device.
ERROR: [Xicom 50-38] xicom: Core access failed. Check cable connectivity and that the target board is powered up then use the disconnect_hw_server and connect_hw_server to re-initialize the hardware target. Use open_hw_target to re-register the hardware device.
ERROR: [Xicom 50-38] xicom: Core access failed. Check cable connectivity and that the target board is powered up then use the disconnect_hw_server and connect_hw_server to re-initialize the hardware target. Use open_hw_target to re-register the hardware device.
ERROR: [Xicom 50-38] xicom: Core access failed. Check cable connectivity and that the target board is powered up then use the disconnect_hw_server and connect_hw_server to re-initialize the hardware target. Use open_hw_target to re-register the hardware device.
ERROR: [Xicom 50-38] xicom: Core access failed. Check cable connectivity and that the target board is powered up then use the disconnect_hw_server and connect_hw_server to re-initialize the hardware target. Use open_hw_target to re-register the hardware device.
ERROR: [Xicom 50-38] xicom: Core access failed. Check cable connectivity and that the target board is powered up then use the disconnect_hw_server and connect_hw_server to re-initialize the hardware target. Use open_hw_target to re-register the hardware device.
ERROR: [Xicom 50-38] xicom: Core access failed. Check cable connectivity and that the target board is powered up then use the disconnect_hw_server and connect_hw_server to re-initialize the hardware target. Use open_hw_target to re-register the hardware device.
ERROR: [Xicom 50-38] xicom: Core access failed. Check cable connectivity and that the target board is powered up then use the disconnect_hw_server and connect_hw_server to re-initialize the hardware target. Use open_hw_target to re-register the hardware device.
ERROR: [Xicom 50-38] xicom: Core access failed. Check cable connectivity and that the target board is powered up then use the disconnect_hw_server and connect_hw_server to re-initialize the hardware target. Use open_hw_target to re-register the hardware device.
ERROR: [Xicom 50-38] xicom: Core access failed. Check cable connectivity and that the target board is powered up then use the disconnect_hw_server and connect_hw_server to re-initialize the hardware target. Use open_hw_target to re-register the hardware device.
ERROR: [Xicom 50-38] xicom: Core access failed. Check cable connectivity and that the target board is powered up then use the disconnect_hw_server and connect_hw_server to re-initialize the hardware target. Use open_hw_target to re-register the hardware device.
ERROR: [Xicom 50-38] xicom: Core access failed. Check cable connectivity and that the target board is powered up then use the disconnect_hw_server and connect_hw_server to re-initialize the hardware target. Use open_hw_target to re-register the hardware device.
ERROR: [Xicom 50-38] xicom: Core access failed. Check cable connectivity and that the target board is powered up then use the disconnect_hw_server and connect_hw_server to re-initialize the hardware target. Use open_hw_target to re-register the hardware device.
ERROR: [Xicom 50-38] xicom: Core access failed. Check cable connectivity and that the target board is powered up then use the disconnect_hw_server and connect_hw_server to re-initialize the hardware target. Use open_hw_target to re-register the hardware device.
ERROR: [Xicom 50-38] xicom: Core access failed. Check cable connectivity and that the target board is powered up then use the disconnect_hw_server and connect_hw_server to re-initialize the hardware target. Use open_hw_target to re-register the hardware device.
ERROR: [Xicom 50-38] xicom: Core access failed. Check cable connectivity and that the target board is powered up then use the disconnect_hw_server and connect_hw_server to re-initialize the hardware target. Use open_hw_target to re-register the hardware device.
ERROR: [Xicom 50-38] xicom: Core access failed. Check cable connectivity and that the target board is powered up then use the disconnect_hw_server and connect_hw_server to re-initialize the hardware target. Use open_hw_target to re-register the hardware device.
ERROR: [Xicom 50-38] xicom: Core access failed. Check cable connectivity and that the target board is powered up then use the disconnect_hw_server and connect_hw_server to re-initialize the hardware target. Use open_hw_target to re-register the hardware device.
ERROR: [Xicom 50-38] xicom: Core access failed. Check cable connectivity and that the target board is powered up then use the disconnect_hw_server and connect_hw_server to re-initialize the hardware target. Use open_hw_target to re-register the hardware device.
ERROR: [Xicom 50-38] xicom: Core access failed. Check cable connectivity and that the target board is powered up then use the disconnect_hw_server and connect_hw_server to re-initialize the hardware target. Use open_hw_target to re-register the hardware device.
ERROR: [Xicom 50-38] xicom: Core access failed. Check cable connectivity and that the target board is powered up then use the disconnect_hw_server and connect_hw_server to re-initialize the hardware target. Use open_hw_target to re-register the hardware device.
ERROR: [Xicom 50-38] xicom: Core access failed. Check cable connectivity and that the target board is powered up then use the disconnect_hw_server and connect_hw_server to re-initialize the hardware target. Use open_hw_target to re-register the hardware device.
ERROR: [Xicom 50-38] xicom: Core access failed. Check cable connectivity and that the target board is powered up then use the disconnect_hw_server and connect_hw_server to re-initialize the hardware target. Use open_hw_target to re-register the hardware device.
ERROR: [Xicom 50-38] xicom: Core access failed. Check cable connectivity and that the target board is powered up then use the disconnect_hw_server and connect_hw_server to re-initialize the hardware target. Use open_hw_target to re-register the hardware device.
ERROR: [Xicom 50-38] xicom: Core access failed. Check cable connectivity and that the target board is powered up then use the disconnect_hw_server and connect_hw_server to re-initialize the hardware target. Use open_hw_target to re-register the hardware device.
ERROR: [Xicom 50-38] xicom: Core access failed. Check cable connectivity and that the target board is powered up then use the disconnect_hw_server and connect_hw_server to re-initialize the hardware target. Use open_hw_target to re-register the hardware device.
ERROR: [Xicom 50-38] xicom: Core access failed. Check cable connectivity and that the target board is powered up then use the disconnect_hw_server and connect_hw_server to re-initialize the hardware target. Use open_hw_target to re-register the hardware device.
ERROR: [Xicom 50-38] xicom: Core access failed. Check cable connectivity and that the target board is powered up then use the disconnect_hw_server and connect_hw_server to re-initialize the hardware target. Use open_hw_target to re-register the hardware device.
ERROR: [Xicom 50-38] xicom: Core access failed. Check cable connectivity and that the target board is powered up then use the disconnect_hw_server and connect_hw_server to re-initialize the hardware target. Use open_hw_target to re-register the hardware device.
ERROR: [Xicom 50-38] xicom: Core access failed. Check cable connectivity and that the target board is powered up then use the disconnect_hw_server and connect_hw_server to re-initialize the hardware target. Use open_hw_target to re-register the hardware device.
ERROR: [Xicom 50-38] xicom: Core access failed. Check cable connectivity and that the target board is powered up then use the disconnect_hw_server and connect_hw_server to re-initialize the hardware target. Use open_hw_target to re-register the hardware device.
ERROR: [Xicom 50-38] xicom: Core access failed. Check cable connectivity and that the target board is powered up then use the disconnect_hw_server and connect_hw_server to re-initialize the hardware target. Use open_hw_target to re-register the hardware device.
ERROR: [Xicom 50-38] xicom: Core access failed. Check cable connectivity and that the target board is powered up then use the disconnect_hw_server and connect_hw_server to re-initialize the hardware target. Use open_hw_target to re-register the hardware device.
ERROR: [Xicom 50-38] xicom: Core access failed. Check cable connectivity and that the target board is powered up then use the disconnect_hw_server and connect_hw_server to re-initialize the hardware target. Use open_hw_target to re-register the hardware device.
ERROR: [Xicom 50-38] xicom: Core access failed. Check cable connectivity and that the target board is powered up then use the disconnect_hw_server and connect_hw_server to re-initialize the hardware target. Use open_hw_target to re-register the hardware device.
ERROR: [Xicom 50-38] xicom: Core access failed. Check cable connectivity and that the target board is powered up then use the disconnect_hw_server and connect_hw_server to re-initialize the hardware target. Use open_hw_target to re-register the hardware device.
ERROR: [Xicom 50-38] xicom: Core access failed. Check cable connectivity and that the target board is powered up then use the disconnect_hw_server and connect_hw_server to re-initialize the hardware target. Use open_hw_target to re-register the hardware device.
ERROR: [Xicom 50-38] xicom: Core access failed. Check cable connectivity and that the target board is powered up then use the disconnect_hw_server and connect_hw_server to re-initialize the hardware target. Use open_hw_target to re-register the hardware device.
ERROR: [Xicom 50-38] xicom: Core access failed. Check cable connectivity and that the target board is powered up then use the disconnect_hw_server and connect_hw_server to re-initialize the hardware target. Use open_hw_target to re-register the hardware device.
ERROR: [Xicom 50-38] xicom: Core access failed. Check cable connectivity and that the target board is powered up then use the disconnect_hw_server and connect_hw_server to re-initialize the hardware target. Use open_hw_target to re-register the hardware device.
ERROR: [Xicom 50-38] xicom: Core access failed. Check cable connectivity and that the target board is powered up then use the disconnect_hw_server and connect_hw_server to re-initialize the hardware target. Use open_hw_target to re-register the hardware device.
ERROR: [Xicom 50-38] xicom: Core access failed. Check cable connectivity and that the target board is powered up then use the disconnect_hw_server and connect_hw_server to re-initialize the hardware target. Use open_hw_target to re-register the hardware device.
ERROR: [Xicom 50-38] xicom: Core access failed. Check cable connectivity and that the target board is powered up then use the disconnect_hw_server and connect_hw_server to re-initialize the hardware target. Use open_hw_target to re-register the hardware device.
ERROR: [Xicom 50-38] xicom: Core access failed. Check cable connectivity and that the target board is powered up then use the disconnect_hw_server and connect_hw_server to re-initialize the hardware target. Use open_hw_target to re-register the hardware device.
ERROR: [Xicom 50-38] xicom: Core access failed. Check cable connectivity and that the target board is powered up then use the disconnect_hw_server and connect_hw_server to re-initialize the hardware target. Use open_hw_target to re-register the hardware device.
ERROR: [Xicom 50-38] xicom: Core access failed. Check cable connectivity and that the target board is powered up then use the disconnect_hw_server and connect_hw_server to re-initialize the hardware target. Use open_hw_target to re-register the hardware device.
ERROR: [Xicom 50-38] xicom: Core access failed. Check cable connectivity and that the target board is powered up then use the disconnect_hw_server and connect_hw_server to re-initialize the hardware target. Use open_hw_target to re-register the hardware device.
ERROR: [Xicom 50-38] xicom: Core access failed. Check cable connectivity and that the target board is powered up then use the disconnect_hw_server and connect_hw_server to re-initialize the hardware target. Use open_hw_target to re-register the hardware device.
ERROR: [Xicom 50-38] xicom: Core access failed. Check cable connectivity and that the target board is powered up then use the disconnect_hw_server and connect_hw_server to re-initialize the hardware target. Use open_hw_target to re-register the hardware device.
ERROR: [Xicom 50-38] xicom: Core access failed. Check cable connectivity and that the target board is powered up then use the disconnect_hw_server and connect_hw_server to re-initialize the hardware target. Use open_hw_target to re-register the hardware device.
INFO: [Common 17-14] Message 'Xicom 50-38' appears 100 times and further instances of the messages will be disabled. Use the Tcl command set_msg_config to change the current settings.
save_wave_config {D:/VivadoProjects/eMMC_Controller_fifo.xpr/eMMC_Controller_4.6.1_tuning.xpr/eMMC_Controller/eMMC_Controller.hw/hw_1/wave/hw_ila_data_1/hw_ila_data_1.wcfg}
close_hw
close_project
****** Webtalk v2015.4 (64-bit)
  **** SW Build 1412921 on Wed Nov 18 09:43:45 MST 2015
  **** IP Build 1412160 on Tue Nov 17 13:47:24 MST 2015
    ** Copyright 1986-2015 Xilinx, Inc. All Rights Reserved.

source D:/VivadoProjects/eMMC_Controller_fifo.xpr/eMMC_Controller_4.6.1_tuning.xpr/eMMC_Controller/eMMC_Controller.hw/webtalk/labtool_webtalk.tcl -notrace
INFO: [Common 17-206] Exiting Webtalk at Wed Nov 02 21:50:27 2016...
open_project D:/VivadoProjects/eMMC_Controller_fifo.xpr/eMMC_Controller_4.6.1_tuning.xpr/eMMC_Controller/eMMC_Controller.xpr
INFO: [ProjectBase 1-489] The host OS only allows 260 characters in a normal path. The project is stored in a path with more than 80 characters. If you experience issues with IP, Block Designs, or files not being found, please consider moving the project to a location with a shorter path. Alternately consider using the OS subst command to map part of the path to a drive letter.
Current project path is 'D:/VivadoProjects/eMMC_Controller_fifo.xpr/eMMC_Controller_4.6.1_tuning.xpr/eMMC_Controller'
Scanning sources...
Finished scanning sources
INFO: [IP_Flow 19-234] Refreshing IP repositories
INFO: [IP_Flow 19-1704] No user IP repositories specified
INFO: [IP_Flow 19-2313] Loaded Vivado IP repository 'G:/Xilinx/Vivado/2015.4/data/ip'.
open_project: Time (s): cpu = 00:00:07 ; elapsed = 00:00:07 . Memory (MB): peak = 1935.754 ; gain = 0.000
can't read "Fifo_Implementation_Warng_1": no such variable
can't read "PARAM_VALUE.ECC_PIPELINE_REG": no such variable
can't read "PARAM_VALUE.ECC_PIPELINE_REG": no such variable
can't read "Fifo_Implementation_Warng_1": no such variable
can't read "Fifo_Implementation_Warng_1": no such variable
can't read "Fifo_Implementation_Warng_1": no such variable
can't read "PARAM_VALUE.ECC_PIPELINE_REG": no such variable
can't read "PARAM_VALUE.ECC_PIPELINE_REG": no such variable
can't read "Fifo_Implementation_Warng_1": no such variable
can't read "Fifo_Implementation_Warng_1": no such variable
set_property -dict [list CONFIG.Performance_Options {First_Word_Fall_Through} CONFIG.Use_Extra_Logic {true} CONFIG.Data_Count_Width {9} CONFIG.Write_Data_Count_Width {9} CONFIG.Read_Data_Count_Width {9} CONFIG.Full_Threshold_Assert_Value {255} CONFIG.Full_Threshold_Negate_Value {254} CONFIG.Empty_Threshold_Assert_Value {4} CONFIG.Empty_Threshold_Negate_Value {5}] [get_ips Read_data512B_buffer]
generate_target all [get_files  D:/VivadoProjects/eMMC_Controller_fifo.xpr/eMMC_Controller_4.6.1_tuning.xpr/eMMC_Controller/eMMC_Controller.srcs/sources_1/ip/Read_data512B_buffer/Read_data512B_buffer.xci]
INFO: [IP_Flow 19-1686] Generating 'Instantiation Template' target for IP 'Read_data512B_buffer'...
INFO: [IP_Flow 19-1686] Generating 'Synthesis' target for IP 'Read_data512B_buffer'...
INFO: [IP_Flow 19-1686] Generating 'Simulation' target for IP 'Read_data512B_buffer'...
INFO: [IP_Flow 19-1686] Generating 'Change Log' target for IP 'Read_data512B_buffer'...
export_ip_user_files -of_objects [get_files D:/VivadoProjects/eMMC_Controller_fifo.xpr/eMMC_Controller_4.6.1_tuning.xpr/eMMC_Controller/eMMC_Controller.srcs/sources_1/ip/Read_data512B_buffer/Read_data512B_buffer.xci] -no_script -force -quiet
reset_run Read_data512B_buffer_synth_1
launch_run -jobs 2 Read_data512B_buffer_synth_1
[Wed Nov 02 21:51:47 2016] Launched Read_data512B_buffer_synth_1...
Run output will be captured here: D:/VivadoProjects/eMMC_Controller_fifo.xpr/eMMC_Controller_4.6.1_tuning.xpr/eMMC_Controller/eMMC_Controller.runs/Read_data512B_buffer_synth_1/runme.log
export_simulation -of_objects [get_files D:/VivadoProjects/eMMC_Controller_fifo.xpr/eMMC_Controller_4.6.1_tuning.xpr/eMMC_Controller/eMMC_Controller.srcs/sources_1/ip/Read_data512B_buffer/Read_data512B_buffer.xci] -directory D:/VivadoProjects/eMMC_Controller_fifo.xpr/eMMC_Controller_4.6.1_tuning.xpr/eMMC_Controller/eMMC_Controller.ip_user_files/sim_scripts -force -quiet
can't read "Fifo_Implementation_Warng_1": no such variable
can't read "PARAM_VALUE.ECC_PIPELINE_REG": no such variable
can't read "PARAM_VALUE.ECC_PIPELINE_REG": no such variable
can't read "Fifo_Implementation_Warng_1": no such variable
can't read "Fifo_Implementation_Warng_1": no such variable
reset_run synth_4
launch_runs impl_4 -to_step write_bitstream -jobs 2
[Wed Nov 02 21:54:26 2016] Launched synth_4...
Run output will be captured here: D:/VivadoProjects/eMMC_Controller_fifo.xpr/eMMC_Controller_4.6.1_tuning.xpr/eMMC_Controller/eMMC_Controller.runs/synth_4/runme.log
[Wed Nov 02 21:54:26 2016] Launched impl_4...
Run output will be captured here: D:/VivadoProjects/eMMC_Controller_fifo.xpr/eMMC_Controller_4.6.1_tuning.xpr/eMMC_Controller/eMMC_Controller.runs/impl_4/runme.log
open_hw
connect_hw_server
INFO: [Labtools 27-2285] Connecting to hw_server url TCP:localhost:3121
INFO: [Labtools 27-2222] Launching hw_server...
INFO: [Labtools 27-2221] Launch Output:

****** Xilinx hw_server v2015.4
  **** Build date : Nov 17 2015-18:01:07
    ** Copyright 1986-1999, 2001-2015 Xilinx, Inc. All Rights Reserved.


open_hw_target
INFO: [Labtoolstcl 44-466] Opening hw_target localhost:3121/xilinx_tcf/Digilent/210248686087
ERROR: [Labtools 27-2269] No devices detected on target localhost:3121/xilinx_tcf/Digilent/210248686087.
Check cable connectivity and that the target board is powered up then
use the disconnect_hw_server and connect_hw_server to re-register this hardware target.
ERROR: [Labtools 27-55] Invalid index 0 passed to getDevice
close_hw
open_hw
connect_hw_server
INFO: [Labtools 27-2285] Connecting to hw_server url TCP:localhost:3121
open_hw_target
INFO: [Labtoolstcl 44-466] Opening hw_target localhost:3121/xilinx_tcf/Digilent/210248686087
set_property PROGRAM.FILE {D:/VivadoProjects/eMMC_Controller_fifo.xpr/eMMC_Controller_4.6.1_tuning.xpr/eMMC_Controller/eMMC_Controller.runs/impl_4/Test_eMMC_Controller.bit} [lindex [get_hw_devices] 1]
set_property PROBES.FILE {D:/VivadoProjects/eMMC_Controller_fifo.xpr/eMMC_Controller_4.6.1_tuning.xpr/eMMC_Controller/eMMC_Controller.runs/impl_4/debug_nets.ltx} [lindex [get_hw_devices] 1]
current_hw_device [lindex [get_hw_devices] 1]
refresh_hw_device [lindex [get_hw_devices] 1]
INFO: [Labtools 27-1435] Device xc7z020 (JTAG device index = 1) is not programmed (DONE status = 0).
set_property PROBES.FILE {D:/VivadoProjects/eMMC_Controller_fifo.xpr/eMMC_Controller_4.6.1_tuning.xpr/eMMC_Controller/eMMC_Controller.runs/impl_4/debug_nets.ltx} [lindex [get_hw_devices] 1]
set_property PROGRAM.FILE {D:/VivadoProjects/eMMC_Controller_fifo.xpr/eMMC_Controller_4.6.1_tuning.xpr/eMMC_Controller/eMMC_Controller.runs/impl_4/Test_eMMC_Controller.bit} [lindex [get_hw_devices] 1]
program_hw_devices [lindex [get_hw_devices] 1]
INFO: [Labtools 27-3164] End of startup status: HIGH
refresh_hw_device [lindex [get_hw_devices] 1]
INFO: [Labtools 27-2302] Device xc7z020 (JTAG device index = 1) is programmed with a design that has 1 ILA core(s).
display_hw_ila_data [ get_hw_ila_data hw_ila_data_1 -of_objects [get_hw_ilas -of_objects [get_hw_devices xc7z020_1] -filter {CELL_NAME=~"u_ila_0"}]]
run_hw_ila [get_hw_ilas -of_objects [get_hw_devices xc7z020_1] -filter {CELL_NAME=~"u_ila_0"}] -trigger_now
INFO: [Labtools 27-1964] The ILA core 'hw_ila_1' trigger was armed at 2016-Nov-02 22:00:49
wait_on_hw_ila [get_hw_ilas -of_objects [get_hw_devices xc7z020_1] -filter {CELL_NAME=~"u_ila_0"}]
display_hw_ila_data [upload_hw_ila_data [get_hw_ilas -of_objects [get_hw_devices xc7z020_1] -filter {CELL_NAME=~"u_ila_0"}]]
INFO: [Labtools 27-1966] The ILA core 'hw_ila_1' triggered at 2016-Nov-02 22:00:49
run_hw_ila [get_hw_ilas -of_objects [get_hw_devices xc7z020_1] -filter {CELL_NAME=~"u_ila_0"}]
INFO: [Labtools 27-1964] The ILA core 'hw_ila_1' trigger was armed at 2016-Nov-02 22:00:52
wait_on_hw_ila [get_hw_ilas -of_objects [get_hw_devices xc7z020_1] -filter {CELL_NAME=~"u_ila_0"}]
display_hw_ila_data [upload_hw_ila_data [get_hw_ilas -of_objects [get_hw_devices xc7z020_1] -filter {CELL_NAME=~"u_ila_0"}]]
INFO: [Labtools 27-1966] The ILA core 'hw_ila_1' triggered at 2016-Nov-02 22:00:53
set_property TRIGGER_COMPARE_VALUE eq5'h10 [get_hw_probes eMMC_controller_inst0/Steps_Curr_State -of_objects [get_hw_ilas -of_objects [get_hw_devices xc7z020_1] -filter {CELL_NAME=~"u_ila_0"}]]
run_hw_ila [get_hw_ilas -of_objects [get_hw_devices xc7z020_1] -filter {CELL_NAME=~"u_ila_0"}]
INFO: [Labtools 27-1964] The ILA core 'hw_ila_1' trigger was armed at 2016-Nov-02 22:02:04
wait_on_hw_ila [get_hw_ilas -of_objects [get_hw_devices xc7z020_1] -filter {CELL_NAME=~"u_ila_0"}]
display_hw_ila_data [upload_hw_ila_data [get_hw_ilas -of_objects [get_hw_devices xc7z020_1] -filter {CELL_NAME=~"u_ila_0"}]]
INFO: [Labtools 27-1966] The ILA core 'hw_ila_1' triggered at 2016-Nov-02 22:02:06
close_hw
reset_run synth_4
launch_runs impl_4 -to_step write_bitstream -jobs 2
[Wed Nov 02 22:03:31 2016] Launched synth_4...
Run output will be captured here: D:/VivadoProjects/eMMC_Controller_fifo.xpr/eMMC_Controller_4.6.1_tuning.xpr/eMMC_Controller/eMMC_Controller.runs/synth_4/runme.log
[Wed Nov 02 22:03:32 2016] Launched impl_4...
Run output will be captured here: D:/VivadoProjects/eMMC_Controller_fifo.xpr/eMMC_Controller_4.6.1_tuning.xpr/eMMC_Controller/eMMC_Controller.runs/impl_4/runme.log
open_hw
connect_hw_server
INFO: [Labtools 27-2285] Connecting to hw_server url TCP:localhost:3121
INFO: [Labtools 27-2222] Launching hw_server...
INFO: [Labtools 27-2221] Launch Output:

****** Xilinx hw_server v2015.4
  **** Build date : Nov 17 2015-18:01:07
    ** Copyright 1986-1999, 2001-2015 Xilinx, Inc. All Rights Reserved.


open_hw_target
INFO: [Labtoolstcl 44-466] Opening hw_target localhost:3121/xilinx_tcf/Digilent/210248686087
set_property PROGRAM.FILE {D:/VivadoProjects/eMMC_Controller_fifo.xpr/eMMC_Controller_4.6.1_tuning.xpr/eMMC_Controller/eMMC_Controller.runs/impl_4/Test_eMMC_Controller.bit} [lindex [get_hw_devices] 1]
set_property PROBES.FILE {D:/VivadoProjects/eMMC_Controller_fifo.xpr/eMMC_Controller_4.6.1_tuning.xpr/eMMC_Controller/eMMC_Controller.runs/impl_4/debug_nets.ltx} [lindex [get_hw_devices] 1]
current_hw_device [lindex [get_hw_devices] 1]
refresh_hw_device [lindex [get_hw_devices] 1]
INFO: [Labtools 27-1435] Device xc7z020 (JTAG device index = 1) is not programmed (DONE status = 0).
set_property PROBES.FILE {D:/VivadoProjects/eMMC_Controller_fifo.xpr/eMMC_Controller_4.6.1_tuning.xpr/eMMC_Controller/eMMC_Controller.runs/impl_4/debug_nets.ltx} [lindex [get_hw_devices] 1]
set_property PROGRAM.FILE {D:/VivadoProjects/eMMC_Controller_fifo.xpr/eMMC_Controller_4.6.1_tuning.xpr/eMMC_Controller/eMMC_Controller.runs/impl_4/Test_eMMC_Controller.bit} [lindex [get_hw_devices] 1]
program_hw_devices [lindex [get_hw_devices] 1]
INFO: [Labtools 27-3164] End of startup status: HIGH
refresh_hw_device [lindex [get_hw_devices] 1]
INFO: [Labtools 27-2302] Device xc7z020 (JTAG device index = 1) is programmed with a design that has 1 ILA core(s).
display_hw_ila_data [ get_hw_ila_data hw_ila_data_1 -of_objects [get_hw_ilas -of_objects [get_hw_devices xc7z020_1] -filter {CELL_NAME=~"u_ila_0"}]]
run_hw_ila [get_hw_ilas -of_objects [get_hw_devices xc7z020_1] -filter {CELL_NAME=~"u_ila_0"}] -trigger_now
INFO: [Labtools 27-1964] The ILA core 'hw_ila_1' trigger was armed at 2016-Nov-02 22:11:37
wait_on_hw_ila [get_hw_ilas -of_objects [get_hw_devices xc7z020_1] -filter {CELL_NAME=~"u_ila_0"}]
display_hw_ila_data [upload_hw_ila_data [get_hw_ilas -of_objects [get_hw_devices xc7z020_1] -filter {CELL_NAME=~"u_ila_0"}]]
INFO: [Labtools 27-1966] The ILA core 'hw_ila_1' triggered at 2016-Nov-02 22:11:37
run_hw_ila [get_hw_ilas -of_objects [get_hw_devices xc7z020_1] -filter {CELL_NAME=~"u_ila_0"}]
INFO: [Labtools 27-1964] The ILA core 'hw_ila_1' trigger was armed at 2016-Nov-02 22:11:39
wait_on_hw_ila [get_hw_ilas -of_objects [get_hw_devices xc7z020_1] -filter {CELL_NAME=~"u_ila_0"}]
display_hw_ila_data [upload_hw_ila_data [get_hw_ilas -of_objects [get_hw_devices xc7z020_1] -filter {CELL_NAME=~"u_ila_0"}]]
INFO: [Labtools 27-1966] The ILA core 'hw_ila_1' triggered at 2016-Nov-02 22:11:44
set_property TRIGGER_COMPARE_VALUE eq5'h10 [get_hw_probes eMMC_controller_inst0/Steps_Curr_State -of_objects [get_hw_ilas -of_objects [get_hw_devices xc7z020_1] -filter {CELL_NAME=~"u_ila_0"}]]
run_hw_ila [get_hw_ilas -of_objects [get_hw_devices xc7z020_1] -filter {CELL_NAME=~"u_ila_0"}]
INFO: [Labtools 27-1964] The ILA core 'hw_ila_1' trigger was armed at 2016-Nov-02 22:11:53
wait_on_hw_ila [get_hw_ilas -of_objects [get_hw_devices xc7z020_1] -filter {CELL_NAME=~"u_ila_0"}]
display_hw_ila_data [upload_hw_ila_data [get_hw_ilas -of_objects [get_hw_devices xc7z020_1] -filter {CELL_NAME=~"u_ila_0"}]]
INFO: [Labtools 27-1966] The ILA core 'hw_ila_1' triggered at 2016-Nov-02 22:11:54
save_wave_config {D:/VivadoProjects/eMMC_Controller_fifo.xpr/eMMC_Controller_4.6.1_tuning.xpr/eMMC_Controller/eMMC_Controller.hw/hw_1/wave/hw_ila_data_1/hw_ila_data_1.wcfg}
close_hw
reset_run synth_4
launch_runs impl_4 -to_step write_bitstream -jobs 2
[Wed Nov 02 22:14:49 2016] Launched synth_4...
Run output will be captured here: D:/VivadoProjects/eMMC_Controller_fifo.xpr/eMMC_Controller_4.6.1_tuning.xpr/eMMC_Controller/eMMC_Controller.runs/synth_4/runme.log
[Wed Nov 02 22:14:49 2016] Launched impl_4...
Run output will be captured here: D:/VivadoProjects/eMMC_Controller_fifo.xpr/eMMC_Controller_4.6.1_tuning.xpr/eMMC_Controller/eMMC_Controller.runs/impl_4/runme.log
open_hw
connect_hw_server
INFO: [Labtools 27-2285] Connecting to hw_server url TCP:localhost:3121
INFO: [Labtools 27-2222] Launching hw_server...
INFO: [Labtools 27-2221] Launch Output:

****** Xilinx hw_server v2015.4
  **** Build date : Nov 17 2015-18:01:07
    ** Copyright 1986-1999, 2001-2015 Xilinx, Inc. All Rights Reserved.


open_hw_target
INFO: [Labtoolstcl 44-466] Opening hw_target localhost:3121/xilinx_tcf/Digilent/210248686087
set_property PROGRAM.FILE {D:/VivadoProjects/eMMC_Controller_fifo.xpr/eMMC_Controller_4.6.1_tuning.xpr/eMMC_Controller/eMMC_Controller.runs/impl_4/Test_eMMC_Controller.bit} [lindex [get_hw_devices] 1]
set_property PROBES.FILE {D:/VivadoProjects/eMMC_Controller_fifo.xpr/eMMC_Controller_4.6.1_tuning.xpr/eMMC_Controller/eMMC_Controller.runs/impl_4/debug_nets.ltx} [lindex [get_hw_devices] 1]
current_hw_device [lindex [get_hw_devices] 1]
refresh_hw_device [lindex [get_hw_devices] 1]
INFO: [Labtools 27-1435] Device xc7z020 (JTAG device index = 1) is not programmed (DONE status = 0).
set_property PROBES.FILE {D:/VivadoProjects/eMMC_Controller_fifo.xpr/eMMC_Controller_4.6.1_tuning.xpr/eMMC_Controller/eMMC_Controller.runs/impl_4/debug_nets.ltx} [lindex [get_hw_devices] 1]
set_property PROGRAM.FILE {D:/VivadoProjects/eMMC_Controller_fifo.xpr/eMMC_Controller_4.6.1_tuning.xpr/eMMC_Controller/eMMC_Controller.runs/impl_4/Test_eMMC_Controller.bit} [lindex [get_hw_devices] 1]
program_hw_devices [lindex [get_hw_devices] 1]
INFO: [Labtools 27-3164] End of startup status: HIGH
refresh_hw_device [lindex [get_hw_devices] 1]
INFO: [Labtools 27-2302] Device xc7z020 (JTAG device index = 1) is programmed with a design that has 1 ILA core(s).
display_hw_ila_data [ get_hw_ila_data hw_ila_data_1 -of_objects [get_hw_ilas -of_objects [get_hw_devices xc7z020_1] -filter {CELL_NAME=~"u_ila_0"}]]
run_hw_ila [get_hw_ilas -of_objects [get_hw_devices xc7z020_1] -filter {CELL_NAME=~"u_ila_0"}] -trigger_now
INFO: [Labtools 27-1964] The ILA core 'hw_ila_1' trigger was armed at 2016-Nov-02 22:21:08
wait_on_hw_ila [get_hw_ilas -of_objects [get_hw_devices xc7z020_1] -filter {CELL_NAME=~"u_ila_0"}]
display_hw_ila_data [upload_hw_ila_data [get_hw_ilas -of_objects [get_hw_devices xc7z020_1] -filter {CELL_NAME=~"u_ila_0"}]]
INFO: [Labtools 27-1966] The ILA core 'hw_ila_1' triggered at 2016-Nov-02 22:21:08
set_property TRIGGER_COMPARE_VALUE eq5'h10 [get_hw_probes eMMC_controller_inst0/Steps_Curr_State -of_objects [get_hw_ilas -of_objects [get_hw_devices xc7z020_1] -filter {CELL_NAME=~"u_ila_0"}]]
run_hw_ila [get_hw_ilas -of_objects [get_hw_devices xc7z020_1] -filter {CELL_NAME=~"u_ila_0"}]
INFO: [Labtools 27-1964] The ILA core 'hw_ila_1' trigger was armed at 2016-Nov-02 22:21:16
wait_on_hw_ila [get_hw_ilas -of_objects [get_hw_devices xc7z020_1] -filter {CELL_NAME=~"u_ila_0"}]
display_hw_ila_data [upload_hw_ila_data [get_hw_ilas -of_objects [get_hw_devices xc7z020_1] -filter {CELL_NAME=~"u_ila_0"}]]
INFO: [Labtools 27-1966] The ILA core 'hw_ila_1' triggered at 2016-Nov-02 22:21:17
add_wave -into {hw_ila_data_1.wcfg} -radix hex {eMMC_controller_inst0/fifo_wr_start}
save_wave_config {D:/VivadoProjects/eMMC_Controller_fifo.xpr/eMMC_Controller_4.6.1_tuning.xpr/eMMC_Controller/eMMC_Controller.hw/hw_1/wave/hw_ila_data_1/hw_ila_data_1.wcfg}
close_hw
reset_run synth_4
launch_runs impl_4 -to_step write_bitstream -jobs 2
[Wed Nov 02 22:24:31 2016] Launched synth_4...
Run output will be captured here: D:/VivadoProjects/eMMC_Controller_fifo.xpr/eMMC_Controller_4.6.1_tuning.xpr/eMMC_Controller/eMMC_Controller.runs/synth_4/runme.log
[Wed Nov 02 22:24:31 2016] Launched impl_4...
Run output will be captured here: D:/VivadoProjects/eMMC_Controller_fifo.xpr/eMMC_Controller_4.6.1_tuning.xpr/eMMC_Controller/eMMC_Controller.runs/impl_4/runme.log
open_hw
connect_hw_server
INFO: [Labtools 27-2285] Connecting to hw_server url TCP:localhost:3121
INFO: [Labtools 27-2222] Launching hw_server...
INFO: [Labtools 27-2221] Launch Output:

****** Xilinx hw_server v2015.4
  **** Build date : Nov 17 2015-18:01:07
    ** Copyright 1986-1999, 2001-2015 Xilinx, Inc. All Rights Reserved.


open_hw_target
INFO: [Labtoolstcl 44-466] Opening hw_target localhost:3121/xilinx_tcf/Digilent/210248686087
set_property PROGRAM.FILE {D:/VivadoProjects/eMMC_Controller_fifo.xpr/eMMC_Controller_4.6.1_tuning.xpr/eMMC_Controller/eMMC_Controller.runs/impl_4/Test_eMMC_Controller.bit} [lindex [get_hw_devices] 1]
set_property PROBES.FILE {D:/VivadoProjects/eMMC_Controller_fifo.xpr/eMMC_Controller_4.6.1_tuning.xpr/eMMC_Controller/eMMC_Controller.runs/impl_4/debug_nets.ltx} [lindex [get_hw_devices] 1]
current_hw_device [lindex [get_hw_devices] 1]
refresh_hw_device [lindex [get_hw_devices] 1]
INFO: [Labtools 27-1435] Device xc7z020 (JTAG device index = 1) is not programmed (DONE status = 0).
set_property PROBES.FILE {D:/VivadoProjects/eMMC_Controller_fifo.xpr/eMMC_Controller_4.6.1_tuning.xpr/eMMC_Controller/eMMC_Controller.runs/impl_4/debug_nets.ltx} [lindex [get_hw_devices] 1]
set_property PROGRAM.FILE {D:/VivadoProjects/eMMC_Controller_fifo.xpr/eMMC_Controller_4.6.1_tuning.xpr/eMMC_Controller/eMMC_Controller.runs/impl_4/Test_eMMC_Controller.bit} [lindex [get_hw_devices] 1]
program_hw_devices [lindex [get_hw_devices] 1]
ERROR: [Labtools 27-3165] End of startup status: LOW
ERROR: [Common 17-39] 'program_hw_devices' failed due to earlier errors.
refresh_hw_device [lindex [get_hw_devices] 1]
INFO: [Labtools 27-1435] Device xc7z020 (JTAG device index = 1) is not programmed (DONE status = 0).
refresh_hw_device [lindex [get_hw_devices] 1]
INFO: [Labtools 27-1435] Device xc7z020 (JTAG device index = 1) is not programmed (DONE status = 0).
set_property PROBES.FILE {D:/VivadoProjects/eMMC_Controller_fifo.xpr/eMMC_Controller_4.6.1_tuning.xpr/eMMC_Controller/eMMC_Controller.runs/impl_4/debug_nets.ltx} [lindex [get_hw_devices] 1]
set_property PROGRAM.FILE {D:/VivadoProjects/eMMC_Controller_fifo.xpr/eMMC_Controller_4.6.1_tuning.xpr/eMMC_Controller/eMMC_Controller.runs/impl_4/Test_eMMC_Controller.bit} [lindex [get_hw_devices] 1]
program_hw_devices [lindex [get_hw_devices] 1]
INFO: [Labtools 27-3164] End of startup status: HIGH
refresh_hw_device [lindex [get_hw_devices] 1]
INFO: [Labtools 27-2302] Device xc7z020 (JTAG device index = 1) is programmed with a design that has 1 ILA core(s).
display_hw_ila_data [ get_hw_ila_data hw_ila_data_1 -of_objects [get_hw_ilas -of_objects [get_hw_devices xc7z020_1] -filter {CELL_NAME=~"u_ila_0"}]]
run_hw_ila [get_hw_ilas -of_objects [get_hw_devices xc7z020_1] -filter {CELL_NAME=~"u_ila_0"}] -trigger_now
INFO: [Labtools 27-1964] The ILA core 'hw_ila_1' trigger was armed at 2016-Nov-03 20:16:14
wait_on_hw_ila [get_hw_ilas -of_objects [get_hw_devices xc7z020_1] -filter {CELL_NAME=~"u_ila_0"}]
display_hw_ila_data [upload_hw_ila_data [get_hw_ilas -of_objects [get_hw_devices xc7z020_1] -filter {CELL_NAME=~"u_ila_0"}]]
INFO: [Labtools 27-1966] The ILA core 'hw_ila_1' triggered at 2016-Nov-03 20:16:14
run_hw_ila [get_hw_ilas -of_objects [get_hw_devices xc7z020_1] -filter {CELL_NAME=~"u_ila_0"}] -trigger_now
INFO: [Labtools 27-1964] The ILA core 'hw_ila_1' trigger was armed at 2016-Nov-03 20:16:16
wait_on_hw_ila [get_hw_ilas -of_objects [get_hw_devices xc7z020_1] -filter {CELL_NAME=~"u_ila_0"}]
display_hw_ila_data [upload_hw_ila_data [get_hw_ilas -of_objects [get_hw_devices xc7z020_1] -filter {CELL_NAME=~"u_ila_0"}]]
INFO: [Labtools 27-1966] The ILA core 'hw_ila_1' triggered at 2016-Nov-03 20:16:16
run_hw_ila [get_hw_ilas -of_objects [get_hw_devices xc7z020_1] -filter {CELL_NAME=~"u_ila_0"}] -trigger_now
INFO: [Labtools 27-1964] The ILA core 'hw_ila_1' trigger was armed at 2016-Nov-03 20:16:18
wait_on_hw_ila [get_hw_ilas -of_objects [get_hw_devices xc7z020_1] -filter {CELL_NAME=~"u_ila_0"}]
display_hw_ila_data [upload_hw_ila_data [get_hw_ilas -of_objects [get_hw_devices xc7z020_1] -filter {CELL_NAME=~"u_ila_0"}]]
INFO: [Labtools 27-1966] The ILA core 'hw_ila_1' triggered at 2016-Nov-03 20:16:18
run_hw_ila [get_hw_ilas -of_objects [get_hw_devices xc7z020_1] -filter {CELL_NAME=~"u_ila_0"}] -trigger_now
INFO: [Labtools 27-1964] The ILA core 'hw_ila_1' trigger was armed at 2016-Nov-03 20:16:22
wait_on_hw_ila [get_hw_ilas -of_objects [get_hw_devices xc7z020_1] -filter {CELL_NAME=~"u_ila_0"}]
display_hw_ila_data [upload_hw_ila_data [get_hw_ilas -of_objects [get_hw_devices xc7z020_1] -filter {CELL_NAME=~"u_ila_0"}]]
INFO: [Labtools 27-1966] The ILA core 'hw_ila_1' triggered at 2016-Nov-03 20:16:22
run_hw_ila [get_hw_ilas -of_objects [get_hw_devices xc7z020_1] -filter {CELL_NAME=~"u_ila_0"}] -trigger_now
INFO: [Labtools 27-1964] The ILA core 'hw_ila_1' trigger was armed at 2016-Nov-03 20:17:49
wait_on_hw_ila [get_hw_ilas -of_objects [get_hw_devices xc7z020_1] -filter {CELL_NAME=~"u_ila_0"}]
display_hw_ila_data [upload_hw_ila_data [get_hw_ilas -of_objects [get_hw_devices xc7z020_1] -filter {CELL_NAME=~"u_ila_0"}]]
INFO: [Labtools 27-1966] The ILA core 'hw_ila_1' triggered at 2016-Nov-03 20:17:49
set_property TRIGGER_COMPARE_VALUE eq5'h10 [get_hw_probes eMMC_controller_inst0/Steps_Curr_State -of_objects [get_hw_ilas -of_objects [get_hw_devices xc7z020_1] -filter {CELL_NAME=~"u_ila_0"}]]
run_hw_ila [get_hw_ilas -of_objects [get_hw_devices xc7z020_1] -filter {CELL_NAME=~"u_ila_0"}]
INFO: [Labtools 27-1964] The ILA core 'hw_ila_1' trigger was armed at 2016-Nov-03 20:18:09
wait_on_hw_ila [get_hw_ilas -of_objects [get_hw_devices xc7z020_1] -filter {CELL_NAME=~"u_ila_0"}]
display_hw_ila_data [upload_hw_ila_data [get_hw_ilas -of_objects [get_hw_devices xc7z020_1] -filter {CELL_NAME=~"u_ila_0"}]]
INFO: [Labtools 27-1966] The ILA core 'hw_ila_1' triggered at 2016-Nov-03 20:18:11
close_hw
reset_run synth_4
launch_runs impl_4 -to_step write_bitstream -jobs 2
[Thu Nov 03 20:25:43 2016] Launched synth_4...
Run output will be captured here: D:/VivadoProjects/eMMC_Controller_fifo.xpr/eMMC_Controller_4.6.1_tuning.xpr/eMMC_Controller/eMMC_Controller.runs/synth_4/runme.log
[Thu Nov 03 20:25:43 2016] Launched impl_4...
Run output will be captured here: D:/VivadoProjects/eMMC_Controller_fifo.xpr/eMMC_Controller_4.6.1_tuning.xpr/eMMC_Controller/eMMC_Controller.runs/impl_4/runme.log
reset_run synth_4
launch_runs impl_4 -to_step write_bitstream -jobs 2
[Thu Nov 03 20:26:33 2016] Launched synth_4...
Run output will be captured here: D:/VivadoProjects/eMMC_Controller_fifo.xpr/eMMC_Controller_4.6.1_tuning.xpr/eMMC_Controller/eMMC_Controller.runs/synth_4/runme.log
[Thu Nov 03 20:26:33 2016] Launched impl_4...
Run output will be captured here: D:/VivadoProjects/eMMC_Controller_fifo.xpr/eMMC_Controller_4.6.1_tuning.xpr/eMMC_Controller/eMMC_Controller.runs/impl_4/runme.log
open_hw
connect_hw_server
INFO: [Labtools 27-2285] Connecting to hw_server url TCP:localhost:3121
INFO: [Labtools 27-2222] Launching hw_server...
INFO: [Labtools 27-2221] Launch Output:

****** Xilinx hw_server v2015.4
  **** Build date : Nov 17 2015-18:01:07
    ** Copyright 1986-1999, 2001-2015 Xilinx, Inc. All Rights Reserved.


open_hw_target
INFO: [Labtoolstcl 44-466] Opening hw_target localhost:3121/xilinx_tcf/Digilent/210248686087
set_property PROGRAM.FILE {D:/VivadoProjects/eMMC_Controller_fifo.xpr/eMMC_Controller_4.6.1_tuning.xpr/eMMC_Controller/eMMC_Controller.runs/impl_4/Test_eMMC_Controller.bit} [lindex [get_hw_devices] 1]
set_property PROBES.FILE {D:/VivadoProjects/eMMC_Controller_fifo.xpr/eMMC_Controller_4.6.1_tuning.xpr/eMMC_Controller/eMMC_Controller.runs/impl_4/debug_nets.ltx} [lindex [get_hw_devices] 1]
current_hw_device [lindex [get_hw_devices] 1]
refresh_hw_device [lindex [get_hw_devices] 1]
INFO: [Labtools 27-1435] Device xc7z020 (JTAG device index = 1) is not programmed (DONE status = 0).
set_property PROBES.FILE {D:/VivadoProjects/eMMC_Controller_fifo.xpr/eMMC_Controller_4.6.1_tuning.xpr/eMMC_Controller/eMMC_Controller.runs/impl_4/debug_nets.ltx} [lindex [get_hw_devices] 1]
set_property PROGRAM.FILE {D:/VivadoProjects/eMMC_Controller_fifo.xpr/eMMC_Controller_4.6.1_tuning.xpr/eMMC_Controller/eMMC_Controller.runs/impl_4/Test_eMMC_Controller.bit} [lindex [get_hw_devices] 1]
program_hw_devices [lindex [get_hw_devices] 1]
INFO: [Labtools 27-3164] End of startup status: HIGH
refresh_hw_device [lindex [get_hw_devices] 1]
INFO: [Labtools 27-2302] Device xc7z020 (JTAG device index = 1) is programmed with a design that has 1 ILA core(s).
display_hw_ila_data [ get_hw_ila_data hw_ila_data_1 -of_objects [get_hw_ilas -of_objects [get_hw_devices xc7z020_1] -filter {CELL_NAME=~"u_ila_0"}]]
run_hw_ila [get_hw_ilas -of_objects [get_hw_devices xc7z020_1] -filter {CELL_NAME=~"u_ila_0"}] -trigger_now
INFO: [Labtools 27-1964] The ILA core 'hw_ila_1' trigger was armed at 2016-Nov-03 20:32:51
wait_on_hw_ila [get_hw_ilas -of_objects [get_hw_devices xc7z020_1] -filter {CELL_NAME=~"u_ila_0"}]
display_hw_ila_data [upload_hw_ila_data [get_hw_ilas -of_objects [get_hw_devices xc7z020_1] -filter {CELL_NAME=~"u_ila_0"}]]
INFO: [Labtools 27-1966] The ILA core 'hw_ila_1' triggered at 2016-Nov-03 20:32:51
run_hw_ila [get_hw_ilas -of_objects [get_hw_devices xc7z020_1] -filter {CELL_NAME=~"u_ila_0"}] -trigger_now
INFO: [Labtools 27-1964] The ILA core 'hw_ila_1' trigger was armed at 2016-Nov-03 20:32:53
wait_on_hw_ila [get_hw_ilas -of_objects [get_hw_devices xc7z020_1] -filter {CELL_NAME=~"u_ila_0"}]
display_hw_ila_data [upload_hw_ila_data [get_hw_ilas -of_objects [get_hw_devices xc7z020_1] -filter {CELL_NAME=~"u_ila_0"}]]
INFO: [Labtools 27-1966] The ILA core 'hw_ila_1' triggered at 2016-Nov-03 20:32:53
run_hw_ila [get_hw_ilas -of_objects [get_hw_devices xc7z020_1] -filter {CELL_NAME=~"u_ila_0"}] -trigger_now
INFO: [Labtools 27-1964] The ILA core 'hw_ila_1' trigger was armed at 2016-Nov-03 20:32:55
wait_on_hw_ila [get_hw_ilas -of_objects [get_hw_devices xc7z020_1] -filter {CELL_NAME=~"u_ila_0"}]
display_hw_ila_data [upload_hw_ila_data [get_hw_ilas -of_objects [get_hw_devices xc7z020_1] -filter {CELL_NAME=~"u_ila_0"}]]
INFO: [Labtools 27-1966] The ILA core 'hw_ila_1' triggered at 2016-Nov-03 20:32:55
run_hw_ila [get_hw_ilas -of_objects [get_hw_devices xc7z020_1] -filter {CELL_NAME=~"u_ila_0"}] -trigger_now
INFO: [Labtools 27-1964] The ILA core 'hw_ila_1' trigger was armed at 2016-Nov-03 20:32:56
wait_on_hw_ila [get_hw_ilas -of_objects [get_hw_devices xc7z020_1] -filter {CELL_NAME=~"u_ila_0"}]
display_hw_ila_data [upload_hw_ila_data [get_hw_ilas -of_objects [get_hw_devices xc7z020_1] -filter {CELL_NAME=~"u_ila_0"}]]
INFO: [Labtools 27-1966] The ILA core 'hw_ila_1' triggered at 2016-Nov-03 20:32:56
run_hw_ila [get_hw_ilas -of_objects [get_hw_devices xc7z020_1] -filter {CELL_NAME=~"u_ila_0"}] -trigger_now
INFO: [Labtools 27-1964] The ILA core 'hw_ila_1' trigger was armed at 2016-Nov-03 20:32:58
wait_on_hw_ila [get_hw_ilas -of_objects [get_hw_devices xc7z020_1] -filter {CELL_NAME=~"u_ila_0"}]
display_hw_ila_data [upload_hw_ila_data [get_hw_ilas -of_objects [get_hw_devices xc7z020_1] -filter {CELL_NAME=~"u_ila_0"}]]
INFO: [Labtools 27-1966] The ILA core 'hw_ila_1' triggered at 2016-Nov-03 20:32:58
run_hw_ila [get_hw_ilas -of_objects [get_hw_devices xc7z020_1] -filter {CELL_NAME=~"u_ila_0"}] -trigger_now
INFO: [Labtools 27-1964] The ILA core 'hw_ila_1' trigger was armed at 2016-Nov-03 20:32:59
wait_on_hw_ila [get_hw_ilas -of_objects [get_hw_devices xc7z020_1] -filter {CELL_NAME=~"u_ila_0"}]
display_hw_ila_data [upload_hw_ila_data [get_hw_ilas -of_objects [get_hw_devices xc7z020_1] -filter {CELL_NAME=~"u_ila_0"}]]
INFO: [Labtools 27-1966] The ILA core 'hw_ila_1' triggered at 2016-Nov-03 20:32:59
run_hw_ila [get_hw_ilas -of_objects [get_hw_devices xc7z020_1] -filter {CELL_NAME=~"u_ila_0"}] -trigger_now
INFO: [Labtools 27-1964] The ILA core 'hw_ila_1' trigger was armed at 2016-Nov-03 20:33:26
wait_on_hw_ila [get_hw_ilas -of_objects [get_hw_devices xc7z020_1] -filter {CELL_NAME=~"u_ila_0"}]
display_hw_ila_data [upload_hw_ila_data [get_hw_ilas -of_objects [get_hw_devices xc7z020_1] -filter {CELL_NAME=~"u_ila_0"}]]
INFO: [Labtools 27-1966] The ILA core 'hw_ila_1' triggered at 2016-Nov-03 20:33:26
run_hw_ila [get_hw_ilas -of_objects [get_hw_devices xc7z020_1] -filter {CELL_NAME=~"u_ila_0"}] -trigger_now
INFO: [Labtools 27-1964] The ILA core 'hw_ila_1' trigger was armed at 2016-Nov-03 20:33:28
wait_on_hw_ila [get_hw_ilas -of_objects [get_hw_devices xc7z020_1] -filter {CELL_NAME=~"u_ila_0"}]
display_hw_ila_data [upload_hw_ila_data [get_hw_ilas -of_objects [get_hw_devices xc7z020_1] -filter {CELL_NAME=~"u_ila_0"}]]
INFO: [Labtools 27-1966] The ILA core 'hw_ila_1' triggered at 2016-Nov-03 20:33:28
run_hw_ila [get_hw_ilas -of_objects [get_hw_devices xc7z020_1] -filter {CELL_NAME=~"u_ila_0"}] -trigger_now
INFO: [Labtools 27-1964] The ILA core 'hw_ila_1' trigger was armed at 2016-Nov-03 20:33:29
wait_on_hw_ila [get_hw_ilas -of_objects [get_hw_devices xc7z020_1] -filter {CELL_NAME=~"u_ila_0"}]
display_hw_ila_data [upload_hw_ila_data [get_hw_ilas -of_objects [get_hw_devices xc7z020_1] -filter {CELL_NAME=~"u_ila_0"}]]
INFO: [Labtools 27-1966] The ILA core 'hw_ila_1' triggered at 2016-Nov-03 20:33:29
run_hw_ila [get_hw_ilas -of_objects [get_hw_devices xc7z020_1] -filter {CELL_NAME=~"u_ila_0"}] -trigger_now
INFO: [Labtools 27-1964] The ILA core 'hw_ila_1' trigger was armed at 2016-Nov-03 20:33:30
wait_on_hw_ila [get_hw_ilas -of_objects [get_hw_devices xc7z020_1] -filter {CELL_NAME=~"u_ila_0"}]
display_hw_ila_data [upload_hw_ila_data [get_hw_ilas -of_objects [get_hw_devices xc7z020_1] -filter {CELL_NAME=~"u_ila_0"}]]
INFO: [Labtools 27-1966] The ILA core 'hw_ila_1' triggered at 2016-Nov-03 20:33:30
set_property TRIGGER_COMPARE_VALUE eq5'h10 [get_hw_probes eMMC_controller_inst0/Steps_Curr_State -of_objects [get_hw_ilas -of_objects [get_hw_devices xc7z020_1] -filter {CELL_NAME=~"u_ila_0"}]]
run_hw_ila [get_hw_ilas -of_objects [get_hw_devices xc7z020_1] -filter {CELL_NAME=~"u_ila_0"}]
INFO: [Labtools 27-1964] The ILA core 'hw_ila_1' trigger was armed at 2016-Nov-03 20:33:40
wait_on_hw_ila [get_hw_ilas -of_objects [get_hw_devices xc7z020_1] -filter {CELL_NAME=~"u_ila_0"}]
display_hw_ila_data [upload_hw_ila_data [get_hw_ilas -of_objects [get_hw_devices xc7z020_1] -filter {CELL_NAME=~"u_ila_0"}]]
INFO: [Labtools 27-1966] The ILA core 'hw_ila_1' triggered at 2016-Nov-03 20:33:43
run_hw_ila [get_hw_ilas -of_objects [get_hw_devices xc7z020_1] -filter {CELL_NAME=~"u_ila_0"}] -trigger_now
INFO: [Labtools 27-1964] The ILA core 'hw_ila_1' trigger was armed at 2016-Nov-03 20:34:03
wait_on_hw_ila [get_hw_ilas -of_objects [get_hw_devices xc7z020_1] -filter {CELL_NAME=~"u_ila_0"}]
display_hw_ila_data [upload_hw_ila_data [get_hw_ilas -of_objects [get_hw_devices xc7z020_1] -filter {CELL_NAME=~"u_ila_0"}]]
INFO: [Labtools 27-1966] The ILA core 'hw_ila_1' triggered at 2016-Nov-03 20:34:03
ERROR: [Xicom 50-38] xicom: Core access failed. Check cable connectivity and that the target board is powered up then use the disconnect_hw_server and connect_hw_server to re-initialize the hardware target. Use open_hw_target to re-register the hardware device.
ERROR: [Xicom 50-38] xicom: Core access failed. Check cable connectivity and that the target board is powered up then use the disconnect_hw_server and connect_hw_server to re-initialize the hardware target. Use open_hw_target to re-register the hardware device.
ERROR: [Xicom 50-38] xicom: Core access failed. Check cable connectivity and that the target board is powered up then use the disconnect_hw_server and connect_hw_server to re-initialize the hardware target. Use open_hw_target to re-register the hardware device.
ERROR: [Xicom 50-38] xicom: Core access failed. Check cable connectivity and that the target board is powered up then use the disconnect_hw_server and connect_hw_server to re-initialize the hardware target. Use open_hw_target to re-register the hardware device.
ERROR: [Xicom 50-38] xicom: Core access failed. Check cable connectivity and that the target board is powered up then use the disconnect_hw_server and connect_hw_server to re-initialize the hardware target. Use open_hw_target to re-register the hardware device.
ERROR: [Xicom 50-38] xicom: Core access failed. Check cable connectivity and that the target board is powered up then use the disconnect_hw_server and connect_hw_server to re-initialize the hardware target. Use open_hw_target to re-register the hardware device.
ERROR: [Xicom 50-38] xicom: Core access failed. Check cable connectivity and that the target board is powered up then use the disconnect_hw_server and connect_hw_server to re-initialize the hardware target. Use open_hw_target to re-register the hardware device.
ERROR: [Xicom 50-38] xicom: Core access failed. Check cable connectivity and that the target board is powered up then use the disconnect_hw_server and connect_hw_server to re-initialize the hardware target. Use open_hw_target to re-register the hardware device.
ERROR: [Xicom 50-38] xicom: Core access failed. Check cable connectivity and that the target board is powered up then use the disconnect_hw_server and connect_hw_server to re-initialize the hardware target. Use open_hw_target to re-register the hardware device.
ERROR: [Xicom 50-38] xicom: Core access failed. Check cable connectivity and that the target board is powered up then use the disconnect_hw_server and connect_hw_server to re-initialize the hardware target. Use open_hw_target to re-register the hardware device.
ERROR: [Xicom 50-38] xicom: Core access failed. Check cable connectivity and that the target board is powered up then use the disconnect_hw_server and connect_hw_server to re-initialize the hardware target. Use open_hw_target to re-register the hardware device.
ERROR: [Xicom 50-38] xicom: Core access failed. Check cable connectivity and that the target board is powered up then use the disconnect_hw_server and connect_hw_server to re-initialize the hardware target. Use open_hw_target to re-register the hardware device.
ERROR: [Xicom 50-38] xicom: Core access failed. Check cable connectivity and that the target board is powered up then use the disconnect_hw_server and connect_hw_server to re-initialize the hardware target. Use open_hw_target to re-register the hardware device.
ERROR: [Xicom 50-38] xicom: Core access failed. Check cable connectivity and that the target board is powered up then use the disconnect_hw_server and connect_hw_server to re-initialize the hardware target. Use open_hw_target to re-register the hardware device.
ERROR: [Xicom 50-38] xicom: Core access failed. Check cable connectivity and that the target board is powered up then use the disconnect_hw_server and connect_hw_server to re-initialize the hardware target. Use open_hw_target to re-register the hardware device.
ERROR: [Xicom 50-38] xicom: Core access failed. Check cable connectivity and that the target board is powered up then use the disconnect_hw_server and connect_hw_server to re-initialize the hardware target. Use open_hw_target to re-register the hardware device.
ERROR: [Xicom 50-38] xicom: Core access failed. Check cable connectivity and that the target board is powered up then use the disconnect_hw_server and connect_hw_server to re-initialize the hardware target. Use open_hw_target to re-register the hardware device.
ERROR: [Xicom 50-38] xicom: Core access failed. Check cable connectivity and that the target board is powered up then use the disconnect_hw_server and connect_hw_server to re-initialize the hardware target. Use open_hw_target to re-register the hardware device.
ERROR: [Xicom 50-38] xicom: Core access failed. Check cable connectivity and that the target board is powered up then use the disconnect_hw_server and connect_hw_server to re-initialize the hardware target. Use open_hw_target to re-register the hardware device.
ERROR: [Xicom 50-38] xicom: Core access failed. Check cable connectivity and that the target board is powered up then use the disconnect_hw_server and connect_hw_server to re-initialize the hardware target. Use open_hw_target to re-register the hardware device.
ERROR: [Xicom 50-38] xicom: Core access failed. Check cable connectivity and that the target board is powered up then use the disconnect_hw_server and connect_hw_server to re-initialize the hardware target. Use open_hw_target to re-register the hardware device.
ERROR: [Xicom 50-38] xicom: Core access failed. Check cable connectivity and that the target board is powered up then use the disconnect_hw_server and connect_hw_server to re-initialize the hardware target. Use open_hw_target to re-register the hardware device.
close_hw
reset_run synth_4
launch_runs impl_4 -to_step write_bitstream -jobs 2
[Thu Nov 03 21:10:13 2016] Launched synth_4...
Run output will be captured here: D:/VivadoProjects/eMMC_Controller_fifo.xpr/eMMC_Controller_4.6.1_tuning.xpr/eMMC_Controller/eMMC_Controller.runs/synth_4/runme.log
[Thu Nov 03 21:10:13 2016] Launched impl_4...
Run output will be captured here: D:/VivadoProjects/eMMC_Controller_fifo.xpr/eMMC_Controller_4.6.1_tuning.xpr/eMMC_Controller/eMMC_Controller.runs/impl_4/runme.log
open_hw
connect_hw_server
INFO: [Labtools 27-2285] Connecting to hw_server url TCP:localhost:3121
INFO: [Labtools 27-2222] Launching hw_server...
INFO: [Labtools 27-2221] Launch Output:

****** Xilinx hw_server v2015.4
  **** Build date : Nov 17 2015-18:01:07
    ** Copyright 1986-1999, 2001-2015 Xilinx, Inc. All Rights Reserved.


open_hw_target
INFO: [Labtoolstcl 44-466] Opening hw_target localhost:3121/xilinx_tcf/Digilent/210248686087
set_property PROGRAM.FILE {D:/VivadoProjects/eMMC_Controller_fifo.xpr/eMMC_Controller_4.6.1_tuning.xpr/eMMC_Controller/eMMC_Controller.runs/impl_4/Test_eMMC_Controller.bit} [lindex [get_hw_devices] 1]
set_property PROBES.FILE {D:/VivadoProjects/eMMC_Controller_fifo.xpr/eMMC_Controller_4.6.1_tuning.xpr/eMMC_Controller/eMMC_Controller.runs/impl_4/debug_nets.ltx} [lindex [get_hw_devices] 1]
current_hw_device [lindex [get_hw_devices] 1]
refresh_hw_device [lindex [get_hw_devices] 1]
INFO: [Labtools 27-1435] Device xc7z020 (JTAG device index = 1) is not programmed (DONE status = 0).
set_property PROBES.FILE {D:/VivadoProjects/eMMC_Controller_fifo.xpr/eMMC_Controller_4.6.1_tuning.xpr/eMMC_Controller/eMMC_Controller.runs/impl_4/debug_nets.ltx} [lindex [get_hw_devices] 1]
set_property PROGRAM.FILE {D:/VivadoProjects/eMMC_Controller_fifo.xpr/eMMC_Controller_4.6.1_tuning.xpr/eMMC_Controller/eMMC_Controller.runs/impl_4/Test_eMMC_Controller.bit} [lindex [get_hw_devices] 1]
program_hw_devices [lindex [get_hw_devices] 1]
INFO: [Labtools 27-3164] End of startup status: HIGH
refresh_hw_device [lindex [get_hw_devices] 1]
INFO: [Labtools 27-2302] Device xc7z020 (JTAG device index = 1) is programmed with a design that has 1 ILA core(s).
display_hw_ila_data [ get_hw_ila_data hw_ila_data_1 -of_objects [get_hw_ilas -of_objects [get_hw_devices xc7z020_1] -filter {CELL_NAME=~"u_ila_0"}]]
run_hw_ila [get_hw_ilas -of_objects [get_hw_devices xc7z020_1] -filter {CELL_NAME=~"u_ila_0"}] -trigger_now
INFO: [Labtools 27-1964] The ILA core 'hw_ila_1' trigger was armed at 2016-Nov-03 21:16:29
wait_on_hw_ila [get_hw_ilas -of_objects [get_hw_devices xc7z020_1] -filter {CELL_NAME=~"u_ila_0"}]
display_hw_ila_data [upload_hw_ila_data [get_hw_ilas -of_objects [get_hw_devices xc7z020_1] -filter {CELL_NAME=~"u_ila_0"}]]
INFO: [Labtools 27-1966] The ILA core 'hw_ila_1' triggered at 2016-Nov-03 21:16:29
run_hw_ila [get_hw_ilas -of_objects [get_hw_devices xc7z020_1] -filter {CELL_NAME=~"u_ila_0"}] -trigger_now
INFO: [Labtools 27-1964] The ILA core 'hw_ila_1' trigger was armed at 2016-Nov-03 21:16:31
wait_on_hw_ila [get_hw_ilas -of_objects [get_hw_devices xc7z020_1] -filter {CELL_NAME=~"u_ila_0"}]
display_hw_ila_data [upload_hw_ila_data [get_hw_ilas -of_objects [get_hw_devices xc7z020_1] -filter {CELL_NAME=~"u_ila_0"}]]
INFO: [Labtools 27-1966] The ILA core 'hw_ila_1' triggered at 2016-Nov-03 21:16:31
run_hw_ila [get_hw_ilas -of_objects [get_hw_devices xc7z020_1] -filter {CELL_NAME=~"u_ila_0"}] -trigger_now
INFO: [Labtools 27-1964] The ILA core 'hw_ila_1' trigger was armed at 2016-Nov-03 21:16:33
wait_on_hw_ila [get_hw_ilas -of_objects [get_hw_devices xc7z020_1] -filter {CELL_NAME=~"u_ila_0"}]
display_hw_ila_data [upload_hw_ila_data [get_hw_ilas -of_objects [get_hw_devices xc7z020_1] -filter {CELL_NAME=~"u_ila_0"}]]
INFO: [Labtools 27-1966] The ILA core 'hw_ila_1' triggered at 2016-Nov-03 21:16:33
run_hw_ila [get_hw_ilas -of_objects [get_hw_devices xc7z020_1] -filter {CELL_NAME=~"u_ila_0"}] -trigger_now
INFO: [Labtools 27-1964] The ILA core 'hw_ila_1' trigger was armed at 2016-Nov-03 21:16:34
wait_on_hw_ila [get_hw_ilas -of_objects [get_hw_devices xc7z020_1] -filter {CELL_NAME=~"u_ila_0"}]
display_hw_ila_data [upload_hw_ila_data [get_hw_ilas -of_objects [get_hw_devices xc7z020_1] -filter {CELL_NAME=~"u_ila_0"}]]
INFO: [Labtools 27-1966] The ILA core 'hw_ila_1' triggered at 2016-Nov-03 21:16:34
ERROR: [Xicom 50-38] xicom: Core access failed. Check cable connectivity and that the target board is powered up then use the disconnect_hw_server and connect_hw_server to re-initialize the hardware target. Use open_hw_target to re-register the hardware device.
ERROR: [Xicom 50-38] xicom: Core access failed. Check cable connectivity and that the target board is powered up then use the disconnect_hw_server and connect_hw_server to re-initialize the hardware target. Use open_hw_target to re-register the hardware device.
ERROR: [Xicom 50-38] xicom: Core access failed. Check cable connectivity and that the target board is powered up then use the disconnect_hw_server and connect_hw_server to re-initialize the hardware target. Use open_hw_target to re-register the hardware device.
ERROR: [Xicom 50-38] xicom: Core access failed. Check cable connectivity and that the target board is powered up then use the disconnect_hw_server and connect_hw_server to re-initialize the hardware target. Use open_hw_target to re-register the hardware device.
ERROR: [Xicom 50-38] xicom: Core access failed. Check cable connectivity and that the target board is powered up then use the disconnect_hw_server and connect_hw_server to re-initialize the hardware target. Use open_hw_target to re-register the hardware device.
ERROR: [Xicom 50-38] xicom: Core access failed. Check cable connectivity and that the target board is powered up then use the disconnect_hw_server and connect_hw_server to re-initialize the hardware target. Use open_hw_target to re-register the hardware device.
ERROR: [Xicom 50-38] xicom: Core access failed. Check cable connectivity and that the target board is powered up then use the disconnect_hw_server and connect_hw_server to re-initialize the hardware target. Use open_hw_target to re-register the hardware device.
ERROR: [Xicom 50-38] xicom: Core access failed. Check cable connectivity and that the target board is powered up then use the disconnect_hw_server and connect_hw_server to re-initialize the hardware target. Use open_hw_target to re-register the hardware device.
ERROR: [Xicom 50-38] xicom: Core access failed. Check cable connectivity and that the target board is powered up then use the disconnect_hw_server and connect_hw_server to re-initialize the hardware target. Use open_hw_target to re-register the hardware device.
ERROR: [Xicom 50-38] xicom: Core access failed. Check cable connectivity and that the target board is powered up then use the disconnect_hw_server and connect_hw_server to re-initialize the hardware target. Use open_hw_target to re-register the hardware device.
close_hw
archive_project D:/VivadoProjects/eMMC/eMMC_Controller_4.7.xpr.zip -temp_dir {C:/Users/Wu Lizhou/AppData/Roaming/Xilinx/Vivado/.Xil/Vivado-138080-WuLizhou-PC} -force -exclude_run_results -include_config_settings
INFO: [Coretcl 2-137] starting archive...
INFO: [Coretcl 2-1499] Saving project copy to temporary location 'C:/Users/Wu Lizhou/AppData/Roaming/Xilinx/Vivado/.Xil/Vivado-138080-WuLizhou-PC' for archiving project
INFO: [ProjectBase 1-489] The host OS only allows 260 characters in a normal path. The project is stored in a path with more than 80 characters. If you experience issues with IP, Block Designs, or files not being found, please consider moving the project to a location with a shorter path. Alternately consider using the OS subst command to map part of the path to a drive letter.
Current project path is 'D:/VivadoProjects/eMMC_Controller_fifo.xpr/eMMC_Controller_4.6.1_tuning.xpr/eMMC_Controller'
Scanning sources...
Finished scanning sources
INFO: [IP_Flow 19-234] Refreshing IP repositories
INFO: [IP_Flow 19-1704] No user IP repositories specified
INFO: [IP_Flow 19-2313] Loaded Vivado IP repository 'G:/Xilinx/Vivado/2015.4/data/ip'.
INFO: [Coretcl 2-1211] Creating project copy for archival...
INFO: [ProjectBase 1-495] The host OS only allows 260 characters in a normal path. The project is stored in a path with more than 80 characters. If you experience any problem with archiving the project, please consider setting environment variable $TEMP to a shorter path.
Current project path is 'C:/Users/Wu Lizhou/AppData/Roaming/Xilinx/Vivado/.Xil/Vivado-138080-WuLizhou-PC/PrjAr/_X_'.
INFO: [Coretcl 2-135] resetting runs for excluding generated files from archive...
WARNING: [Coretcl 2-105] Run 'Command_fifo_synth_1' is currently active
INFO: [Coretcl 2-133] re-setting run 'Command_fifo_synth_1'...
WARNING: [Coretcl 2-105] Run 'clk_divided_synth_1' is currently active
INFO: [Coretcl 2-133] re-setting run 'clk_divided_synth_1'...
WARNING: [Coretcl 2-105] Run 'Data_fifo_synth_1' is currently active
INFO: [Coretcl 2-133] re-setting run 'Data_fifo_synth_1'...
WARNING: [Coretcl 2-105] Run 'synth_4' is currently active
INFO: [Coretcl 2-133] re-setting run 'synth_4'...
INFO: [Coretcl 2-133] re-setting run 'synth_5'...
WARNING: [Coretcl 2-105] Run 'Read_data512B_buffer_synth_1' is currently active
INFO: [Coretcl 2-133] re-setting run 'Read_data512B_buffer_synth_1'...
WARNING: [Coretcl 2-105] Run 'blk_mem_gen_0_synth_1' is currently active
INFO: [Coretcl 2-133] re-setting run 'blk_mem_gen_0_synth_1'...
INFO: [Coretcl 2-133] re-setting run 'Command_fifo_impl_1'...
INFO: [Coretcl 2-133] re-setting run 'clk_divided_impl_1'...
INFO: [Coretcl 2-133] re-setting run 'Data_fifo_impl_1'...
INFO: [Coretcl 2-133] re-setting run 'impl_4'...
INFO: [Coretcl 2-133] re-setting run 'impl_5'...
INFO: [Coretcl 2-133] re-setting run 'Read_data512B_buffer_impl_1'...
INFO: [Coretcl 2-133] re-setting run 'blk_mem_gen_0_impl_1'...
WARNING: [filemgmt 56-12] File 'D:/VivadoProjects/eMMC_Controller_fifo.xpr/eMMC_Controller_4.6.1_tuning.xpr/eMMC_Controller/eMMC_Controller.srcs/sources_1/imports/sources/Define.vh' cannot be added to the project because it already exists in the project, skipping this file
WARNING: [filemgmt 56-12] File 'D:/VivadoProjects/eMMC_Controller_fifo.xpr/eMMC_Controller_4.6.1_tuning.xpr/eMMC_Controller/eMMC_Controller.srcs/sources_1/imports/sources/log2.vh' cannot be added to the project because it already exists in the project, skipping this file
WARNING: [filemgmt 56-12] File 'D:/VivadoProjects/eMMC_Controller_fifo.xpr/eMMC_Controller_4.6.1_tuning.xpr/eMMC_Controller/eMMC_Controller.srcs/sources_1/imports/sources/Parameter.vh' cannot be added to the project because it already exists in the project, skipping this file
INFO: [Coretcl 2-1212] Importing remotely added design sources and verilog include files (if any)...
INFO: [filemgmt 20-334] All file(s) are already imported in fileset: 'Command_fifo'
INFO: [filemgmt 20-348] Importing the appropriate files for fileset: 'Command_fifo'
INFO: [filemgmt 20-334] All file(s) are already imported in fileset: 'Data_fifo'
INFO: [filemgmt 20-348] Importing the appropriate files for fileset: 'Data_fifo'
INFO: [filemgmt 20-334] All file(s) are already imported in fileset: 'Read_data512B_buffer'
INFO: [filemgmt 20-348] Importing the appropriate files for fileset: 'Read_data512B_buffer'
INFO: [filemgmt 20-334] All file(s) are already imported in fileset: 'blk_mem_gen_0'
INFO: [filemgmt 20-348] Importing the appropriate files for fileset: 'blk_mem_gen_0'
INFO: [filemgmt 20-334] All file(s) are already imported in fileset: 'clk_divided'
INFO: [filemgmt 20-348] Importing the appropriate files for fileset: 'clk_divided'
INFO: [filemgmt 20-334] All file(s) are already imported in fileset: 'constrs_2'
INFO: [filemgmt 20-348] Importing the appropriate files for fileset: 'constrs_2'
INFO: [filemgmt 20-334] All file(s) are already imported in fileset: 'constrs_without_debug'
INFO: [filemgmt 20-348] Importing the appropriate files for fileset: 'constrs_without_debug'
INFO: [filemgmt 20-348] Importing the appropriate files for fileset: 'sim_1'
INFO: [filemgmt 20-348] Importing the appropriate files for fileset: 'sources_1'
INFO: [Coretcl 2-1209] Adding archive summary file to the project...
INFO: [Coretcl 2-1214] Preparing project files for archive...
INFO: [Coretcl 2-1210] Compressing project files and data...
INFO: [Coretcl 2-1215] Project archived (D:/VivadoProjects/eMMC/eMMC_Controller_4.7.xpr.zip)
INFO: [Coretcl 2-1216] To view the archive summary log in GUI, double click on 'Design Sources->Text->archive_project_summary.txt', or open this file from the archived project directory.
archive_project: Time (s): cpu = 00:00:11 ; elapsed = 00:00:22 . Memory (MB): peak = 1935.754 ; gain = 0.000
reset_run synth_4
launch_runs synth_4 -jobs 2
INFO: [HDL 9-2216] Analyzing Verilog file "D:/VivadoProjects/eMMC_Controller_fifo.xpr/eMMC_Controller_4.6.1_tuning.xpr/eMMC_Controller/eMMC_Controller.srcs/sources_1/imports/sources/CRC16.v" into library work [D:/VivadoProjects/eMMC_Controller_fifo.xpr/eMMC_Controller_4.6.1_tuning.xpr/eMMC_Controller/eMMC_Controller.srcs/sources_1/imports/sources/CRC16.v:1]
INFO: [HDL 9-2216] Analyzing Verilog file "D:/VivadoProjects/eMMC_Controller_fifo.xpr/eMMC_Controller_4.6.1_tuning.xpr/eMMC_Controller/eMMC_Controller.srcs/sources_1/imports/sources/CRC16_Check.v" into library work [D:/VivadoProjects/eMMC_Controller_fifo.xpr/eMMC_Controller_4.6.1_tuning.xpr/eMMC_Controller/eMMC_Controller.srcs/sources_1/imports/sources/CRC16_Check.v:1]
INFO: [HDL 9-2216] Analyzing Verilog file "D:/VivadoProjects/eMMC_Controller_fifo.xpr/eMMC_Controller_4.6.1_tuning.xpr/eMMC_Controller/eMMC_Controller.srcs/sources_1/imports/sources/CRC7.v" into library work [D:/VivadoProjects/eMMC_Controller_fifo.xpr/eMMC_Controller_4.6.1_tuning.xpr/eMMC_Controller/eMMC_Controller.srcs/sources_1/imports/sources/CRC7.v:1]
INFO: [HDL 9-2216] Analyzing Verilog file "D:/VivadoProjects/eMMC_Controller_fifo.xpr/eMMC_Controller_4.6.1_tuning.xpr/eMMC_Controller/eMMC_Controller.srcs/sources_1/imports/sources/CRC7_400K.v" into library work [D:/VivadoProjects/eMMC_Controller_fifo.xpr/eMMC_Controller_4.6.1_tuning.xpr/eMMC_Controller/eMMC_Controller.srcs/sources_1/imports/sources/CRC7_400K.v:1]
INFO: [HDL 9-2216] Analyzing Verilog file "D:/VivadoProjects/eMMC_Controller_fifo.xpr/eMMC_Controller_4.6.1_tuning.xpr/eMMC_Controller/eMMC_Controller.srcs/sources_1/imports/sources/CRC7_Check.v" into library work [D:/VivadoProjects/eMMC_Controller_fifo.xpr/eMMC_Controller_4.6.1_tuning.xpr/eMMC_Controller/eMMC_Controller.srcs/sources_1/imports/sources/CRC7_Check.v:1]
INFO: [HDL 9-2216] Analyzing Verilog file "D:/VivadoProjects/eMMC_Controller_fifo.xpr/eMMC_Controller_4.6.1_tuning.xpr/eMMC_Controller/eMMC_Controller.srcs/sources_1/imports/sources/Test_eMMC_Controller.v" into library work [D:/VivadoProjects/eMMC_Controller_fifo.xpr/eMMC_Controller_4.6.1_tuning.xpr/eMMC_Controller/eMMC_Controller.srcs/sources_1/imports/sources/Test_eMMC_Controller.v:1]
INFO: [HDL 9-2216] Analyzing Verilog file "D:/VivadoProjects/eMMC_Controller_fifo.xpr/eMMC_Controller_4.6.1_tuning.xpr/eMMC_Controller/eMMC_Controller.srcs/sources_1/imports/sources/eMMC_controller.v" into library work [D:/VivadoProjects/eMMC_Controller_fifo.xpr/eMMC_Controller_4.6.1_tuning.xpr/eMMC_Controller/eMMC_Controller.srcs/sources_1/imports/sources/eMMC_controller.v:1]
INFO: [HDL 9-1065] Parsing verilog file "D:/VivadoProjects/eMMC_Controller_fifo.xpr/eMMC_Controller_4.6.1_tuning.xpr/eMMC_Controller/eMMC_Controller.srcs/sources_1/imports/sources/Define.vh" included at line 23. [D:/VivadoProjects/eMMC_Controller_fifo.xpr/eMMC_Controller_4.6.1_tuning.xpr/eMMC_Controller/eMMC_Controller.srcs/sources_1/imports/sources/eMMC_controller.v:23]
INFO: [HDL 9-1065] Parsing verilog file "D:/VivadoProjects/eMMC_Controller_fifo.xpr/eMMC_Controller_4.6.1_tuning.xpr/eMMC_Controller/eMMC_Controller.srcs/sources_1/imports/sources/log2.vh" included at line 62. [D:/VivadoProjects/eMMC_Controller_fifo.xpr/eMMC_Controller_4.6.1_tuning.xpr/eMMC_Controller/eMMC_Controller.srcs/sources_1/imports/sources/eMMC_controller.v:62]
INFO: [HDL 9-1065] Parsing verilog file "D:/VivadoProjects/eMMC_Controller_fifo.xpr/eMMC_Controller_4.6.1_tuning.xpr/eMMC_Controller/eMMC_Controller.srcs/sources_1/imports/sources/Parameter.vh" included at line 63. [D:/VivadoProjects/eMMC_Controller_fifo.xpr/eMMC_Controller_4.6.1_tuning.xpr/eMMC_Controller/eMMC_Controller.srcs/sources_1/imports/sources/eMMC_controller.v:63]
[Thu Nov 03 21:38:34 2016] Launched synth_4...
Run output will be captured here: D:/VivadoProjects/eMMC_Controller_fifo.xpr/eMMC_Controller_4.6.1_tuning.xpr/eMMC_Controller/eMMC_Controller.runs/synth_4/runme.log
reset_run synth_4
launch_runs synth_4 -jobs 2
INFO: [HDL 9-2216] Analyzing Verilog file "D:/VivadoProjects/eMMC_Controller_fifo.xpr/eMMC_Controller_4.6.1_tuning.xpr/eMMC_Controller/eMMC_Controller.srcs/sources_1/imports/sources/CRC16.v" into library work [D:/VivadoProjects/eMMC_Controller_fifo.xpr/eMMC_Controller_4.6.1_tuning.xpr/eMMC_Controller/eMMC_Controller.srcs/sources_1/imports/sources/CRC16.v:1]
INFO: [HDL 9-2216] Analyzing Verilog file "D:/VivadoProjects/eMMC_Controller_fifo.xpr/eMMC_Controller_4.6.1_tuning.xpr/eMMC_Controller/eMMC_Controller.srcs/sources_1/imports/sources/CRC16_Check.v" into library work [D:/VivadoProjects/eMMC_Controller_fifo.xpr/eMMC_Controller_4.6.1_tuning.xpr/eMMC_Controller/eMMC_Controller.srcs/sources_1/imports/sources/CRC16_Check.v:1]
INFO: [HDL 9-2216] Analyzing Verilog file "D:/VivadoProjects/eMMC_Controller_fifo.xpr/eMMC_Controller_4.6.1_tuning.xpr/eMMC_Controller/eMMC_Controller.srcs/sources_1/imports/sources/CRC7.v" into library work [D:/VivadoProjects/eMMC_Controller_fifo.xpr/eMMC_Controller_4.6.1_tuning.xpr/eMMC_Controller/eMMC_Controller.srcs/sources_1/imports/sources/CRC7.v:1]
INFO: [HDL 9-2216] Analyzing Verilog file "D:/VivadoProjects/eMMC_Controller_fifo.xpr/eMMC_Controller_4.6.1_tuning.xpr/eMMC_Controller/eMMC_Controller.srcs/sources_1/imports/sources/CRC7_400K.v" into library work [D:/VivadoProjects/eMMC_Controller_fifo.xpr/eMMC_Controller_4.6.1_tuning.xpr/eMMC_Controller/eMMC_Controller.srcs/sources_1/imports/sources/CRC7_400K.v:1]
INFO: [HDL 9-2216] Analyzing Verilog file "D:/VivadoProjects/eMMC_Controller_fifo.xpr/eMMC_Controller_4.6.1_tuning.xpr/eMMC_Controller/eMMC_Controller.srcs/sources_1/imports/sources/CRC7_Check.v" into library work [D:/VivadoProjects/eMMC_Controller_fifo.xpr/eMMC_Controller_4.6.1_tuning.xpr/eMMC_Controller/eMMC_Controller.srcs/sources_1/imports/sources/CRC7_Check.v:1]
INFO: [HDL 9-2216] Analyzing Verilog file "D:/VivadoProjects/eMMC_Controller_fifo.xpr/eMMC_Controller_4.6.1_tuning.xpr/eMMC_Controller/eMMC_Controller.srcs/sources_1/imports/sources/Test_eMMC_Controller.v" into library work [D:/VivadoProjects/eMMC_Controller_fifo.xpr/eMMC_Controller_4.6.1_tuning.xpr/eMMC_Controller/eMMC_Controller.srcs/sources_1/imports/sources/Test_eMMC_Controller.v:1]
INFO: [HDL 9-2216] Analyzing Verilog file "D:/VivadoProjects/eMMC_Controller_fifo.xpr/eMMC_Controller_4.6.1_tuning.xpr/eMMC_Controller/eMMC_Controller.srcs/sources_1/imports/sources/eMMC_controller.v" into library work [D:/VivadoProjects/eMMC_Controller_fifo.xpr/eMMC_Controller_4.6.1_tuning.xpr/eMMC_Controller/eMMC_Controller.srcs/sources_1/imports/sources/eMMC_controller.v:1]
INFO: [HDL 9-1065] Parsing verilog file "D:/VivadoProjects/eMMC_Controller_fifo.xpr/eMMC_Controller_4.6.1_tuning.xpr/eMMC_Controller/eMMC_Controller.srcs/sources_1/imports/sources/Define.vh" included at line 23. [D:/VivadoProjects/eMMC_Controller_fifo.xpr/eMMC_Controller_4.6.1_tuning.xpr/eMMC_Controller/eMMC_Controller.srcs/sources_1/imports/sources/eMMC_controller.v:23]
INFO: [HDL 9-1065] Parsing verilog file "D:/VivadoProjects/eMMC_Controller_fifo.xpr/eMMC_Controller_4.6.1_tuning.xpr/eMMC_Controller/eMMC_Controller.srcs/sources_1/imports/sources/log2.vh" included at line 62. [D:/VivadoProjects/eMMC_Controller_fifo.xpr/eMMC_Controller_4.6.1_tuning.xpr/eMMC_Controller/eMMC_Controller.srcs/sources_1/imports/sources/eMMC_controller.v:62]
INFO: [HDL 9-1065] Parsing verilog file "D:/VivadoProjects/eMMC_Controller_fifo.xpr/eMMC_Controller_4.6.1_tuning.xpr/eMMC_Controller/eMMC_Controller.srcs/sources_1/imports/sources/Parameter.vh" included at line 63. [D:/VivadoProjects/eMMC_Controller_fifo.xpr/eMMC_Controller_4.6.1_tuning.xpr/eMMC_Controller/eMMC_Controller.srcs/sources_1/imports/sources/eMMC_controller.v:63]
[Thu Nov 03 21:39:15 2016] Launched synth_4...
Run output will be captured here: D:/VivadoProjects/eMMC_Controller_fifo.xpr/eMMC_Controller_4.6.1_tuning.xpr/eMMC_Controller/eMMC_Controller.runs/synth_4/runme.log
open_run synth_4 -name synth_4
Design is defaulting to impl run constrset: constrs_2
Design is defaulting to synth run part: xc7z020clg484-1
INFO: [Project 1-454] Reading design checkpoint 'D:/VivadoProjects/eMMC_Controller_fifo.xpr/eMMC_Controller_4.6.1_tuning.xpr/eMMC_Controller/eMMC_Controller.runs/Command_fifo_synth_1/Command_fifo.dcp' for cell 'eMMC_controller_inst0/Command_fifo_inst0'
INFO: [Project 1-454] Reading design checkpoint 'D:/VivadoProjects/eMMC_Controller_fifo.xpr/eMMC_Controller_4.6.1_tuning.xpr/eMMC_Controller/eMMC_Controller.runs/Command_fifo_synth_1/Command_fifo.dcp' for cell 'eMMC_controller_inst0/Finished_Cmd_fifo_inst0'
INFO: [Project 1-454] Reading design checkpoint 'D:/VivadoProjects/eMMC_Controller_fifo.xpr/eMMC_Controller_4.6.1_tuning.xpr/eMMC_Controller/eMMC_Controller.runs/clk_divided_synth_1/clk_divided.dcp' for cell 'gen_clks'
INFO: [Project 1-454] Reading design checkpoint 'D:/VivadoProjects/eMMC_Controller_fifo.xpr/eMMC_Controller_4.6.1_tuning.xpr/eMMC_Controller/eMMC_Controller.runs/Data_fifo_synth_1/Data_fifo.dcp' for cell 'eMMC_controller_inst0/Read_buffer_final'
INFO: [Project 1-454] Reading design checkpoint 'D:/VivadoProjects/eMMC_Controller_fifo.xpr/eMMC_Controller_4.6.1_tuning.xpr/eMMC_Controller/eMMC_Controller.runs/Data_fifo_synth_1/Data_fifo.dcp' for cell 'eMMC_controller_inst0/Wr_data_fifo_inst0'
INFO: [Project 1-454] Reading design checkpoint 'D:/VivadoProjects/eMMC_Controller_fifo.xpr/eMMC_Controller_4.6.1_tuning.xpr/eMMC_Controller/eMMC_Controller.runs/Read_data512B_buffer_synth_1/Read_data512B_buffer.dcp' for cell 'eMMC_controller_inst0/Read_buffer_inst0'
INFO: [Project 1-454] Reading design checkpoint 'D:/VivadoProjects/eMMC_Controller_fifo.xpr/eMMC_Controller_4.6.1_tuning.xpr/eMMC_Controller/eMMC_Controller.runs/blk_mem_gen_0_synth_1/blk_mem_gen_0.dcp' for cell 'eMMC_controller_inst0/write_buffer_inst0'
INFO: [Netlist 29-17] Analyzing 95 Unisim elements for replacement
INFO: [Netlist 29-28] Unisim Transformation completed in 0 CPU seconds
INFO: [Project 1-479] Netlist was created with Vivado 2015.4
INFO: [Project 1-570] Preparing netlist for logic optimization
Parsing XDC File [d:/VivadoProjects/eMMC_Controller_fifo.xpr/eMMC_Controller_4.6.1_tuning.xpr/eMMC_Controller/eMMC_Controller.srcs/sources_1/ip/Command_fifo/Command_fifo/Command_fifo.xdc] for cell 'eMMC_controller_inst0/Command_fifo_inst0/U0'
Finished Parsing XDC File [d:/VivadoProjects/eMMC_Controller_fifo.xpr/eMMC_Controller_4.6.1_tuning.xpr/eMMC_Controller/eMMC_Controller.srcs/sources_1/ip/Command_fifo/Command_fifo/Command_fifo.xdc] for cell 'eMMC_controller_inst0/Command_fifo_inst0/U0'
Parsing XDC File [d:/VivadoProjects/eMMC_Controller_fifo.xpr/eMMC_Controller_4.6.1_tuning.xpr/eMMC_Controller/eMMC_Controller.srcs/sources_1/ip/Command_fifo/Command_fifo/Command_fifo.xdc] for cell 'eMMC_controller_inst0/Finished_Cmd_fifo_inst0/U0'
Finished Parsing XDC File [d:/VivadoProjects/eMMC_Controller_fifo.xpr/eMMC_Controller_4.6.1_tuning.xpr/eMMC_Controller/eMMC_Controller.srcs/sources_1/ip/Command_fifo/Command_fifo/Command_fifo.xdc] for cell 'eMMC_controller_inst0/Finished_Cmd_fifo_inst0/U0'
Parsing XDC File [d:/VivadoProjects/eMMC_Controller_fifo.xpr/eMMC_Controller_4.6.1_tuning.xpr/eMMC_Controller/eMMC_Controller.srcs/sources_1/ip/clk_divided/clk_divided_board.xdc] for cell 'gen_clks/inst'
Finished Parsing XDC File [d:/VivadoProjects/eMMC_Controller_fifo.xpr/eMMC_Controller_4.6.1_tuning.xpr/eMMC_Controller/eMMC_Controller.srcs/sources_1/ip/clk_divided/clk_divided_board.xdc] for cell 'gen_clks/inst'
Parsing XDC File [d:/VivadoProjects/eMMC_Controller_fifo.xpr/eMMC_Controller_4.6.1_tuning.xpr/eMMC_Controller/eMMC_Controller.srcs/sources_1/ip/clk_divided/clk_divided.xdc] for cell 'gen_clks/inst'
INFO: [Timing 38-35] Done setting XDC timing constraints. [d:/VivadoProjects/eMMC_Controller_fifo.xpr/eMMC_Controller_4.6.1_tuning.xpr/eMMC_Controller/eMMC_Controller.srcs/sources_1/ip/clk_divided/clk_divided.xdc:56]
INFO: [Timing 38-2] Deriving generated clocks [d:/VivadoProjects/eMMC_Controller_fifo.xpr/eMMC_Controller_4.6.1_tuning.xpr/eMMC_Controller/eMMC_Controller.srcs/sources_1/ip/clk_divided/clk_divided.xdc:56]
get_clocks: Time (s): cpu = 00:00:15 ; elapsed = 00:00:15 . Memory (MB): peak = 2004.227 ; gain = 68.473
Finished Parsing XDC File [d:/VivadoProjects/eMMC_Controller_fifo.xpr/eMMC_Controller_4.6.1_tuning.xpr/eMMC_Controller/eMMC_Controller.srcs/sources_1/ip/clk_divided/clk_divided.xdc] for cell 'gen_clks/inst'
Parsing XDC File [d:/VivadoProjects/eMMC_Controller_fifo.xpr/eMMC_Controller_4.6.1_tuning.xpr/eMMC_Controller/eMMC_Controller.srcs/sources_1/ip/Data_fifo/Data_fifo/Data_fifo.xdc] for cell 'eMMC_controller_inst0/Read_buffer_final/U0'
Finished Parsing XDC File [d:/VivadoProjects/eMMC_Controller_fifo.xpr/eMMC_Controller_4.6.1_tuning.xpr/eMMC_Controller/eMMC_Controller.srcs/sources_1/ip/Data_fifo/Data_fifo/Data_fifo.xdc] for cell 'eMMC_controller_inst0/Read_buffer_final/U0'
Parsing XDC File [d:/VivadoProjects/eMMC_Controller_fifo.xpr/eMMC_Controller_4.6.1_tuning.xpr/eMMC_Controller/eMMC_Controller.srcs/sources_1/ip/Data_fifo/Data_fifo/Data_fifo.xdc] for cell 'eMMC_controller_inst0/Wr_data_fifo_inst0/U0'
Finished Parsing XDC File [d:/VivadoProjects/eMMC_Controller_fifo.xpr/eMMC_Controller_4.6.1_tuning.xpr/eMMC_Controller/eMMC_Controller.srcs/sources_1/ip/Data_fifo/Data_fifo/Data_fifo.xdc] for cell 'eMMC_controller_inst0/Wr_data_fifo_inst0/U0'
Parsing XDC File [d:/VivadoProjects/eMMC_Controller_fifo.xpr/eMMC_Controller_4.6.1_tuning.xpr/eMMC_Controller/eMMC_Controller.srcs/sources_1/ip/Read_data512B_buffer/Read_data512B_buffer/Read_data512B_buffer.xdc] for cell 'eMMC_controller_inst0/Read_buffer_inst0/U0'
Finished Parsing XDC File [d:/VivadoProjects/eMMC_Controller_fifo.xpr/eMMC_Controller_4.6.1_tuning.xpr/eMMC_Controller/eMMC_Controller.srcs/sources_1/ip/Read_data512B_buffer/Read_data512B_buffer/Read_data512B_buffer.xdc] for cell 'eMMC_controller_inst0/Read_buffer_inst0/U0'
Parsing XDC File [D:/VivadoProjects/eMMC_Controller_fifo.xpr/eMMC_Controller_4.6.1_tuning.xpr/eMMC_Controller/eMMC_Controller.srcs/constrs_2/imports/Constraints/Debug2.xdc]
Finished Parsing XDC File [D:/VivadoProjects/eMMC_Controller_fifo.xpr/eMMC_Controller_4.6.1_tuning.xpr/eMMC_Controller/eMMC_Controller.srcs/constrs_2/imports/Constraints/Debug2.xdc]
Parsing XDC File [D:/VivadoProjects/eMMC_Controller_fifo.xpr/eMMC_Controller_4.6.1_tuning.xpr/eMMC_Controller/eMMC_Controller.srcs/constrs_2/imports/Constraints/PhyConstraint2.xdc]
WARNING: [Vivado 12-507] No nets matched 'eMMC_controller_inst0/fifo_wr_en'. [D:/VivadoProjects/eMMC_Controller_fifo.xpr/eMMC_Controller_4.6.1_tuning.xpr/eMMC_Controller/eMMC_Controller.srcs/constrs_2/imports/Constraints/PhyConstraint2.xdc:81]
CRITICAL WARNING: [Common 17-55] 'set_property' expects at least one object. [D:/VivadoProjects/eMMC_Controller_fifo.xpr/eMMC_Controller_4.6.1_tuning.xpr/eMMC_Controller/eMMC_Controller.srcs/constrs_2/imports/Constraints/PhyConstraint2.xdc:81]
Resolution: If [get_<value>] was used to populate the object, check to make sure this command returns at least one valid object.
WARNING: [Vivado 12-507] No nets matched 'eMMC_controller_inst0/fifo_wr_en'. [D:/VivadoProjects/eMMC_Controller_fifo.xpr/eMMC_Controller_4.6.1_tuning.xpr/eMMC_Controller/eMMC_Controller.srcs/constrs_2/imports/Constraints/PhyConstraint2.xdc:85]
CRITICAL WARNING: [Common 17-162] Invalid option value specified for '-nets'. [D:/VivadoProjects/eMMC_Controller_fifo.xpr/eMMC_Controller_4.6.1_tuning.xpr/eMMC_Controller/eMMC_Controller.srcs/constrs_2/imports/Constraints/PhyConstraint2.xdc:85]
Finished Parsing XDC File [D:/VivadoProjects/eMMC_Controller_fifo.xpr/eMMC_Controller_4.6.1_tuning.xpr/eMMC_Controller/eMMC_Controller.srcs/constrs_2/imports/Constraints/PhyConstraint2.xdc]
Parsing XDC File [D:/VivadoProjects/eMMC_Controller_fifo.xpr/eMMC_Controller_4.6.1_tuning.xpr/eMMC_Controller/eMMC_Controller.srcs/constrs_2/imports/Constraints/Timing2.xdc]
WARNING: [Vivado 12-508] No pins matched 'eMMC_controller_inst0/ODDR_inst/C'. [D:/VivadoProjects/eMMC_Controller_fifo.xpr/eMMC_Controller_4.6.1_tuning.xpr/eMMC_Controller/eMMC_Controller.srcs/constrs_2/imports/Constraints/Timing2.xdc:11]
CRITICAL WARNING: [Vivado 12-1387] No valid object(s) found for create_generated_clock constraint with option '-source [get_pins eMMC_controller_inst0/ODDR_inst/C]'. [D:/VivadoProjects/eMMC_Controller_fifo.xpr/eMMC_Controller_4.6.1_tuning.xpr/eMMC_Controller/eMMC_Controller.srcs/constrs_2/imports/Constraints/Timing2.xdc:11]
Resolution: Check if the specified object(s) exists in the current design. If it does, ensure that the correct design hierarchy was specified for the object. If you are working with clocks, make sure create_clock was used to create the clock object before it is referenced.
WARNING: [Vivado 12-508] No pins matched 'eMMC_controller_inst0/ODDR_inst/C'. [D:/VivadoProjects/eMMC_Controller_fifo.xpr/eMMC_Controller_4.6.1_tuning.xpr/eMMC_Controller/eMMC_Controller.srcs/constrs_2/imports/Constraints/Timing2.xdc:12]
CRITICAL WARNING: [Vivado 12-1387] No valid object(s) found for create_generated_clock constraint with option '-source [get_pins eMMC_controller_inst0/ODDR_inst/C]'. [D:/VivadoProjects/eMMC_Controller_fifo.xpr/eMMC_Controller_4.6.1_tuning.xpr/eMMC_Controller/eMMC_Controller.srcs/constrs_2/imports/Constraints/Timing2.xdc:12]
Resolution: Check if the specified object(s) exists in the current design. If it does, ensure that the correct design hierarchy was specified for the object. If you are working with clocks, make sure create_clock was used to create the clock object before it is referenced.
WARNING: [Vivado 12-627] No clocks matched 'fwdClk_200M'. [D:/VivadoProjects/eMMC_Controller_fifo.xpr/eMMC_Controller_4.6.1_tuning.xpr/eMMC_Controller/eMMC_Controller.srcs/constrs_2/imports/Constraints/Timing2.xdc:16]
INFO: [Vivado 12-626] No clocks found. Please use 'create_clock' or 'create_generated_clock' command to create clocks. [D:/VivadoProjects/eMMC_Controller_fifo.xpr/eMMC_Controller_4.6.1_tuning.xpr/eMMC_Controller/eMMC_Controller.srcs/constrs_2/imports/Constraints/Timing2.xdc:16]
CRITICAL WARNING: [Vivado 12-1387] No valid object(s) found for set_output_delay constraint with option '-clock [get_clocks fwdClk_200M]'. [D:/VivadoProjects/eMMC_Controller_fifo.xpr/eMMC_Controller_4.6.1_tuning.xpr/eMMC_Controller/eMMC_Controller.srcs/constrs_2/imports/Constraints/Timing2.xdc:16]
Resolution: Check if the specified object(s) exists in the current design. If it does, ensure that the correct design hierarchy was specified for the object. If you are working with clocks, make sure create_clock was used to create the clock object before it is referenced.
Finished Parsing XDC File [D:/VivadoProjects/eMMC_Controller_fifo.xpr/eMMC_Controller_4.6.1_tuning.xpr/eMMC_Controller/eMMC_Controller.srcs/constrs_2/imports/Constraints/Timing2.xdc]
INFO: [Project 1-538] Using original IP XDC constraints instead of the XDC constraints in dcp 'D:/VivadoProjects/eMMC_Controller_fifo.xpr/eMMC_Controller_4.6.1_tuning.xpr/eMMC_Controller/eMMC_Controller.runs/Command_fifo_synth_1/Command_fifo.dcp'
INFO: [Project 1-538] Using original IP XDC constraints instead of the XDC constraints in dcp 'D:/VivadoProjects/eMMC_Controller_fifo.xpr/eMMC_Controller_4.6.1_tuning.xpr/eMMC_Controller/eMMC_Controller.runs/Command_fifo_synth_1/Command_fifo.dcp'
INFO: [Project 1-538] Using original IP XDC constraints instead of the XDC constraints in dcp 'D:/VivadoProjects/eMMC_Controller_fifo.xpr/eMMC_Controller_4.6.1_tuning.xpr/eMMC_Controller/eMMC_Controller.runs/clk_divided_synth_1/clk_divided.dcp'
INFO: [Project 1-538] Using original IP XDC constraints instead of the XDC constraints in dcp 'D:/VivadoProjects/eMMC_Controller_fifo.xpr/eMMC_Controller_4.6.1_tuning.xpr/eMMC_Controller/eMMC_Controller.runs/Data_fifo_synth_1/Data_fifo.dcp'
INFO: [Project 1-538] Using original IP XDC constraints instead of the XDC constraints in dcp 'D:/VivadoProjects/eMMC_Controller_fifo.xpr/eMMC_Controller_4.6.1_tuning.xpr/eMMC_Controller/eMMC_Controller.runs/Data_fifo_synth_1/Data_fifo.dcp'
INFO: [Project 1-538] Using original IP XDC constraints instead of the XDC constraints in dcp 'D:/VivadoProjects/eMMC_Controller_fifo.xpr/eMMC_Controller_4.6.1_tuning.xpr/eMMC_Controller/eMMC_Controller.runs/Read_data512B_buffer_synth_1/Read_data512B_buffer.dcp'
INFO: [Project 1-538] Using original IP XDC constraints instead of the XDC constraints in dcp 'D:/VivadoProjects/eMMC_Controller_fifo.xpr/eMMC_Controller_4.6.1_tuning.xpr/eMMC_Controller/eMMC_Controller.runs/blk_mem_gen_0_synth_1/blk_mem_gen_0.dcp'
INFO: [Opt 31-140] Inserted 1 IBUFs to IO ports without IO buffers.
INFO: [Opt 31-138] Pushed 0 inverter(s) to 0 load pin(s).
INFO: [Project 1-111] Unisim Transformation Summary:
  A total of 9 instances were transformed.
  IOBUF => IOBUF (IBUF, OBUFT): 9 instances

open_run: Time (s): cpu = 00:00:21 ; elapsed = 00:00:19 . Memory (MB): peak = 2004.234 ; gain = 68.480
launch_runs impl_4 -to_step write_bitstream -jobs 2
ERROR: [Chipscope 16-213] The debug port 'u_ila_0/probe7' has 1 unconnected channels (bits). This will cause errors during implementation.
delete_debug_port [get_debug_ports {u_ila_0/probe7 }]
save_constraints
launch_runs impl_4 -to_step write_bitstream -jobs 2
Writing placer database...
Writing XDEF routing.
Writing XDEF routing logical nets.
Writing XDEF routing special nets.
Write XDEF Complete: Time (s): cpu = 00:00:01 ; elapsed = 00:00:00.069 . Memory (MB): peak = 2004.234 ; gain = 0.000
[Thu Nov 03 21:41:54 2016] Launched impl_4...
Run output will be captured here: D:/VivadoProjects/eMMC_Controller_fifo.xpr/eMMC_Controller_4.6.1_tuning.xpr/eMMC_Controller/eMMC_Controller.runs/impl_4/runme.log
open_hw
connect_hw_server
INFO: [Labtools 27-2285] Connecting to hw_server url TCP:localhost:3121
INFO: [Labtools 27-2222] Launching hw_server...
INFO: [Labtools 27-2221] Launch Output:

****** Xilinx hw_server v2015.4
  **** Build date : Nov 17 2015-18:01:07
    ** Copyright 1986-1999, 2001-2015 Xilinx, Inc. All Rights Reserved.


open_hw_target
INFO: [Labtoolstcl 44-466] Opening hw_target localhost:3121/xilinx_tcf/Digilent/210248686087
set_property PROGRAM.FILE {D:/VivadoProjects/eMMC_Controller_fifo.xpr/eMMC_Controller_4.6.1_tuning.xpr/eMMC_Controller/eMMC_Controller.runs/impl_4/Test_eMMC_Controller.bit} [lindex [get_hw_devices] 1]
set_property PROBES.FILE {D:/VivadoProjects/eMMC_Controller_fifo.xpr/eMMC_Controller_4.6.1_tuning.xpr/eMMC_Controller/eMMC_Controller.runs/impl_4/debug_nets.ltx} [lindex [get_hw_devices] 1]
current_hw_device [lindex [get_hw_devices] 1]
refresh_hw_device [lindex [get_hw_devices] 1]
INFO: [Labtools 27-1434] Device xc7z020 (JTAG device index = 1) is programmed with a design that has no supported debug core(s) in it.
WARNING: [Labtools 27-3123] The debug hub core was not detected at User Scan Chain 1 or 3.
Resolution: 
1. Make sure the clock connected to the debug hub (dbg_hub) core is a free running clock and is active OR
2. Manually launch hw_server with -e "set xsdb-user-bscan <C_USER_SCAN_CHAIN scan_chain_number>" to detect the debug hub at User Scan Chain of 2 or 4. To determine the user scan chain setting, open the implemented design and use: get_property C_USER_SCAN_CHAIN [get_debug_cores dbg_hub].
WARNING: [Labtools 27-1974] Mismatch between the design programmed into the device xc7z020_1 and the probes file D:/VivadoProjects/eMMC_Controller_fifo.xpr/eMMC_Controller_4.6.1_tuning.xpr/eMMC_Controller/eMMC_Controller.runs/impl_4/debug_nets.ltx.
The device design has 0 ILA core(s) and 0 VIO core(s). The probes file has 1 ILA core(s) and 0 VIO core(s).
Resolution: 
1. Reprogram device with the correct programming file and associated probes file OR
2. Goto device properties and associate the correct probes file with the programming file already programmed in the device.
set_property PROBES.FILE {D:/VivadoProjects/eMMC_Controller_fifo.xpr/eMMC_Controller_4.6.1_tuning.xpr/eMMC_Controller/eMMC_Controller.runs/impl_4/debug_nets.ltx} [lindex [get_hw_devices] 1]
set_property PROGRAM.FILE {D:/VivadoProjects/eMMC_Controller_fifo.xpr/eMMC_Controller_4.6.1_tuning.xpr/eMMC_Controller/eMMC_Controller.runs/impl_4/Test_eMMC_Controller.bit} [lindex [get_hw_devices] 1]
program_hw_devices [lindex [get_hw_devices] 1]
INFO: [Labtools 27-3164] End of startup status: HIGH
refresh_hw_device [lindex [get_hw_devices] 1]
INFO: [Labtools 27-2302] Device xc7z020 (JTAG device index = 1) is programmed with a design that has 1 ILA core(s).
display_hw_ila_data [ get_hw_ila_data hw_ila_data_1 -of_objects [get_hw_ilas -of_objects [get_hw_devices xc7z020_1] -filter {CELL_NAME=~"u_ila_0"}]]
WARNING: Simulation object eMMC_controller_inst0/fifo_wr_en was not found in the design.
run_hw_ila [get_hw_ilas -of_objects [get_hw_devices xc7z020_1] -filter {CELL_NAME=~"u_ila_0"}] -trigger_now
INFO: [Labtools 27-1964] The ILA core 'hw_ila_1' trigger was armed at 2016-Nov-03 21:53:15
wait_on_hw_ila [get_hw_ilas -of_objects [get_hw_devices xc7z020_1] -filter {CELL_NAME=~"u_ila_0"}]
display_hw_ila_data [upload_hw_ila_data [get_hw_ilas -of_objects [get_hw_devices xc7z020_1] -filter {CELL_NAME=~"u_ila_0"}]]
INFO: [Labtools 27-1966] The ILA core 'hw_ila_1' triggered at 2016-Nov-03 21:53:15
run_hw_ila [get_hw_ilas -of_objects [get_hw_devices xc7z020_1] -filter {CELL_NAME=~"u_ila_0"}] -trigger_now
INFO: [Labtools 27-1964] The ILA core 'hw_ila_1' trigger was armed at 2016-Nov-03 21:53:17
wait_on_hw_ila [get_hw_ilas -of_objects [get_hw_devices xc7z020_1] -filter {CELL_NAME=~"u_ila_0"}]
display_hw_ila_data [upload_hw_ila_data [get_hw_ilas -of_objects [get_hw_devices xc7z020_1] -filter {CELL_NAME=~"u_ila_0"}]]
INFO: [Labtools 27-1966] The ILA core 'hw_ila_1' triggered at 2016-Nov-03 21:53:17
run_hw_ila [get_hw_ilas -of_objects [get_hw_devices xc7z020_1] -filter {CELL_NAME=~"u_ila_0"}] -trigger_now
INFO: [Labtools 27-1964] The ILA core 'hw_ila_1' trigger was armed at 2016-Nov-03 21:53:19
wait_on_hw_ila [get_hw_ilas -of_objects [get_hw_devices xc7z020_1] -filter {CELL_NAME=~"u_ila_0"}]
display_hw_ila_data [upload_hw_ila_data [get_hw_ilas -of_objects [get_hw_devices xc7z020_1] -filter {CELL_NAME=~"u_ila_0"}]]
INFO: [Labtools 27-1966] The ILA core 'hw_ila_1' triggered at 2016-Nov-03 21:53:19
run_hw_ila [get_hw_ilas -of_objects [get_hw_devices xc7z020_1] -filter {CELL_NAME=~"u_ila_0"}] -trigger_now
INFO: [Labtools 27-1964] The ILA core 'hw_ila_1' trigger was armed at 2016-Nov-03 21:53:20
wait_on_hw_ila [get_hw_ilas -of_objects [get_hw_devices xc7z020_1] -filter {CELL_NAME=~"u_ila_0"}]
display_hw_ila_data [upload_hw_ila_data [get_hw_ilas -of_objects [get_hw_devices xc7z020_1] -filter {CELL_NAME=~"u_ila_0"}]]
INFO: [Labtools 27-1966] The ILA core 'hw_ila_1' triggered at 2016-Nov-03 21:53:20
run_hw_ila [get_hw_ilas -of_objects [get_hw_devices xc7z020_1] -filter {CELL_NAME=~"u_ila_0"}] -trigger_now
INFO: [Labtools 27-1964] The ILA core 'hw_ila_1' trigger was armed at 2016-Nov-03 21:53:36
wait_on_hw_ila [get_hw_ilas -of_objects [get_hw_devices xc7z020_1] -filter {CELL_NAME=~"u_ila_0"}]
display_hw_ila_data [upload_hw_ila_data [get_hw_ilas -of_objects [get_hw_devices xc7z020_1] -filter {CELL_NAME=~"u_ila_0"}]]
INFO: [Labtools 27-1966] The ILA core 'hw_ila_1' triggered at 2016-Nov-03 21:53:36
set_property TRIGGER_COMPARE_VALUE eq5'h10 [get_hw_probes eMMC_controller_inst0/Steps_Curr_State -of_objects [get_hw_ilas -of_objects [get_hw_devices xc7z020_1] -filter {CELL_NAME=~"u_ila_0"}]]
run_hw_ila [get_hw_ilas -of_objects [get_hw_devices xc7z020_1] -filter {CELL_NAME=~"u_ila_0"}]
INFO: [Labtools 27-1964] The ILA core 'hw_ila_1' trigger was armed at 2016-Nov-03 21:53:43
wait_on_hw_ila [get_hw_ilas -of_objects [get_hw_devices xc7z020_1] -filter {CELL_NAME=~"u_ila_0"}]
display_hw_ila_data [upload_hw_ila_data [get_hw_ilas -of_objects [get_hw_devices xc7z020_1] -filter {CELL_NAME=~"u_ila_0"}]]
INFO: [Labtools 27-1966] The ILA core 'hw_ila_1' triggered at 2016-Nov-03 21:53:44
add_wave -into {hw_ila_data_1.wcfg} -radix hex {eMMC_controller_inst0/Fifo_bit_counter_reg__0}
add_wave -into {hw_ila_data_1.wcfg} -radix hex {u_ila_0_rd_data_final}
save_wave_config {D:/VivadoProjects/eMMC_Controller_fifo.xpr/eMMC_Controller_4.6.1_tuning.xpr/eMMC_Controller/eMMC_Controller.hw/hw_1/wave/hw_ila_data_1/hw_ila_data_1.wcfg}
ERROR: [Xicom 50-38] xicom: Core access failed. Check cable connectivity and that the target board is powered up then use the disconnect_hw_server and connect_hw_server to re-initialize the hardware target. Use open_hw_target to re-register the hardware device.
ERROR: [Xicom 50-38] xicom: Core access failed. Check cable connectivity and that the target board is powered up then use the disconnect_hw_server and connect_hw_server to re-initialize the hardware target. Use open_hw_target to re-register the hardware device.
ERROR: [Xicom 50-38] xicom: Core access failed. Check cable connectivity and that the target board is powered up then use the disconnect_hw_server and connect_hw_server to re-initialize the hardware target. Use open_hw_target to re-register the hardware device.
ERROR: [Xicom 50-38] xicom: Core access failed. Check cable connectivity and that the target board is powered up then use the disconnect_hw_server and connect_hw_server to re-initialize the hardware target. Use open_hw_target to re-register the hardware device.
ERROR: [Xicom 50-38] xicom: Core access failed. Check cable connectivity and that the target board is powered up then use the disconnect_hw_server and connect_hw_server to re-initialize the hardware target. Use open_hw_target to re-register the hardware device.
ERROR: [Xicom 50-38] xicom: Core access failed. Check cable connectivity and that the target board is powered up then use the disconnect_hw_server and connect_hw_server to re-initialize the hardware target. Use open_hw_target to re-register the hardware device.
close_hw
open_hw
connect_hw_server
INFO: [Labtools 27-2285] Connecting to hw_server url TCP:localhost:3121
INFO: [Labtools 27-2222] Launching hw_server...
INFO: [Labtools 27-2221] Launch Output:

****** Xilinx hw_server v2015.4
  **** Build date : Nov 17 2015-18:01:07
    ** Copyright 1986-1999, 2001-2015 Xilinx, Inc. All Rights Reserved.


open_hw_target
INFO: [Labtoolstcl 44-466] Opening hw_target localhost:3121/xilinx_tcf/Digilent/210248686087
set_property PROGRAM.FILE {D:/VivadoProjects/eMMC_Controller_fifo.xpr/eMMC_Controller_4.6.1_tuning.xpr/eMMC_Controller/eMMC_Controller.runs/impl_4/Test_eMMC_Controller.bit} [lindex [get_hw_devices] 1]
set_property PROBES.FILE {D:/VivadoProjects/eMMC_Controller_fifo.xpr/eMMC_Controller_4.6.1_tuning.xpr/eMMC_Controller/eMMC_Controller.runs/impl_4/debug_nets.ltx} [lindex [get_hw_devices] 1]
current_hw_device [lindex [get_hw_devices] 1]
refresh_hw_device [lindex [get_hw_devices] 1]
INFO: [Labtools 27-1435] Device xc7z020 (JTAG device index = 1) is not programmed (DONE status = 0).
set_property PROBES.FILE {D:/VivadoProjects/eMMC_Controller_fifo.xpr/eMMC_Controller_4.6.1_tuning.xpr/eMMC_Controller/eMMC_Controller.runs/impl_4/debug_nets.ltx} [lindex [get_hw_devices] 1]
set_property PROGRAM.FILE {D:/VivadoProjects/eMMC_Controller_fifo.xpr/eMMC_Controller_4.6.1_tuning.xpr/eMMC_Controller/eMMC_Controller.runs/impl_4/Test_eMMC_Controller.bit} [lindex [get_hw_devices] 1]
program_hw_devices [lindex [get_hw_devices] 1]
INFO: [Labtools 27-3164] End of startup status: HIGH
refresh_hw_device [lindex [get_hw_devices] 1]
INFO: [Labtools 27-2302] Device xc7z020 (JTAG device index = 1) is programmed with a design that has 1 ILA core(s).
display_hw_ila_data [ get_hw_ila_data hw_ila_data_1 -of_objects [get_hw_ilas -of_objects [get_hw_devices xc7z020_1] -filter {CELL_NAME=~"u_ila_0"}]]
add_wave -into {hw_ila_data_1.wcfg} -radix hex {eMMC_controller_inst0/crc16_check_result}
add_wave -into {hw_ila_data_1.wcfg} -radix hex {eMMC_controller_inst0/Data_Arriving}
add_wave -into {hw_ila_data_1.wcfg} -radix hex {eMMC_controller_inst0/rd_data_final}
run_hw_ila [get_hw_ilas -of_objects [get_hw_devices xc7z020_1] -filter {CELL_NAME=~"u_ila_0"}]
INFO: [Labtools 27-1964] The ILA core 'hw_ila_1' trigger was armed at 2016-Nov-03 21:57:44
wait_on_hw_ila [get_hw_ilas -of_objects [get_hw_devices xc7z020_1] -filter {CELL_NAME=~"u_ila_0"}]
display_hw_ila_data [upload_hw_ila_data [get_hw_ilas -of_objects [get_hw_devices xc7z020_1] -filter {CELL_NAME=~"u_ila_0"}]]
INFO: [Labtools 27-1966] The ILA core 'hw_ila_1' triggered at 2016-Nov-03 21:57:46
save_wave_config {D:/VivadoProjects/eMMC_Controller_fifo.xpr/eMMC_Controller_4.6.1_tuning.xpr/eMMC_Controller/eMMC_Controller.hw/hw_1/wave/hw_ila_data_1/hw_ila_data_1.wcfg}
ERROR: [Xicom 50-38] xicom: Core access failed. Check cable connectivity and that the target board is powered up then use the disconnect_hw_server and connect_hw_server to re-initialize the hardware target. Use open_hw_target to re-register the hardware device.
ERROR: [Xicom 50-38] xicom: Core access failed. Check cable connectivity and that the target board is powered up then use the disconnect_hw_server and connect_hw_server to re-initialize the hardware target. Use open_hw_target to re-register the hardware device.
ERROR: [Xicom 50-38] xicom: Core access failed. Check cable connectivity and that the target board is powered up then use the disconnect_hw_server and connect_hw_server to re-initialize the hardware target. Use open_hw_target to re-register the hardware device.
ERROR: [Xicom 50-38] xicom: Core access failed. Check cable connectivity and that the target board is powered up then use the disconnect_hw_server and connect_hw_server to re-initialize the hardware target. Use open_hw_target to re-register the hardware device.
ERROR: [Xicom 50-38] xicom: Core access failed. Check cable connectivity and that the target board is powered up then use the disconnect_hw_server and connect_hw_server to re-initialize the hardware target. Use open_hw_target to re-register the hardware device.
ERROR: [Xicom 50-38] xicom: Core access failed. Check cable connectivity and that the target board is powered up then use the disconnect_hw_server and connect_hw_server to re-initialize the hardware target. Use open_hw_target to re-register the hardware device.
ERROR: [Xicom 50-38] xicom: Core access failed. Check cable connectivity and that the target board is powered up then use the disconnect_hw_server and connect_hw_server to re-initialize the hardware target. Use open_hw_target to re-register the hardware device.
ERROR: [Xicom 50-38] xicom: Core access failed. Check cable connectivity and that the target board is powered up then use the disconnect_hw_server and connect_hw_server to re-initialize the hardware target. Use open_hw_target to re-register the hardware device.
ERROR: [Xicom 50-38] xicom: Core access failed. Check cable connectivity and that the target board is powered up then use the disconnect_hw_server and connect_hw_server to re-initialize the hardware target. Use open_hw_target to re-register the hardware device.
ERROR: [Xicom 50-38] xicom: Core access failed. Check cable connectivity and that the target board is powered up then use the disconnect_hw_server and connect_hw_server to re-initialize the hardware target. Use open_hw_target to re-register the hardware device.
close_hw
close_design
reset_run synth_4
launch_runs synth_4 -jobs 2
INFO: [HDL 9-2216] Analyzing Verilog file "D:/VivadoProjects/eMMC_Controller_fifo.xpr/eMMC_Controller_4.6.1_tuning.xpr/eMMC_Controller/eMMC_Controller.srcs/sources_1/imports/sources/CRC16.v" into library work [D:/VivadoProjects/eMMC_Controller_fifo.xpr/eMMC_Controller_4.6.1_tuning.xpr/eMMC_Controller/eMMC_Controller.srcs/sources_1/imports/sources/CRC16.v:1]
INFO: [HDL 9-2216] Analyzing Verilog file "D:/VivadoProjects/eMMC_Controller_fifo.xpr/eMMC_Controller_4.6.1_tuning.xpr/eMMC_Controller/eMMC_Controller.srcs/sources_1/imports/sources/CRC16_Check.v" into library work [D:/VivadoProjects/eMMC_Controller_fifo.xpr/eMMC_Controller_4.6.1_tuning.xpr/eMMC_Controller/eMMC_Controller.srcs/sources_1/imports/sources/CRC16_Check.v:1]
INFO: [HDL 9-2216] Analyzing Verilog file "D:/VivadoProjects/eMMC_Controller_fifo.xpr/eMMC_Controller_4.6.1_tuning.xpr/eMMC_Controller/eMMC_Controller.srcs/sources_1/imports/sources/CRC7.v" into library work [D:/VivadoProjects/eMMC_Controller_fifo.xpr/eMMC_Controller_4.6.1_tuning.xpr/eMMC_Controller/eMMC_Controller.srcs/sources_1/imports/sources/CRC7.v:1]
INFO: [HDL 9-2216] Analyzing Verilog file "D:/VivadoProjects/eMMC_Controller_fifo.xpr/eMMC_Controller_4.6.1_tuning.xpr/eMMC_Controller/eMMC_Controller.srcs/sources_1/imports/sources/CRC7_400K.v" into library work [D:/VivadoProjects/eMMC_Controller_fifo.xpr/eMMC_Controller_4.6.1_tuning.xpr/eMMC_Controller/eMMC_Controller.srcs/sources_1/imports/sources/CRC7_400K.v:1]
INFO: [HDL 9-2216] Analyzing Verilog file "D:/VivadoProjects/eMMC_Controller_fifo.xpr/eMMC_Controller_4.6.1_tuning.xpr/eMMC_Controller/eMMC_Controller.srcs/sources_1/imports/sources/CRC7_Check.v" into library work [D:/VivadoProjects/eMMC_Controller_fifo.xpr/eMMC_Controller_4.6.1_tuning.xpr/eMMC_Controller/eMMC_Controller.srcs/sources_1/imports/sources/CRC7_Check.v:1]
INFO: [HDL 9-2216] Analyzing Verilog file "D:/VivadoProjects/eMMC_Controller_fifo.xpr/eMMC_Controller_4.6.1_tuning.xpr/eMMC_Controller/eMMC_Controller.srcs/sources_1/imports/sources/Test_eMMC_Controller.v" into library work [D:/VivadoProjects/eMMC_Controller_fifo.xpr/eMMC_Controller_4.6.1_tuning.xpr/eMMC_Controller/eMMC_Controller.srcs/sources_1/imports/sources/Test_eMMC_Controller.v:1]
INFO: [HDL 9-2216] Analyzing Verilog file "D:/VivadoProjects/eMMC_Controller_fifo.xpr/eMMC_Controller_4.6.1_tuning.xpr/eMMC_Controller/eMMC_Controller.srcs/sources_1/imports/sources/eMMC_controller.v" into library work [D:/VivadoProjects/eMMC_Controller_fifo.xpr/eMMC_Controller_4.6.1_tuning.xpr/eMMC_Controller/eMMC_Controller.srcs/sources_1/imports/sources/eMMC_controller.v:1]
INFO: [HDL 9-1065] Parsing verilog file "D:/VivadoProjects/eMMC_Controller_fifo.xpr/eMMC_Controller_4.6.1_tuning.xpr/eMMC_Controller/eMMC_Controller.srcs/sources_1/imports/sources/Define.vh" included at line 23. [D:/VivadoProjects/eMMC_Controller_fifo.xpr/eMMC_Controller_4.6.1_tuning.xpr/eMMC_Controller/eMMC_Controller.srcs/sources_1/imports/sources/eMMC_controller.v:23]
INFO: [HDL 9-1065] Parsing verilog file "D:/VivadoProjects/eMMC_Controller_fifo.xpr/eMMC_Controller_4.6.1_tuning.xpr/eMMC_Controller/eMMC_Controller.srcs/sources_1/imports/sources/log2.vh" included at line 62. [D:/VivadoProjects/eMMC_Controller_fifo.xpr/eMMC_Controller_4.6.1_tuning.xpr/eMMC_Controller/eMMC_Controller.srcs/sources_1/imports/sources/eMMC_controller.v:62]
INFO: [HDL 9-1065] Parsing verilog file "D:/VivadoProjects/eMMC_Controller_fifo.xpr/eMMC_Controller_4.6.1_tuning.xpr/eMMC_Controller/eMMC_Controller.srcs/sources_1/imports/sources/Parameter.vh" included at line 63. [D:/VivadoProjects/eMMC_Controller_fifo.xpr/eMMC_Controller_4.6.1_tuning.xpr/eMMC_Controller/eMMC_Controller.srcs/sources_1/imports/sources/eMMC_controller.v:63]
[Thu Nov 03 22:22:03 2016] Launched synth_4...
Run output will be captured here: D:/VivadoProjects/eMMC_Controller_fifo.xpr/eMMC_Controller_4.6.1_tuning.xpr/eMMC_Controller/eMMC_Controller.runs/synth_4/runme.log
open_run synth_4 -name synth_4
Design is defaulting to impl run constrset: constrs_2
Design is defaulting to synth run part: xc7z020clg484-1
INFO: [Project 1-454] Reading design checkpoint 'D:/VivadoProjects/eMMC_Controller_fifo.xpr/eMMC_Controller_4.6.1_tuning.xpr/eMMC_Controller/eMMC_Controller.runs/Command_fifo_synth_1/Command_fifo.dcp' for cell 'eMMC_controller_inst0/Command_fifo_inst0'
INFO: [Project 1-454] Reading design checkpoint 'D:/VivadoProjects/eMMC_Controller_fifo.xpr/eMMC_Controller_4.6.1_tuning.xpr/eMMC_Controller/eMMC_Controller.runs/Command_fifo_synth_1/Command_fifo.dcp' for cell 'eMMC_controller_inst0/Finished_Cmd_fifo_inst0'
INFO: [Project 1-454] Reading design checkpoint 'D:/VivadoProjects/eMMC_Controller_fifo.xpr/eMMC_Controller_4.6.1_tuning.xpr/eMMC_Controller/eMMC_Controller.runs/clk_divided_synth_1/clk_divided.dcp' for cell 'gen_clks'
INFO: [Project 1-454] Reading design checkpoint 'D:/VivadoProjects/eMMC_Controller_fifo.xpr/eMMC_Controller_4.6.1_tuning.xpr/eMMC_Controller/eMMC_Controller.runs/Data_fifo_synth_1/Data_fifo.dcp' for cell 'eMMC_controller_inst0/Read_buffer_final'
INFO: [Project 1-454] Reading design checkpoint 'D:/VivadoProjects/eMMC_Controller_fifo.xpr/eMMC_Controller_4.6.1_tuning.xpr/eMMC_Controller/eMMC_Controller.runs/Data_fifo_synth_1/Data_fifo.dcp' for cell 'eMMC_controller_inst0/Wr_data_fifo_inst0'
INFO: [Project 1-454] Reading design checkpoint 'D:/VivadoProjects/eMMC_Controller_fifo.xpr/eMMC_Controller_4.6.1_tuning.xpr/eMMC_Controller/eMMC_Controller.runs/Read_data512B_buffer_synth_1/Read_data512B_buffer.dcp' for cell 'eMMC_controller_inst0/Read_buffer_inst0'
INFO: [Project 1-454] Reading design checkpoint 'D:/VivadoProjects/eMMC_Controller_fifo.xpr/eMMC_Controller_4.6.1_tuning.xpr/eMMC_Controller/eMMC_Controller.runs/blk_mem_gen_0_synth_1/blk_mem_gen_0.dcp' for cell 'eMMC_controller_inst0/write_buffer_inst0'
INFO: [Netlist 29-17] Analyzing 80 Unisim elements for replacement
INFO: [Netlist 29-28] Unisim Transformation completed in 0 CPU seconds
INFO: [Project 1-479] Netlist was created with Vivado 2015.4
INFO: [Project 1-570] Preparing netlist for logic optimization
Parsing XDC File [d:/VivadoProjects/eMMC_Controller_fifo.xpr/eMMC_Controller_4.6.1_tuning.xpr/eMMC_Controller/eMMC_Controller.srcs/sources_1/ip/Command_fifo/Command_fifo/Command_fifo.xdc] for cell 'eMMC_controller_inst0/Command_fifo_inst0/U0'
Finished Parsing XDC File [d:/VivadoProjects/eMMC_Controller_fifo.xpr/eMMC_Controller_4.6.1_tuning.xpr/eMMC_Controller/eMMC_Controller.srcs/sources_1/ip/Command_fifo/Command_fifo/Command_fifo.xdc] for cell 'eMMC_controller_inst0/Command_fifo_inst0/U0'
Parsing XDC File [d:/VivadoProjects/eMMC_Controller_fifo.xpr/eMMC_Controller_4.6.1_tuning.xpr/eMMC_Controller/eMMC_Controller.srcs/sources_1/ip/Command_fifo/Command_fifo/Command_fifo.xdc] for cell 'eMMC_controller_inst0/Finished_Cmd_fifo_inst0/U0'
Finished Parsing XDC File [d:/VivadoProjects/eMMC_Controller_fifo.xpr/eMMC_Controller_4.6.1_tuning.xpr/eMMC_Controller/eMMC_Controller.srcs/sources_1/ip/Command_fifo/Command_fifo/Command_fifo.xdc] for cell 'eMMC_controller_inst0/Finished_Cmd_fifo_inst0/U0'
Parsing XDC File [d:/VivadoProjects/eMMC_Controller_fifo.xpr/eMMC_Controller_4.6.1_tuning.xpr/eMMC_Controller/eMMC_Controller.srcs/sources_1/ip/clk_divided/clk_divided_board.xdc] for cell 'gen_clks/inst'
Finished Parsing XDC File [d:/VivadoProjects/eMMC_Controller_fifo.xpr/eMMC_Controller_4.6.1_tuning.xpr/eMMC_Controller/eMMC_Controller.srcs/sources_1/ip/clk_divided/clk_divided_board.xdc] for cell 'gen_clks/inst'
Parsing XDC File [d:/VivadoProjects/eMMC_Controller_fifo.xpr/eMMC_Controller_4.6.1_tuning.xpr/eMMC_Controller/eMMC_Controller.srcs/sources_1/ip/clk_divided/clk_divided.xdc] for cell 'gen_clks/inst'
INFO: [Timing 38-35] Done setting XDC timing constraints. [d:/VivadoProjects/eMMC_Controller_fifo.xpr/eMMC_Controller_4.6.1_tuning.xpr/eMMC_Controller/eMMC_Controller.srcs/sources_1/ip/clk_divided/clk_divided.xdc:56]
INFO: [Timing 38-2] Deriving generated clocks [d:/VivadoProjects/eMMC_Controller_fifo.xpr/eMMC_Controller_4.6.1_tuning.xpr/eMMC_Controller/eMMC_Controller.srcs/sources_1/ip/clk_divided/clk_divided.xdc:56]
get_clocks: Time (s): cpu = 00:00:15 ; elapsed = 00:00:15 . Memory (MB): peak = 2017.703 ; gain = 13.469
Finished Parsing XDC File [d:/VivadoProjects/eMMC_Controller_fifo.xpr/eMMC_Controller_4.6.1_tuning.xpr/eMMC_Controller/eMMC_Controller.srcs/sources_1/ip/clk_divided/clk_divided.xdc] for cell 'gen_clks/inst'
Parsing XDC File [d:/VivadoProjects/eMMC_Controller_fifo.xpr/eMMC_Controller_4.6.1_tuning.xpr/eMMC_Controller/eMMC_Controller.srcs/sources_1/ip/Data_fifo/Data_fifo/Data_fifo.xdc] for cell 'eMMC_controller_inst0/Read_buffer_final/U0'
Finished Parsing XDC File [d:/VivadoProjects/eMMC_Controller_fifo.xpr/eMMC_Controller_4.6.1_tuning.xpr/eMMC_Controller/eMMC_Controller.srcs/sources_1/ip/Data_fifo/Data_fifo/Data_fifo.xdc] for cell 'eMMC_controller_inst0/Read_buffer_final/U0'
Parsing XDC File [d:/VivadoProjects/eMMC_Controller_fifo.xpr/eMMC_Controller_4.6.1_tuning.xpr/eMMC_Controller/eMMC_Controller.srcs/sources_1/ip/Data_fifo/Data_fifo/Data_fifo.xdc] for cell 'eMMC_controller_inst0/Wr_data_fifo_inst0/U0'
Finished Parsing XDC File [d:/VivadoProjects/eMMC_Controller_fifo.xpr/eMMC_Controller_4.6.1_tuning.xpr/eMMC_Controller/eMMC_Controller.srcs/sources_1/ip/Data_fifo/Data_fifo/Data_fifo.xdc] for cell 'eMMC_controller_inst0/Wr_data_fifo_inst0/U0'
Parsing XDC File [d:/VivadoProjects/eMMC_Controller_fifo.xpr/eMMC_Controller_4.6.1_tuning.xpr/eMMC_Controller/eMMC_Controller.srcs/sources_1/ip/Read_data512B_buffer/Read_data512B_buffer/Read_data512B_buffer.xdc] for cell 'eMMC_controller_inst0/Read_buffer_inst0/U0'
Finished Parsing XDC File [d:/VivadoProjects/eMMC_Controller_fifo.xpr/eMMC_Controller_4.6.1_tuning.xpr/eMMC_Controller/eMMC_Controller.srcs/sources_1/ip/Read_data512B_buffer/Read_data512B_buffer/Read_data512B_buffer.xdc] for cell 'eMMC_controller_inst0/Read_buffer_inst0/U0'
Parsing XDC File [D:/VivadoProjects/eMMC_Controller_fifo.xpr/eMMC_Controller_4.6.1_tuning.xpr/eMMC_Controller/eMMC_Controller.srcs/constrs_2/imports/Constraints/Debug2.xdc]
Finished Parsing XDC File [D:/VivadoProjects/eMMC_Controller_fifo.xpr/eMMC_Controller_4.6.1_tuning.xpr/eMMC_Controller/eMMC_Controller.srcs/constrs_2/imports/Constraints/Debug2.xdc]
Parsing XDC File [D:/VivadoProjects/eMMC_Controller_fifo.xpr/eMMC_Controller_4.6.1_tuning.xpr/eMMC_Controller/eMMC_Controller.srcs/constrs_2/imports/Constraints/PhyConstraint2.xdc]
WARNING: [Vivado 12-507] No nets matched 'eMMC_controller_inst0/fifo_wr_en'. [D:/VivadoProjects/eMMC_Controller_fifo.xpr/eMMC_Controller_4.6.1_tuning.xpr/eMMC_Controller/eMMC_Controller.srcs/constrs_2/imports/Constraints/PhyConstraint2.xdc:81]
CRITICAL WARNING: [Common 17-55] 'set_property' expects at least one object. [D:/VivadoProjects/eMMC_Controller_fifo.xpr/eMMC_Controller_4.6.1_tuning.xpr/eMMC_Controller/eMMC_Controller.srcs/constrs_2/imports/Constraints/PhyConstraint2.xdc:81]
Resolution: If [get_<value>] was used to populate the object, check to make sure this command returns at least one valid object.
WARNING: [Vivado 12-507] No nets matched 'eMMC_controller_inst0/fifo_wr_en'. [D:/VivadoProjects/eMMC_Controller_fifo.xpr/eMMC_Controller_4.6.1_tuning.xpr/eMMC_Controller/eMMC_Controller.srcs/constrs_2/imports/Constraints/PhyConstraint2.xdc:82]
CRITICAL WARNING: [Vivado 12-1420] Debug port 'probe7' was not found. [D:/VivadoProjects/eMMC_Controller_fifo.xpr/eMMC_Controller_4.6.1_tuning.xpr/eMMC_Controller/eMMC_Controller.srcs/constrs_2/imports/Constraints/PhyConstraint2.xdc:82]
Finished Parsing XDC File [D:/VivadoProjects/eMMC_Controller_fifo.xpr/eMMC_Controller_4.6.1_tuning.xpr/eMMC_Controller/eMMC_Controller.srcs/constrs_2/imports/Constraints/PhyConstraint2.xdc]
Parsing XDC File [D:/VivadoProjects/eMMC_Controller_fifo.xpr/eMMC_Controller_4.6.1_tuning.xpr/eMMC_Controller/eMMC_Controller.srcs/constrs_2/imports/Constraints/Timing2.xdc]
WARNING: [Vivado 12-508] No pins matched 'eMMC_controller_inst0/ODDR_inst/C'. [D:/VivadoProjects/eMMC_Controller_fifo.xpr/eMMC_Controller_4.6.1_tuning.xpr/eMMC_Controller/eMMC_Controller.srcs/constrs_2/imports/Constraints/Timing2.xdc:11]
CRITICAL WARNING: [Vivado 12-1387] No valid object(s) found for create_generated_clock constraint with option '-source [get_pins eMMC_controller_inst0/ODDR_inst/C]'. [D:/VivadoProjects/eMMC_Controller_fifo.xpr/eMMC_Controller_4.6.1_tuning.xpr/eMMC_Controller/eMMC_Controller.srcs/constrs_2/imports/Constraints/Timing2.xdc:11]
Resolution: Check if the specified object(s) exists in the current design. If it does, ensure that the correct design hierarchy was specified for the object. If you are working with clocks, make sure create_clock was used to create the clock object before it is referenced.
WARNING: [Vivado 12-508] No pins matched 'eMMC_controller_inst0/ODDR_inst/C'. [D:/VivadoProjects/eMMC_Controller_fifo.xpr/eMMC_Controller_4.6.1_tuning.xpr/eMMC_Controller/eMMC_Controller.srcs/constrs_2/imports/Constraints/Timing2.xdc:12]
CRITICAL WARNING: [Vivado 12-1387] No valid object(s) found for create_generated_clock constraint with option '-source [get_pins eMMC_controller_inst0/ODDR_inst/C]'. [D:/VivadoProjects/eMMC_Controller_fifo.xpr/eMMC_Controller_4.6.1_tuning.xpr/eMMC_Controller/eMMC_Controller.srcs/constrs_2/imports/Constraints/Timing2.xdc:12]
Resolution: Check if the specified object(s) exists in the current design. If it does, ensure that the correct design hierarchy was specified for the object. If you are working with clocks, make sure create_clock was used to create the clock object before it is referenced.
WARNING: [Vivado 12-627] No clocks matched 'fwdClk_200M'. [D:/VivadoProjects/eMMC_Controller_fifo.xpr/eMMC_Controller_4.6.1_tuning.xpr/eMMC_Controller/eMMC_Controller.srcs/constrs_2/imports/Constraints/Timing2.xdc:16]
INFO: [Vivado 12-626] No clocks found. Please use 'create_clock' or 'create_generated_clock' command to create clocks. [D:/VivadoProjects/eMMC_Controller_fifo.xpr/eMMC_Controller_4.6.1_tuning.xpr/eMMC_Controller/eMMC_Controller.srcs/constrs_2/imports/Constraints/Timing2.xdc:16]
CRITICAL WARNING: [Vivado 12-1387] No valid object(s) found for set_output_delay constraint with option '-clock [get_clocks fwdClk_200M]'. [D:/VivadoProjects/eMMC_Controller_fifo.xpr/eMMC_Controller_4.6.1_tuning.xpr/eMMC_Controller/eMMC_Controller.srcs/constrs_2/imports/Constraints/Timing2.xdc:16]
Resolution: Check if the specified object(s) exists in the current design. If it does, ensure that the correct design hierarchy was specified for the object. If you are working with clocks, make sure create_clock was used to create the clock object before it is referenced.
Finished Parsing XDC File [D:/VivadoProjects/eMMC_Controller_fifo.xpr/eMMC_Controller_4.6.1_tuning.xpr/eMMC_Controller/eMMC_Controller.srcs/constrs_2/imports/Constraints/Timing2.xdc]
INFO: [Project 1-538] Using original IP XDC constraints instead of the XDC constraints in dcp 'D:/VivadoProjects/eMMC_Controller_fifo.xpr/eMMC_Controller_4.6.1_tuning.xpr/eMMC_Controller/eMMC_Controller.runs/Command_fifo_synth_1/Command_fifo.dcp'
INFO: [Project 1-538] Using original IP XDC constraints instead of the XDC constraints in dcp 'D:/VivadoProjects/eMMC_Controller_fifo.xpr/eMMC_Controller_4.6.1_tuning.xpr/eMMC_Controller/eMMC_Controller.runs/Command_fifo_synth_1/Command_fifo.dcp'
INFO: [Project 1-538] Using original IP XDC constraints instead of the XDC constraints in dcp 'D:/VivadoProjects/eMMC_Controller_fifo.xpr/eMMC_Controller_4.6.1_tuning.xpr/eMMC_Controller/eMMC_Controller.runs/clk_divided_synth_1/clk_divided.dcp'
INFO: [Project 1-538] Using original IP XDC constraints instead of the XDC constraints in dcp 'D:/VivadoProjects/eMMC_Controller_fifo.xpr/eMMC_Controller_4.6.1_tuning.xpr/eMMC_Controller/eMMC_Controller.runs/Data_fifo_synth_1/Data_fifo.dcp'
INFO: [Project 1-538] Using original IP XDC constraints instead of the XDC constraints in dcp 'D:/VivadoProjects/eMMC_Controller_fifo.xpr/eMMC_Controller_4.6.1_tuning.xpr/eMMC_Controller/eMMC_Controller.runs/Data_fifo_synth_1/Data_fifo.dcp'
INFO: [Project 1-538] Using original IP XDC constraints instead of the XDC constraints in dcp 'D:/VivadoProjects/eMMC_Controller_fifo.xpr/eMMC_Controller_4.6.1_tuning.xpr/eMMC_Controller/eMMC_Controller.runs/Read_data512B_buffer_synth_1/Read_data512B_buffer.dcp'
INFO: [Project 1-538] Using original IP XDC constraints instead of the XDC constraints in dcp 'D:/VivadoProjects/eMMC_Controller_fifo.xpr/eMMC_Controller_4.6.1_tuning.xpr/eMMC_Controller/eMMC_Controller.runs/blk_mem_gen_0_synth_1/blk_mem_gen_0.dcp'
INFO: [Opt 31-140] Inserted 1 IBUFs to IO ports without IO buffers.
INFO: [Opt 31-138] Pushed 0 inverter(s) to 0 load pin(s).
INFO: [Project 1-111] Unisim Transformation Summary:
  A total of 9 instances were transformed.
  IOBUF => IOBUF (IBUF, OBUFT): 9 instances

open_run: Time (s): cpu = 00:00:20 ; elapsed = 00:00:19 . Memory (MB): peak = 2017.820 ; gain = 13.586
delete_debug_port [get_debug_ports {u_ila_0/probe5 }]
set_property mark_debug false [get_nets [list eMMC_controller_inst0/Data_Arriving]]
save_constraints
show_objects -name find_1 [get_nets -hierarchical -top_net_of_hierarchical_group -filter { NAME =~  "*Operation_type*" } ]
WARNING: [Vivado 12-1023] No nets matched for command 'get_nets -hierarchical -top_net_of_hierarchical_group -filter { NAME =~  "*Operation_type*" }'.
WARNING: [Coretcl 2-1122] No objects found.
show_objects -name find_2 [get_nets -hierarchical -top_net_of_hierarchical_group -filter { NAME =~  "*rd_cmd_temp*" } ]
show_objects -name find_3 [get_nets -hierarchical -top_net_of_hierarchical_group -filter { NAME =~  "*rd_cmd_temp*" } ]
set_property mark_debug true [get_nets [list {eMMC_controller_inst0/rd_cmd_temp_reg_n_0_[63]} {eMMC_controller_inst0/rd_cmd_temp_reg_n_0_[62]} {eMMC_controller_inst0/rd_cmd_temp_reg_n_0_[61]}]]
create_debug_port u_ila_0 probe
set_property port_width 3 [get_debug_ports u_ila_0/probe9]
connect_debug_port u_ila_0/probe9 [get_nets [list {eMMC_controller_inst0/rd_cmd_temp_reg_n_0_[62]} {eMMC_controller_inst0/rd_cmd_temp_reg_n_0_[63]} {eMMC_controller_inst0/rd_cmd_temp_reg_n_0_[61]} ]]
save_constraints
launch_runs impl_4 -to_step write_bitstream -jobs 2
Writing placer database...
Writing XDEF routing.
Writing XDEF routing logical nets.
Writing XDEF routing special nets.
Write XDEF Complete: Time (s): cpu = 00:00:01 ; elapsed = 00:00:00.070 . Memory (MB): peak = 2017.820 ; gain = 0.000
[Thu Nov 03 22:26:35 2016] Launched impl_4...
Run output will be captured here: D:/VivadoProjects/eMMC_Controller_fifo.xpr/eMMC_Controller_4.6.1_tuning.xpr/eMMC_Controller/eMMC_Controller.runs/impl_4/runme.log
open_hw
connect_hw_server
INFO: [Labtools 27-2285] Connecting to hw_server url TCP:localhost:3121
INFO: [Labtools 27-2222] Launching hw_server...
INFO: [Labtools 27-2221] Launch Output:

****** Xilinx hw_server v2015.4
  **** Build date : Nov 17 2015-18:01:07
    ** Copyright 1986-1999, 2001-2015 Xilinx, Inc. All Rights Reserved.


open_hw_target
INFO: [Labtoolstcl 44-466] Opening hw_target localhost:3121/xilinx_tcf/Digilent/210248686087
set_property PROGRAM.FILE {D:/VivadoProjects/eMMC_Controller_fifo.xpr/eMMC_Controller_4.6.1_tuning.xpr/eMMC_Controller/eMMC_Controller.runs/impl_4/Test_eMMC_Controller.bit} [lindex [get_hw_devices] 1]
set_property PROBES.FILE {D:/VivadoProjects/eMMC_Controller_fifo.xpr/eMMC_Controller_4.6.1_tuning.xpr/eMMC_Controller/eMMC_Controller.runs/impl_4/debug_nets.ltx} [lindex [get_hw_devices] 1]
current_hw_device [lindex [get_hw_devices] 1]
refresh_hw_device [lindex [get_hw_devices] 1]
INFO: [Labtools 27-1434] Device xc7z020 (JTAG device index = 1) is programmed with a design that has no supported debug core(s) in it.
WARNING: [Labtools 27-3123] The debug hub core was not detected at User Scan Chain 1 or 3.
Resolution: 
1. Make sure the clock connected to the debug hub (dbg_hub) core is a free running clock and is active OR
2. Manually launch hw_server with -e "set xsdb-user-bscan <C_USER_SCAN_CHAIN scan_chain_number>" to detect the debug hub at User Scan Chain of 2 or 4. To determine the user scan chain setting, open the implemented design and use: get_property C_USER_SCAN_CHAIN [get_debug_cores dbg_hub].
WARNING: [Labtools 27-1974] Mismatch between the design programmed into the device xc7z020_1 and the probes file D:/VivadoProjects/eMMC_Controller_fifo.xpr/eMMC_Controller_4.6.1_tuning.xpr/eMMC_Controller/eMMC_Controller.runs/impl_4/debug_nets.ltx.
The device design has 0 ILA core(s) and 0 VIO core(s). The probes file has 1 ILA core(s) and 0 VIO core(s).
Resolution: 
1. Reprogram device with the correct programming file and associated probes file OR
2. Goto device properties and associate the correct probes file with the programming file already programmed in the device.
set_property PROBES.FILE {D:/VivadoProjects/eMMC_Controller_fifo.xpr/eMMC_Controller_4.6.1_tuning.xpr/eMMC_Controller/eMMC_Controller.runs/impl_4/debug_nets.ltx} [lindex [get_hw_devices] 1]
set_property PROGRAM.FILE {D:/VivadoProjects/eMMC_Controller_fifo.xpr/eMMC_Controller_4.6.1_tuning.xpr/eMMC_Controller/eMMC_Controller.runs/impl_4/Test_eMMC_Controller.bit} [lindex [get_hw_devices] 1]
program_hw_devices [lindex [get_hw_devices] 1]
INFO: [Labtools 27-3164] End of startup status: HIGH
refresh_hw_device [lindex [get_hw_devices] 1]
INFO: [Labtools 27-2302] Device xc7z020 (JTAG device index = 1) is programmed with a design that has 1 ILA core(s).
display_hw_ila_data [ get_hw_ila_data hw_ila_data_1 -of_objects [get_hw_ilas -of_objects [get_hw_devices xc7z020_1] -filter {CELL_NAME=~"u_ila_0"}]]
WARNING: Simulation object eMMC_controller_inst0/Data_Arriving was not found in the design.
run_hw_ila [get_hw_ilas -of_objects [get_hw_devices xc7z020_1] -filter {CELL_NAME=~"u_ila_0"}] -trigger_now
INFO: [Labtools 27-1964] The ILA core 'hw_ila_1' trigger was armed at 2016-Nov-03 22:35:42
wait_on_hw_ila [get_hw_ilas -of_objects [get_hw_devices xc7z020_1] -filter {CELL_NAME=~"u_ila_0"}]
display_hw_ila_data [upload_hw_ila_data [get_hw_ilas -of_objects [get_hw_devices xc7z020_1] -filter {CELL_NAME=~"u_ila_0"}]]
INFO: [Labtools 27-1966] The ILA core 'hw_ila_1' triggered at 2016-Nov-03 22:35:42
ERROR: [Vivado 12-106] *** Exception: java.lang.NullPointerException (See C:/Users/Wu Lizhou/AppData/Roaming/Xilinx/Vivado/vivado_pid138080.debug)
ERROR: [Xicom 50-38] xicom: Core access failed. Check cable connectivity and that the target board is powered up then use the disconnect_hw_server and connect_hw_server to re-initialize the hardware target. Use open_hw_target to re-register the hardware device.
ERROR: [Xicom 50-38] xicom: Core access failed. Check cable connectivity and that the target board is powered up then use the disconnect_hw_server and connect_hw_server to re-initialize the hardware target. Use open_hw_target to re-register the hardware device.
ERROR: [Xicom 50-38] xicom: Core access failed. Check cable connectivity and that the target board is powered up then use the disconnect_hw_server and connect_hw_server to re-initialize the hardware target. Use open_hw_target to re-register the hardware device.
ERROR: [Xicom 50-38] xicom: Core access failed. Check cable connectivity and that the target board is powered up then use the disconnect_hw_server and connect_hw_server to re-initialize the hardware target. Use open_hw_target to re-register the hardware device.
ERROR: [Xicom 50-38] xicom: Core access failed. Check cable connectivity and that the target board is powered up then use the disconnect_hw_server and connect_hw_server to re-initialize the hardware target. Use open_hw_target to re-register the hardware device.
ERROR: [Xicom 50-38] xicom: Core access failed. Check cable connectivity and that the target board is powered up then use the disconnect_hw_server and connect_hw_server to re-initialize the hardware target. Use open_hw_target to re-register the hardware device.
ERROR: [Xicom 50-38] xicom: Core access failed. Check cable connectivity and that the target board is powered up then use the disconnect_hw_server and connect_hw_server to re-initialize the hardware target. Use open_hw_target to re-register the hardware device.
ERROR: [Xicom 50-38] xicom: Core access failed. Check cable connectivity and that the target board is powered up then use the disconnect_hw_server and connect_hw_server to re-initialize the hardware target. Use open_hw_target to re-register the hardware device.
ERROR: [Xicom 50-38] xicom: Core access failed. Check cable connectivity and that the target board is powered up then use the disconnect_hw_server and connect_hw_server to re-initialize the hardware target. Use open_hw_target to re-register the hardware device.
ERROR: [Xicom 50-38] xicom: Core access failed. Check cable connectivity and that the target board is powered up then use the disconnect_hw_server and connect_hw_server to re-initialize the hardware target. Use open_hw_target to re-register the hardware device.
ERROR: [Xicom 50-38] xicom: Core access failed. Check cable connectivity and that the target board is powered up then use the disconnect_hw_server and connect_hw_server to re-initialize the hardware target. Use open_hw_target to re-register the hardware device.
ERROR: [Xicom 50-38] xicom: Core access failed. Check cable connectivity and that the target board is powered up then use the disconnect_hw_server and connect_hw_server to re-initialize the hardware target. Use open_hw_target to re-register the hardware device.
ERROR: [Xicom 50-38] xicom: Core access failed. Check cable connectivity and that the target board is powered up then use the disconnect_hw_server and connect_hw_server to re-initialize the hardware target. Use open_hw_target to re-register the hardware device.
ERROR: [Xicom 50-38] xicom: Core access failed. Check cable connectivity and that the target board is powered up then use the disconnect_hw_server and connect_hw_server to re-initialize the hardware target. Use open_hw_target to re-register the hardware device.
ERROR: [Xicom 50-38] xicom: Core access failed. Check cable connectivity and that the target board is powered up then use the disconnect_hw_server and connect_hw_server to re-initialize the hardware target. Use open_hw_target to re-register the hardware device.
ERROR: [Xicom 50-38] xicom: Core access failed. Check cable connectivity and that the target board is powered up then use the disconnect_hw_server and connect_hw_server to re-initialize the hardware target. Use open_hw_target to re-register the hardware device.
ERROR: [Xicom 50-38] xicom: Core access failed. Check cable connectivity and that the target board is powered up then use the disconnect_hw_server and connect_hw_server to re-initialize the hardware target. Use open_hw_target to re-register the hardware device.
ERROR: [Xicom 50-38] xicom: Core access failed. Check cable connectivity and that the target board is powered up then use the disconnect_hw_server and connect_hw_server to re-initialize the hardware target. Use open_hw_target to re-register the hardware device.
ERROR: [Xicom 50-38] xicom: Core access failed. Check cable connectivity and that the target board is powered up then use the disconnect_hw_server and connect_hw_server to re-initialize the hardware target. Use open_hw_target to re-register the hardware device.
ERROR: [Xicom 50-38] xicom: Core access failed. Check cable connectivity and that the target board is powered up then use the disconnect_hw_server and connect_hw_server to re-initialize the hardware target. Use open_hw_target to re-register the hardware device.
ERROR: [Xicom 50-38] xicom: Core access failed. Check cable connectivity and that the target board is powered up then use the disconnect_hw_server and connect_hw_server to re-initialize the hardware target. Use open_hw_target to re-register the hardware device.
ERROR: [Xicom 50-38] xicom: Core access failed. Check cable connectivity and that the target board is powered up then use the disconnect_hw_server and connect_hw_server to re-initialize the hardware target. Use open_hw_target to re-register the hardware device.
set_property PROBES.FILE {D:/VivadoProjects/eMMC_Controller_fifo.xpr/eMMC_Controller_4.6.1_tuning.xpr/eMMC_Controller/eMMC_Controller.runs/impl_4/debug_nets.ltx} [lindex [get_hw_devices] 1]
set_property PROGRAM.FILE {D:/VivadoProjects/eMMC_Controller_fifo.xpr/eMMC_Controller_4.6.1_tuning.xpr/eMMC_Controller/eMMC_Controller.runs/impl_4/Test_eMMC_Controller.bit} [lindex [get_hw_devices] 1]
program_hw_devices [lindex [get_hw_devices] 1]
INFO: [Labtools 27-3164] End of startup status: HIGH
refresh_hw_device [lindex [get_hw_devices] 1]
INFO: [Labtools 27-2302] Device xc7z020 (JTAG device index = 1) is programmed with a design that has 1 ILA core(s).
display_hw_ila_data [ get_hw_ila_data hw_ila_data_1]
WARNING: Simulation object eMMC_controller_inst0/Data_Arriving was not found in the design.
run_hw_ila [get_hw_ilas -of_objects [get_hw_devices xc7z020_1] -filter {CELL_NAME=~"u_ila_0"}] -trigger_now
INFO: [Labtools 27-1964] The ILA core 'hw_ila_1' trigger was armed at 2016-Nov-03 22:36:16
wait_on_hw_ila [get_hw_ilas -of_objects [get_hw_devices xc7z020_1] -filter {CELL_NAME=~"u_ila_0"}]
display_hw_ila_data [upload_hw_ila_data [get_hw_ilas -of_objects [get_hw_devices xc7z020_1] -filter {CELL_NAME=~"u_ila_0"}]]
INFO: [Labtools 27-1966] The ILA core 'hw_ila_1' triggered at 2016-Nov-03 22:36:16
add_wave -into {hw_ila_data_1.wcfg} -radix hex {eMMC_controller_inst0/Fifo_bit_counter_reg__0}
add_wave -into {hw_ila_data_1.wcfg} -radix hex {eMMC_controller_inst0/rd_cmd_temp_reg_n_0_}
add_wave -into {hw_ila_data_1.wcfg} -radix hex {eMMC_controller_inst0/rd_cmd_temp_reg_n_0__1}
set_property TRIGGER_COMPARE_VALUE eq2'b00 [get_hw_probes eMMC_controller_inst0/rd_cmd_temp_reg_n_0__1 -of_objects [get_hw_ilas -of_objects [get_hw_devices xc7z020_1] -filter {CELL_NAME=~"u_ila_0"}]]
set_property TRIGGER_COMPARE_VALUE eq1'b0 [get_hw_probes eMMC_controller_inst0/rd_cmd_temp_reg_n_0_ -of_objects [get_hw_ilas -of_objects [get_hw_devices xc7z020_1] -filter {CELL_NAME=~"u_ila_0"}]]
run_hw_ila [get_hw_ilas -of_objects [get_hw_devices xc7z020_1] -filter {CELL_NAME=~"u_ila_0"}]
INFO: [Labtools 27-1964] The ILA core 'hw_ila_1' trigger was armed at 2016-Nov-03 22:38:26
wait_on_hw_ila [get_hw_ilas -of_objects [get_hw_devices xc7z020_1] -filter {CELL_NAME=~"u_ila_0"}]
display_hw_ila_data [upload_hw_ila_data [get_hw_ilas -of_objects [get_hw_devices xc7z020_1] -filter {CELL_NAME=~"u_ila_0"}]]
INFO: [Labtools 27-1966] The ILA core 'hw_ila_1' triggered at 2016-Nov-03 22:38:27
add_wave -into {hw_ila_data_1.wcfg} -radix hex {eMMC_controller_inst0/fifo_wr_start}
set_property TRIGGER_COMPARE_VALUE eq1'b1 [get_hw_probes eMMC_controller_inst0/rd_cmd_temp_reg_n_0_ -of_objects [get_hw_ilas -of_objects [get_hw_devices xc7z020_1] -filter {CELL_NAME=~"u_ila_0"}]]
run_hw_ila [get_hw_ilas -of_objects [get_hw_devices xc7z020_1] -filter {CELL_NAME=~"u_ila_0"}]
INFO: [Labtools 27-1964] The ILA core 'hw_ila_1' trigger was armed at 2016-Nov-03 22:41:00
wait_on_hw_ila [get_hw_ilas -of_objects [get_hw_devices xc7z020_1] -filter {CELL_NAME=~"u_ila_0"}]
display_hw_ila_data [upload_hw_ila_data [get_hw_ilas -of_objects [get_hw_devices xc7z020_1] -filter {CELL_NAME=~"u_ila_0"}]]
INFO: [Labtools 27-1966] The ILA core 'hw_ila_1' triggered at 2016-Nov-03 22:41:01
save_wave_config {D:/VivadoProjects/eMMC_Controller_fifo.xpr/eMMC_Controller_4.6.1_tuning.xpr/eMMC_Controller/eMMC_Controller.hw/hw_1/wave/hw_ila_data_1/hw_ila_data_1.wcfg}
close_hw
show_objects -name find_1 [get_nets -hierarchical -top_net_of_hierarchical_group -filter { NAME =~  "*rd_data_fifo_out*" } ]
close_design
reset_run synth_4
launch_runs synth_4 -jobs 2
INFO: [HDL 9-2216] Analyzing Verilog file "D:/VivadoProjects/eMMC_Controller_fifo.xpr/eMMC_Controller_4.6.1_tuning.xpr/eMMC_Controller/eMMC_Controller.srcs/sources_1/imports/sources/CRC16.v" into library work [D:/VivadoProjects/eMMC_Controller_fifo.xpr/eMMC_Controller_4.6.1_tuning.xpr/eMMC_Controller/eMMC_Controller.srcs/sources_1/imports/sources/CRC16.v:1]
INFO: [HDL 9-2216] Analyzing Verilog file "D:/VivadoProjects/eMMC_Controller_fifo.xpr/eMMC_Controller_4.6.1_tuning.xpr/eMMC_Controller/eMMC_Controller.srcs/sources_1/imports/sources/CRC16_Check.v" into library work [D:/VivadoProjects/eMMC_Controller_fifo.xpr/eMMC_Controller_4.6.1_tuning.xpr/eMMC_Controller/eMMC_Controller.srcs/sources_1/imports/sources/CRC16_Check.v:1]
INFO: [HDL 9-2216] Analyzing Verilog file "D:/VivadoProjects/eMMC_Controller_fifo.xpr/eMMC_Controller_4.6.1_tuning.xpr/eMMC_Controller/eMMC_Controller.srcs/sources_1/imports/sources/CRC7.v" into library work [D:/VivadoProjects/eMMC_Controller_fifo.xpr/eMMC_Controller_4.6.1_tuning.xpr/eMMC_Controller/eMMC_Controller.srcs/sources_1/imports/sources/CRC7.v:1]
INFO: [HDL 9-2216] Analyzing Verilog file "D:/VivadoProjects/eMMC_Controller_fifo.xpr/eMMC_Controller_4.6.1_tuning.xpr/eMMC_Controller/eMMC_Controller.srcs/sources_1/imports/sources/CRC7_400K.v" into library work [D:/VivadoProjects/eMMC_Controller_fifo.xpr/eMMC_Controller_4.6.1_tuning.xpr/eMMC_Controller/eMMC_Controller.srcs/sources_1/imports/sources/CRC7_400K.v:1]
INFO: [HDL 9-2216] Analyzing Verilog file "D:/VivadoProjects/eMMC_Controller_fifo.xpr/eMMC_Controller_4.6.1_tuning.xpr/eMMC_Controller/eMMC_Controller.srcs/sources_1/imports/sources/CRC7_Check.v" into library work [D:/VivadoProjects/eMMC_Controller_fifo.xpr/eMMC_Controller_4.6.1_tuning.xpr/eMMC_Controller/eMMC_Controller.srcs/sources_1/imports/sources/CRC7_Check.v:1]
INFO: [HDL 9-2216] Analyzing Verilog file "D:/VivadoProjects/eMMC_Controller_fifo.xpr/eMMC_Controller_4.6.1_tuning.xpr/eMMC_Controller/eMMC_Controller.srcs/sources_1/imports/sources/Test_eMMC_Controller.v" into library work [D:/VivadoProjects/eMMC_Controller_fifo.xpr/eMMC_Controller_4.6.1_tuning.xpr/eMMC_Controller/eMMC_Controller.srcs/sources_1/imports/sources/Test_eMMC_Controller.v:1]
INFO: [HDL 9-2216] Analyzing Verilog file "D:/VivadoProjects/eMMC_Controller_fifo.xpr/eMMC_Controller_4.6.1_tuning.xpr/eMMC_Controller/eMMC_Controller.srcs/sources_1/imports/sources/eMMC_controller.v" into library work [D:/VivadoProjects/eMMC_Controller_fifo.xpr/eMMC_Controller_4.6.1_tuning.xpr/eMMC_Controller/eMMC_Controller.srcs/sources_1/imports/sources/eMMC_controller.v:1]
INFO: [HDL 9-1065] Parsing verilog file "D:/VivadoProjects/eMMC_Controller_fifo.xpr/eMMC_Controller_4.6.1_tuning.xpr/eMMC_Controller/eMMC_Controller.srcs/sources_1/imports/sources/Define.vh" included at line 23. [D:/VivadoProjects/eMMC_Controller_fifo.xpr/eMMC_Controller_4.6.1_tuning.xpr/eMMC_Controller/eMMC_Controller.srcs/sources_1/imports/sources/eMMC_controller.v:23]
INFO: [HDL 9-1065] Parsing verilog file "D:/VivadoProjects/eMMC_Controller_fifo.xpr/eMMC_Controller_4.6.1_tuning.xpr/eMMC_Controller/eMMC_Controller.srcs/sources_1/imports/sources/log2.vh" included at line 62. [D:/VivadoProjects/eMMC_Controller_fifo.xpr/eMMC_Controller_4.6.1_tuning.xpr/eMMC_Controller/eMMC_Controller.srcs/sources_1/imports/sources/eMMC_controller.v:62]
INFO: [HDL 9-1065] Parsing verilog file "D:/VivadoProjects/eMMC_Controller_fifo.xpr/eMMC_Controller_4.6.1_tuning.xpr/eMMC_Controller/eMMC_Controller.srcs/sources_1/imports/sources/Parameter.vh" included at line 63. [D:/VivadoProjects/eMMC_Controller_fifo.xpr/eMMC_Controller_4.6.1_tuning.xpr/eMMC_Controller/eMMC_Controller.srcs/sources_1/imports/sources/eMMC_controller.v:63]
[Thu Nov 03 22:48:05 2016] Launched synth_4...
Run output will be captured here: D:/VivadoProjects/eMMC_Controller_fifo.xpr/eMMC_Controller_4.6.1_tuning.xpr/eMMC_Controller/eMMC_Controller.runs/synth_4/runme.log
open_run synth_4 -name synth_4
Design is defaulting to impl run constrset: constrs_2
Design is defaulting to synth run part: xc7z020clg484-1
INFO: [Project 1-454] Reading design checkpoint 'D:/VivadoProjects/eMMC_Controller_fifo.xpr/eMMC_Controller_4.6.1_tuning.xpr/eMMC_Controller/eMMC_Controller.runs/Command_fifo_synth_1/Command_fifo.dcp' for cell 'eMMC_controller_inst0/Command_fifo_inst0'
INFO: [Project 1-454] Reading design checkpoint 'D:/VivadoProjects/eMMC_Controller_fifo.xpr/eMMC_Controller_4.6.1_tuning.xpr/eMMC_Controller/eMMC_Controller.runs/Command_fifo_synth_1/Command_fifo.dcp' for cell 'eMMC_controller_inst0/Finished_Cmd_fifo_inst0'
INFO: [Project 1-454] Reading design checkpoint 'D:/VivadoProjects/eMMC_Controller_fifo.xpr/eMMC_Controller_4.6.1_tuning.xpr/eMMC_Controller/eMMC_Controller.runs/clk_divided_synth_1/clk_divided.dcp' for cell 'gen_clks'
INFO: [Project 1-454] Reading design checkpoint 'D:/VivadoProjects/eMMC_Controller_fifo.xpr/eMMC_Controller_4.6.1_tuning.xpr/eMMC_Controller/eMMC_Controller.runs/Data_fifo_synth_1/Data_fifo.dcp' for cell 'eMMC_controller_inst0/Read_buffer_final'
INFO: [Project 1-454] Reading design checkpoint 'D:/VivadoProjects/eMMC_Controller_fifo.xpr/eMMC_Controller_4.6.1_tuning.xpr/eMMC_Controller/eMMC_Controller.runs/Data_fifo_synth_1/Data_fifo.dcp' for cell 'eMMC_controller_inst0/Wr_data_fifo_inst0'
INFO: [Project 1-454] Reading design checkpoint 'D:/VivadoProjects/eMMC_Controller_fifo.xpr/eMMC_Controller_4.6.1_tuning.xpr/eMMC_Controller/eMMC_Controller.runs/Read_data512B_buffer_synth_1/Read_data512B_buffer.dcp' for cell 'eMMC_controller_inst0/Read_buffer_inst0'
INFO: [Project 1-454] Reading design checkpoint 'D:/VivadoProjects/eMMC_Controller_fifo.xpr/eMMC_Controller_4.6.1_tuning.xpr/eMMC_Controller/eMMC_Controller.runs/blk_mem_gen_0_synth_1/blk_mem_gen_0.dcp' for cell 'eMMC_controller_inst0/write_buffer_inst0'
INFO: [Netlist 29-17] Analyzing 80 Unisim elements for replacement
INFO: [Netlist 29-28] Unisim Transformation completed in 0 CPU seconds
INFO: [Project 1-479] Netlist was created with Vivado 2015.4
INFO: [Project 1-570] Preparing netlist for logic optimization
Parsing XDC File [d:/VivadoProjects/eMMC_Controller_fifo.xpr/eMMC_Controller_4.6.1_tuning.xpr/eMMC_Controller/eMMC_Controller.srcs/sources_1/ip/Command_fifo/Command_fifo/Command_fifo.xdc] for cell 'eMMC_controller_inst0/Command_fifo_inst0/U0'
Finished Parsing XDC File [d:/VivadoProjects/eMMC_Controller_fifo.xpr/eMMC_Controller_4.6.1_tuning.xpr/eMMC_Controller/eMMC_Controller.srcs/sources_1/ip/Command_fifo/Command_fifo/Command_fifo.xdc] for cell 'eMMC_controller_inst0/Command_fifo_inst0/U0'
Parsing XDC File [d:/VivadoProjects/eMMC_Controller_fifo.xpr/eMMC_Controller_4.6.1_tuning.xpr/eMMC_Controller/eMMC_Controller.srcs/sources_1/ip/Command_fifo/Command_fifo/Command_fifo.xdc] for cell 'eMMC_controller_inst0/Finished_Cmd_fifo_inst0/U0'
Finished Parsing XDC File [d:/VivadoProjects/eMMC_Controller_fifo.xpr/eMMC_Controller_4.6.1_tuning.xpr/eMMC_Controller/eMMC_Controller.srcs/sources_1/ip/Command_fifo/Command_fifo/Command_fifo.xdc] for cell 'eMMC_controller_inst0/Finished_Cmd_fifo_inst0/U0'
Parsing XDC File [d:/VivadoProjects/eMMC_Controller_fifo.xpr/eMMC_Controller_4.6.1_tuning.xpr/eMMC_Controller/eMMC_Controller.srcs/sources_1/ip/clk_divided/clk_divided_board.xdc] for cell 'gen_clks/inst'
Finished Parsing XDC File [d:/VivadoProjects/eMMC_Controller_fifo.xpr/eMMC_Controller_4.6.1_tuning.xpr/eMMC_Controller/eMMC_Controller.srcs/sources_1/ip/clk_divided/clk_divided_board.xdc] for cell 'gen_clks/inst'
Parsing XDC File [d:/VivadoProjects/eMMC_Controller_fifo.xpr/eMMC_Controller_4.6.1_tuning.xpr/eMMC_Controller/eMMC_Controller.srcs/sources_1/ip/clk_divided/clk_divided.xdc] for cell 'gen_clks/inst'
INFO: [Timing 38-35] Done setting XDC timing constraints. [d:/VivadoProjects/eMMC_Controller_fifo.xpr/eMMC_Controller_4.6.1_tuning.xpr/eMMC_Controller/eMMC_Controller.srcs/sources_1/ip/clk_divided/clk_divided.xdc:56]
INFO: [Timing 38-2] Deriving generated clocks [d:/VivadoProjects/eMMC_Controller_fifo.xpr/eMMC_Controller_4.6.1_tuning.xpr/eMMC_Controller/eMMC_Controller.srcs/sources_1/ip/clk_divided/clk_divided.xdc:56]
get_clocks: Time (s): cpu = 00:00:14 ; elapsed = 00:00:15 . Memory (MB): peak = 2042.500 ; gain = 24.680
Finished Parsing XDC File [d:/VivadoProjects/eMMC_Controller_fifo.xpr/eMMC_Controller_4.6.1_tuning.xpr/eMMC_Controller/eMMC_Controller.srcs/sources_1/ip/clk_divided/clk_divided.xdc] for cell 'gen_clks/inst'
Parsing XDC File [d:/VivadoProjects/eMMC_Controller_fifo.xpr/eMMC_Controller_4.6.1_tuning.xpr/eMMC_Controller/eMMC_Controller.srcs/sources_1/ip/Data_fifo/Data_fifo/Data_fifo.xdc] for cell 'eMMC_controller_inst0/Read_buffer_final/U0'
Finished Parsing XDC File [d:/VivadoProjects/eMMC_Controller_fifo.xpr/eMMC_Controller_4.6.1_tuning.xpr/eMMC_Controller/eMMC_Controller.srcs/sources_1/ip/Data_fifo/Data_fifo/Data_fifo.xdc] for cell 'eMMC_controller_inst0/Read_buffer_final/U0'
Parsing XDC File [d:/VivadoProjects/eMMC_Controller_fifo.xpr/eMMC_Controller_4.6.1_tuning.xpr/eMMC_Controller/eMMC_Controller.srcs/sources_1/ip/Data_fifo/Data_fifo/Data_fifo.xdc] for cell 'eMMC_controller_inst0/Wr_data_fifo_inst0/U0'
Finished Parsing XDC File [d:/VivadoProjects/eMMC_Controller_fifo.xpr/eMMC_Controller_4.6.1_tuning.xpr/eMMC_Controller/eMMC_Controller.srcs/sources_1/ip/Data_fifo/Data_fifo/Data_fifo.xdc] for cell 'eMMC_controller_inst0/Wr_data_fifo_inst0/U0'
Parsing XDC File [d:/VivadoProjects/eMMC_Controller_fifo.xpr/eMMC_Controller_4.6.1_tuning.xpr/eMMC_Controller/eMMC_Controller.srcs/sources_1/ip/Read_data512B_buffer/Read_data512B_buffer/Read_data512B_buffer.xdc] for cell 'eMMC_controller_inst0/Read_buffer_inst0/U0'
Finished Parsing XDC File [d:/VivadoProjects/eMMC_Controller_fifo.xpr/eMMC_Controller_4.6.1_tuning.xpr/eMMC_Controller/eMMC_Controller.srcs/sources_1/ip/Read_data512B_buffer/Read_data512B_buffer/Read_data512B_buffer.xdc] for cell 'eMMC_controller_inst0/Read_buffer_inst0/U0'
Parsing XDC File [D:/VivadoProjects/eMMC_Controller_fifo.xpr/eMMC_Controller_4.6.1_tuning.xpr/eMMC_Controller/eMMC_Controller.srcs/constrs_2/imports/Constraints/Debug2.xdc]
Finished Parsing XDC File [D:/VivadoProjects/eMMC_Controller_fifo.xpr/eMMC_Controller_4.6.1_tuning.xpr/eMMC_Controller/eMMC_Controller.srcs/constrs_2/imports/Constraints/Debug2.xdc]
Parsing XDC File [D:/VivadoProjects/eMMC_Controller_fifo.xpr/eMMC_Controller_4.6.1_tuning.xpr/eMMC_Controller/eMMC_Controller.srcs/constrs_2/imports/Constraints/PhyConstraint2.xdc]
WARNING: [Vivado 12-507] No nets matched 'eMMC_controller_inst0/fifo_wr_en'. [D:/VivadoProjects/eMMC_Controller_fifo.xpr/eMMC_Controller_4.6.1_tuning.xpr/eMMC_Controller/eMMC_Controller.srcs/constrs_2/imports/Constraints/PhyConstraint2.xdc:81]
CRITICAL WARNING: [Common 17-55] 'set_property' expects at least one object. [D:/VivadoProjects/eMMC_Controller_fifo.xpr/eMMC_Controller_4.6.1_tuning.xpr/eMMC_Controller/eMMC_Controller.srcs/constrs_2/imports/Constraints/PhyConstraint2.xdc:81]
Resolution: If [get_<value>] was used to populate the object, check to make sure this command returns at least one valid object.
WARNING: [Vivado 12-507] No nets matched 'eMMC_controller_inst0/fifo_wr_en'. [D:/VivadoProjects/eMMC_Controller_fifo.xpr/eMMC_Controller_4.6.1_tuning.xpr/eMMC_Controller/eMMC_Controller.srcs/constrs_2/imports/Constraints/PhyConstraint2.xdc:82]
CRITICAL WARNING: [Vivado 12-1420] Debug port 'probe7' was not found. [D:/VivadoProjects/eMMC_Controller_fifo.xpr/eMMC_Controller_4.6.1_tuning.xpr/eMMC_Controller/eMMC_Controller.srcs/constrs_2/imports/Constraints/PhyConstraint2.xdc:82]
Finished Parsing XDC File [D:/VivadoProjects/eMMC_Controller_fifo.xpr/eMMC_Controller_4.6.1_tuning.xpr/eMMC_Controller/eMMC_Controller.srcs/constrs_2/imports/Constraints/PhyConstraint2.xdc]
Parsing XDC File [D:/VivadoProjects/eMMC_Controller_fifo.xpr/eMMC_Controller_4.6.1_tuning.xpr/eMMC_Controller/eMMC_Controller.srcs/constrs_2/imports/Constraints/Timing2.xdc]
WARNING: [Vivado 12-508] No pins matched 'eMMC_controller_inst0/ODDR_inst/C'. [D:/VivadoProjects/eMMC_Controller_fifo.xpr/eMMC_Controller_4.6.1_tuning.xpr/eMMC_Controller/eMMC_Controller.srcs/constrs_2/imports/Constraints/Timing2.xdc:11]
CRITICAL WARNING: [Vivado 12-1387] No valid object(s) found for create_generated_clock constraint with option '-source [get_pins eMMC_controller_inst0/ODDR_inst/C]'. [D:/VivadoProjects/eMMC_Controller_fifo.xpr/eMMC_Controller_4.6.1_tuning.xpr/eMMC_Controller/eMMC_Controller.srcs/constrs_2/imports/Constraints/Timing2.xdc:11]
Resolution: Check if the specified object(s) exists in the current design. If it does, ensure that the correct design hierarchy was specified for the object. If you are working with clocks, make sure create_clock was used to create the clock object before it is referenced.
WARNING: [Vivado 12-508] No pins matched 'eMMC_controller_inst0/ODDR_inst/C'. [D:/VivadoProjects/eMMC_Controller_fifo.xpr/eMMC_Controller_4.6.1_tuning.xpr/eMMC_Controller/eMMC_Controller.srcs/constrs_2/imports/Constraints/Timing2.xdc:12]
CRITICAL WARNING: [Vivado 12-1387] No valid object(s) found for create_generated_clock constraint with option '-source [get_pins eMMC_controller_inst0/ODDR_inst/C]'. [D:/VivadoProjects/eMMC_Controller_fifo.xpr/eMMC_Controller_4.6.1_tuning.xpr/eMMC_Controller/eMMC_Controller.srcs/constrs_2/imports/Constraints/Timing2.xdc:12]
Resolution: Check if the specified object(s) exists in the current design. If it does, ensure that the correct design hierarchy was specified for the object. If you are working with clocks, make sure create_clock was used to create the clock object before it is referenced.
WARNING: [Vivado 12-627] No clocks matched 'fwdClk_200M'. [D:/VivadoProjects/eMMC_Controller_fifo.xpr/eMMC_Controller_4.6.1_tuning.xpr/eMMC_Controller/eMMC_Controller.srcs/constrs_2/imports/Constraints/Timing2.xdc:16]
INFO: [Vivado 12-626] No clocks found. Please use 'create_clock' or 'create_generated_clock' command to create clocks. [D:/VivadoProjects/eMMC_Controller_fifo.xpr/eMMC_Controller_4.6.1_tuning.xpr/eMMC_Controller/eMMC_Controller.srcs/constrs_2/imports/Constraints/Timing2.xdc:16]
CRITICAL WARNING: [Vivado 12-1387] No valid object(s) found for set_output_delay constraint with option '-clock [get_clocks fwdClk_200M]'. [D:/VivadoProjects/eMMC_Controller_fifo.xpr/eMMC_Controller_4.6.1_tuning.xpr/eMMC_Controller/eMMC_Controller.srcs/constrs_2/imports/Constraints/Timing2.xdc:16]
Resolution: Check if the specified object(s) exists in the current design. If it does, ensure that the correct design hierarchy was specified for the object. If you are working with clocks, make sure create_clock was used to create the clock object before it is referenced.
Finished Parsing XDC File [D:/VivadoProjects/eMMC_Controller_fifo.xpr/eMMC_Controller_4.6.1_tuning.xpr/eMMC_Controller/eMMC_Controller.srcs/constrs_2/imports/Constraints/Timing2.xdc]
INFO: [Project 1-538] Using original IP XDC constraints instead of the XDC constraints in dcp 'D:/VivadoProjects/eMMC_Controller_fifo.xpr/eMMC_Controller_4.6.1_tuning.xpr/eMMC_Controller/eMMC_Controller.runs/Command_fifo_synth_1/Command_fifo.dcp'
INFO: [Project 1-538] Using original IP XDC constraints instead of the XDC constraints in dcp 'D:/VivadoProjects/eMMC_Controller_fifo.xpr/eMMC_Controller_4.6.1_tuning.xpr/eMMC_Controller/eMMC_Controller.runs/Command_fifo_synth_1/Command_fifo.dcp'
INFO: [Project 1-538] Using original IP XDC constraints instead of the XDC constraints in dcp 'D:/VivadoProjects/eMMC_Controller_fifo.xpr/eMMC_Controller_4.6.1_tuning.xpr/eMMC_Controller/eMMC_Controller.runs/clk_divided_synth_1/clk_divided.dcp'
INFO: [Project 1-538] Using original IP XDC constraints instead of the XDC constraints in dcp 'D:/VivadoProjects/eMMC_Controller_fifo.xpr/eMMC_Controller_4.6.1_tuning.xpr/eMMC_Controller/eMMC_Controller.runs/Data_fifo_synth_1/Data_fifo.dcp'
INFO: [Project 1-538] Using original IP XDC constraints instead of the XDC constraints in dcp 'D:/VivadoProjects/eMMC_Controller_fifo.xpr/eMMC_Controller_4.6.1_tuning.xpr/eMMC_Controller/eMMC_Controller.runs/Data_fifo_synth_1/Data_fifo.dcp'
INFO: [Project 1-538] Using original IP XDC constraints instead of the XDC constraints in dcp 'D:/VivadoProjects/eMMC_Controller_fifo.xpr/eMMC_Controller_4.6.1_tuning.xpr/eMMC_Controller/eMMC_Controller.runs/Read_data512B_buffer_synth_1/Read_data512B_buffer.dcp'
INFO: [Project 1-538] Using original IP XDC constraints instead of the XDC constraints in dcp 'D:/VivadoProjects/eMMC_Controller_fifo.xpr/eMMC_Controller_4.6.1_tuning.xpr/eMMC_Controller/eMMC_Controller.runs/blk_mem_gen_0_synth_1/blk_mem_gen_0.dcp'
INFO: [Opt 31-140] Inserted 1 IBUFs to IO ports without IO buffers.
INFO: [Opt 31-138] Pushed 0 inverter(s) to 0 load pin(s).
INFO: [Project 1-111] Unisim Transformation Summary:
  A total of 9 instances were transformed.
  IOBUF => IOBUF (IBUF, OBUFT): 9 instances

open_run: Time (s): cpu = 00:00:21 ; elapsed = 00:00:19 . Memory (MB): peak = 2042.508 ; gain = 24.688
launch_runs impl_4 -to_step write_bitstream -jobs 2
Writing placer database...
Writing XDEF routing.
Writing XDEF routing logical nets.
Writing XDEF routing special nets.
Write XDEF Complete: Time (s): cpu = 00:00:00 ; elapsed = 00:00:00.084 . Memory (MB): peak = 2042.508 ; gain = 0.000
[Thu Nov 03 22:50:49 2016] Launched impl_4...
Run output will be captured here: D:/VivadoProjects/eMMC_Controller_fifo.xpr/eMMC_Controller_4.6.1_tuning.xpr/eMMC_Controller/eMMC_Controller.runs/impl_4/runme.log
close_design
open_run impl_4
INFO: [Netlist 29-17] Analyzing 191 Unisim elements for replacement
INFO: [Netlist 29-28] Unisim Transformation completed in 0 CPU seconds
INFO: [Project 1-479] Netlist was created with Vivado 2015.4
INFO: [Project 1-570] Preparing netlist for logic optimization
Parsing XDC File [C:/Users/Wu Lizhou/AppData/Roaming/Xilinx/Vivado/.Xil/Vivado-138080-WuLizhou-PC/dcp/Test_eMMC_Controller_board.xdc]
Finished Parsing XDC File [C:/Users/Wu Lizhou/AppData/Roaming/Xilinx/Vivado/.Xil/Vivado-138080-WuLizhou-PC/dcp/Test_eMMC_Controller_board.xdc]
Parsing XDC File [C:/Users/Wu Lizhou/AppData/Roaming/Xilinx/Vivado/.Xil/Vivado-138080-WuLizhou-PC/dcp/Test_eMMC_Controller_early.xdc]
INFO: [Timing 38-35] Done setting XDC timing constraints. [D:/VivadoProjects/eMMC_Controller_fifo.xpr/eMMC_Controller_4.6.1_tuning.xpr/eMMC_Controller/eMMC_Controller.srcs/sources_1/ip/clk_divided/clk_divided.xdc:56]
INFO: [Timing 38-2] Deriving generated clocks [D:/VivadoProjects/eMMC_Controller_fifo.xpr/eMMC_Controller_4.6.1_tuning.xpr/eMMC_Controller/eMMC_Controller.srcs/sources_1/ip/clk_divided/clk_divided.xdc:56]
get_clocks: Time (s): cpu = 00:00:15 ; elapsed = 00:00:15 . Memory (MB): peak = 2082.414 ; gain = 39.906
Finished Parsing XDC File [C:/Users/Wu Lizhou/AppData/Roaming/Xilinx/Vivado/.Xil/Vivado-138080-WuLizhou-PC/dcp/Test_eMMC_Controller_early.xdc]
Parsing XDC File [C:/Users/Wu Lizhou/AppData/Roaming/Xilinx/Vivado/.Xil/Vivado-138080-WuLizhou-PC/dcp/Test_eMMC_Controller.xdc]
Finished Parsing XDC File [C:/Users/Wu Lizhou/AppData/Roaming/Xilinx/Vivado/.Xil/Vivado-138080-WuLizhou-PC/dcp/Test_eMMC_Controller.xdc]
Reading XDEF placement.
Reading placer database...
Reading XDEF routing.
Read XDEF File: Time (s): cpu = 00:00:01 ; elapsed = 00:00:00.744 . Memory (MB): peak = 2083.020 ; gain = 0.168
Restored from archive | CPU: 1.000000 secs | Memory: 0.000000 MB |
Finished XDEF File Restore: Time (s): cpu = 00:00:01 ; elapsed = 00:00:00.744 . Memory (MB): peak = 2083.020 ; gain = 0.168
INFO: [Project 1-111] Unisim Transformation Summary:
  A total of 95 instances were transformed.
  CFGLUT5 => CFGLUT5 (SRLC32E, SRL16E): 80 instances
  IOBUF => IOBUF (IBUF, OBUFT): 9 instances
  RAM32M => RAM32M (RAMS32, RAMS32, RAMD32, RAMD32, RAMD32, RAMD32, RAMD32, RAMD32): 6 instances

open_run: Time (s): cpu = 00:00:24 ; elapsed = 00:00:22 . Memory (MB): peak = 2150.648 ; gain = 108.141
CRITICAL WARNING: [Timing 38-282] The design failed to meet the timing requirements. Please see the timing summary report for details on the timing violations.
open_hw
connect_hw_server
INFO: [Labtools 27-2285] Connecting to hw_server url TCP:localhost:3121
INFO: [Labtools 27-2222] Launching hw_server...
INFO: [Labtools 27-2221] Launch Output:

****** Xilinx hw_server v2015.4
  **** Build date : Nov 17 2015-18:01:07
    ** Copyright 1986-1999, 2001-2015 Xilinx, Inc. All Rights Reserved.


open_hw_target
INFO: [Labtoolstcl 44-466] Opening hw_target localhost:3121/xilinx_tcf/Digilent/210248686087
set_property PROGRAM.FILE {D:/VivadoProjects/eMMC_Controller_fifo.xpr/eMMC_Controller_4.6.1_tuning.xpr/eMMC_Controller/eMMC_Controller.runs/impl_4/Test_eMMC_Controller.bit} [lindex [get_hw_devices] 1]
set_property PROBES.FILE {D:/VivadoProjects/eMMC_Controller_fifo.xpr/eMMC_Controller_4.6.1_tuning.xpr/eMMC_Controller/eMMC_Controller.runs/impl_4/debug_nets.ltx} [lindex [get_hw_devices] 1]
current_hw_device [lindex [get_hw_devices] 1]
refresh_hw_device [lindex [get_hw_devices] 1]
INFO: [Labtools 27-1434] Device xc7z020 (JTAG device index = 1) is programmed with a design that has no supported debug core(s) in it.
WARNING: [Labtools 27-3123] The debug hub core was not detected at User Scan Chain 1 or 3.
Resolution: 
1. Make sure the clock connected to the debug hub (dbg_hub) core is a free running clock and is active OR
2. Manually launch hw_server with -e "set xsdb-user-bscan <C_USER_SCAN_CHAIN scan_chain_number>" to detect the debug hub at User Scan Chain of 2 or 4. To determine the user scan chain setting, open the implemented design and use: get_property C_USER_SCAN_CHAIN [get_debug_cores dbg_hub].
WARNING: [Labtools 27-1974] Mismatch between the design programmed into the device xc7z020_1 and the probes file D:/VivadoProjects/eMMC_Controller_fifo.xpr/eMMC_Controller_4.6.1_tuning.xpr/eMMC_Controller/eMMC_Controller.runs/impl_4/debug_nets.ltx.
The device design has 0 ILA core(s) and 0 VIO core(s). The probes file has 1 ILA core(s) and 0 VIO core(s).
Resolution: 
1. Reprogram device with the correct programming file and associated probes file OR
2. Goto device properties and associate the correct probes file with the programming file already programmed in the device.
set_property PROBES.FILE {D:/VivadoProjects/eMMC_Controller_fifo.xpr/eMMC_Controller_4.6.1_tuning.xpr/eMMC_Controller/eMMC_Controller.runs/impl_4/debug_nets.ltx} [lindex [get_hw_devices] 1]
set_property PROGRAM.FILE {D:/VivadoProjects/eMMC_Controller_fifo.xpr/eMMC_Controller_4.6.1_tuning.xpr/eMMC_Controller/eMMC_Controller.runs/impl_4/Test_eMMC_Controller.bit} [lindex [get_hw_devices] 1]
program_hw_devices [lindex [get_hw_devices] 1]
INFO: [Labtools 27-3164] End of startup status: HIGH
refresh_hw_device [lindex [get_hw_devices] 1]
INFO: [Labtools 27-2302] Device xc7z020 (JTAG device index = 1) is programmed with a design that has 1 ILA core(s).
display_hw_ila_data [ get_hw_ila_data hw_ila_data_1 -of_objects [get_hw_ilas -of_objects [get_hw_devices xc7z020_1] -filter {CELL_NAME=~"u_ila_0"}]]
run_hw_ila [get_hw_ilas -of_objects [get_hw_devices xc7z020_1] -filter {CELL_NAME=~"u_ila_0"}] -trigger_now
INFO: [Labtools 27-1964] The ILA core 'hw_ila_1' trigger was armed at 2016-Nov-04 13:34:05
wait_on_hw_ila [get_hw_ilas -of_objects [get_hw_devices xc7z020_1] -filter {CELL_NAME=~"u_ila_0"}]
display_hw_ila_data [upload_hw_ila_data [get_hw_ilas -of_objects [get_hw_devices xc7z020_1] -filter {CELL_NAME=~"u_ila_0"}]]
INFO: [Labtools 27-1966] The ILA core 'hw_ila_1' triggered at 2016-Nov-04 13:34:05
set_property TRIGGER_COMPARE_VALUE eq1'b0 [get_hw_probes eMMC_controller_inst0/rd_cmd_temp_reg_n_0_ -of_objects [get_hw_ilas -of_objects [get_hw_devices xc7z020_1] -filter {CELL_NAME=~"u_ila_0"}]]
run_hw_ila [get_hw_ilas -of_objects [get_hw_devices xc7z020_1] -filter {CELL_NAME=~"u_ila_0"}]
INFO: [Labtools 27-1964] The ILA core 'hw_ila_1' trigger was armed at 2016-Nov-04 13:34:13
wait_on_hw_ila [get_hw_ilas -of_objects [get_hw_devices xc7z020_1] -filter {CELL_NAME=~"u_ila_0"}]
display_hw_ila_data [upload_hw_ila_data [get_hw_ilas -of_objects [get_hw_devices xc7z020_1] -filter {CELL_NAME=~"u_ila_0"}]]
INFO: [Labtools 27-1966] The ILA core 'hw_ila_1' triggered at 2016-Nov-04 13:34:14
add_wave -into {hw_ila_data_1.wcfg} -radix hex {eMMC_controller_inst0/fifo_wr_start}
set_property TRIGGER_COMPARE_VALUE eq1'b1 [get_hw_probes eMMC_controller_inst0/rd_cmd_temp_reg_n_0_ -of_objects [get_hw_ilas -of_objects [get_hw_devices xc7z020_1] -filter {CELL_NAME=~"u_ila_0"}]]
run_hw_ila [get_hw_ilas -of_objects [get_hw_devices xc7z020_1] -filter {CELL_NAME=~"u_ila_0"}]
INFO: [Labtools 27-1964] The ILA core 'hw_ila_1' trigger was armed at 2016-Nov-04 13:35:20
wait_on_hw_ila [get_hw_ilas -of_objects [get_hw_devices xc7z020_1] -filter {CELL_NAME=~"u_ila_0"}]
display_hw_ila_data [upload_hw_ila_data [get_hw_ilas -of_objects [get_hw_devices xc7z020_1] -filter {CELL_NAME=~"u_ila_0"}]]
INFO: [Labtools 27-1966] The ILA core 'hw_ila_1' triggered at 2016-Nov-04 13:35:21
run_hw_ila [get_hw_ilas -of_objects [get_hw_devices xc7z020_1] -filter {CELL_NAME=~"u_ila_0"}] -trigger_now
INFO: [Labtools 27-1964] The ILA core 'hw_ila_1' trigger was armed at 2016-Nov-04 13:38:35
wait_on_hw_ila [get_hw_ilas -of_objects [get_hw_devices xc7z020_1] -filter {CELL_NAME=~"u_ila_0"}]
display_hw_ila_data [upload_hw_ila_data [get_hw_ilas -of_objects [get_hw_devices xc7z020_1] -filter {CELL_NAME=~"u_ila_0"}]]
INFO: [Labtools 27-1966] The ILA core 'hw_ila_1' triggered at 2016-Nov-04 13:38:35
run_hw_ila [get_hw_ilas -of_objects [get_hw_devices xc7z020_1] -filter {CELL_NAME=~"u_ila_0"}]
INFO: [Labtools 27-1964] The ILA core 'hw_ila_1' trigger was armed at 2016-Nov-04 13:38:47
wait_on_hw_ila [get_hw_ilas -of_objects [get_hw_devices xc7z020_1] -filter {CELL_NAME=~"u_ila_0"}]
display_hw_ila_data [upload_hw_ila_data [get_hw_ilas -of_objects [get_hw_devices xc7z020_1] -filter {CELL_NAME=~"u_ila_0"}]]
INFO: [Labtools 27-1966] The ILA core 'hw_ila_1' triggered at 2016-Nov-04 13:38:49
save_wave_config {D:/VivadoProjects/eMMC_Controller_fifo.xpr/eMMC_Controller_4.6.1_tuning.xpr/eMMC_Controller/eMMC_Controller.hw/hw_1/wave/hw_ila_data_1/hw_ila_data_1.wcfg}
close_hw
close_design
reset_run synth_4
launch_runs synth_4 -jobs 2
INFO: [HDL 9-2216] Analyzing Verilog file "D:/VivadoProjects/eMMC_Controller_fifo.xpr/eMMC_Controller_4.6.1_tuning.xpr/eMMC_Controller/eMMC_Controller.srcs/sources_1/imports/sources/CRC16.v" into library work [D:/VivadoProjects/eMMC_Controller_fifo.xpr/eMMC_Controller_4.6.1_tuning.xpr/eMMC_Controller/eMMC_Controller.srcs/sources_1/imports/sources/CRC16.v:1]
INFO: [HDL 9-2216] Analyzing Verilog file "D:/VivadoProjects/eMMC_Controller_fifo.xpr/eMMC_Controller_4.6.1_tuning.xpr/eMMC_Controller/eMMC_Controller.srcs/sources_1/imports/sources/CRC16_Check.v" into library work [D:/VivadoProjects/eMMC_Controller_fifo.xpr/eMMC_Controller_4.6.1_tuning.xpr/eMMC_Controller/eMMC_Controller.srcs/sources_1/imports/sources/CRC16_Check.v:1]
INFO: [HDL 9-2216] Analyzing Verilog file "D:/VivadoProjects/eMMC_Controller_fifo.xpr/eMMC_Controller_4.6.1_tuning.xpr/eMMC_Controller/eMMC_Controller.srcs/sources_1/imports/sources/CRC7.v" into library work [D:/VivadoProjects/eMMC_Controller_fifo.xpr/eMMC_Controller_4.6.1_tuning.xpr/eMMC_Controller/eMMC_Controller.srcs/sources_1/imports/sources/CRC7.v:1]
INFO: [HDL 9-2216] Analyzing Verilog file "D:/VivadoProjects/eMMC_Controller_fifo.xpr/eMMC_Controller_4.6.1_tuning.xpr/eMMC_Controller/eMMC_Controller.srcs/sources_1/imports/sources/CRC7_400K.v" into library work [D:/VivadoProjects/eMMC_Controller_fifo.xpr/eMMC_Controller_4.6.1_tuning.xpr/eMMC_Controller/eMMC_Controller.srcs/sources_1/imports/sources/CRC7_400K.v:1]
INFO: [HDL 9-2216] Analyzing Verilog file "D:/VivadoProjects/eMMC_Controller_fifo.xpr/eMMC_Controller_4.6.1_tuning.xpr/eMMC_Controller/eMMC_Controller.srcs/sources_1/imports/sources/CRC7_Check.v" into library work [D:/VivadoProjects/eMMC_Controller_fifo.xpr/eMMC_Controller_4.6.1_tuning.xpr/eMMC_Controller/eMMC_Controller.srcs/sources_1/imports/sources/CRC7_Check.v:1]
INFO: [HDL 9-2216] Analyzing Verilog file "D:/VivadoProjects/eMMC_Controller_fifo.xpr/eMMC_Controller_4.6.1_tuning.xpr/eMMC_Controller/eMMC_Controller.srcs/sources_1/imports/sources/Test_eMMC_Controller.v" into library work [D:/VivadoProjects/eMMC_Controller_fifo.xpr/eMMC_Controller_4.6.1_tuning.xpr/eMMC_Controller/eMMC_Controller.srcs/sources_1/imports/sources/Test_eMMC_Controller.v:1]
INFO: [HDL 9-2216] Analyzing Verilog file "D:/VivadoProjects/eMMC_Controller_fifo.xpr/eMMC_Controller_4.6.1_tuning.xpr/eMMC_Controller/eMMC_Controller.srcs/sources_1/imports/sources/eMMC_controller.v" into library work [D:/VivadoProjects/eMMC_Controller_fifo.xpr/eMMC_Controller_4.6.1_tuning.xpr/eMMC_Controller/eMMC_Controller.srcs/sources_1/imports/sources/eMMC_controller.v:1]
INFO: [HDL 9-1065] Parsing verilog file "D:/VivadoProjects/eMMC_Controller_fifo.xpr/eMMC_Controller_4.6.1_tuning.xpr/eMMC_Controller/eMMC_Controller.srcs/sources_1/imports/sources/Define.vh" included at line 23. [D:/VivadoProjects/eMMC_Controller_fifo.xpr/eMMC_Controller_4.6.1_tuning.xpr/eMMC_Controller/eMMC_Controller.srcs/sources_1/imports/sources/eMMC_controller.v:23]
INFO: [HDL 9-1065] Parsing verilog file "D:/VivadoProjects/eMMC_Controller_fifo.xpr/eMMC_Controller_4.6.1_tuning.xpr/eMMC_Controller/eMMC_Controller.srcs/sources_1/imports/sources/log2.vh" included at line 62. [D:/VivadoProjects/eMMC_Controller_fifo.xpr/eMMC_Controller_4.6.1_tuning.xpr/eMMC_Controller/eMMC_Controller.srcs/sources_1/imports/sources/eMMC_controller.v:62]
INFO: [HDL 9-1065] Parsing verilog file "D:/VivadoProjects/eMMC_Controller_fifo.xpr/eMMC_Controller_4.6.1_tuning.xpr/eMMC_Controller/eMMC_Controller.srcs/sources_1/imports/sources/Parameter.vh" included at line 63. [D:/VivadoProjects/eMMC_Controller_fifo.xpr/eMMC_Controller_4.6.1_tuning.xpr/eMMC_Controller/eMMC_Controller.srcs/sources_1/imports/sources/eMMC_controller.v:63]
[Fri Nov 04 13:42:47 2016] Launched synth_4...
Run output will be captured here: D:/VivadoProjects/eMMC_Controller_fifo.xpr/eMMC_Controller_4.6.1_tuning.xpr/eMMC_Controller/eMMC_Controller.runs/synth_4/runme.log
open_run synth_4 -name synth_4
Design is defaulting to impl run constrset: constrs_2
Design is defaulting to synth run part: xc7z020clg484-1
INFO: [Project 1-454] Reading design checkpoint 'D:/VivadoProjects/eMMC_Controller_fifo.xpr/eMMC_Controller_4.6.1_tuning.xpr/eMMC_Controller/eMMC_Controller.runs/Command_fifo_synth_1/Command_fifo.dcp' for cell 'eMMC_controller_inst0/Command_fifo_inst0'
INFO: [Project 1-454] Reading design checkpoint 'D:/VivadoProjects/eMMC_Controller_fifo.xpr/eMMC_Controller_4.6.1_tuning.xpr/eMMC_Controller/eMMC_Controller.runs/Command_fifo_synth_1/Command_fifo.dcp' for cell 'eMMC_controller_inst0/Finished_Cmd_fifo_inst0'
INFO: [Project 1-454] Reading design checkpoint 'D:/VivadoProjects/eMMC_Controller_fifo.xpr/eMMC_Controller_4.6.1_tuning.xpr/eMMC_Controller/eMMC_Controller.runs/clk_divided_synth_1/clk_divided.dcp' for cell 'gen_clks'
INFO: [Project 1-454] Reading design checkpoint 'D:/VivadoProjects/eMMC_Controller_fifo.xpr/eMMC_Controller_4.6.1_tuning.xpr/eMMC_Controller/eMMC_Controller.runs/Data_fifo_synth_1/Data_fifo.dcp' for cell 'eMMC_controller_inst0/Read_buffer_final'
INFO: [Project 1-454] Reading design checkpoint 'D:/VivadoProjects/eMMC_Controller_fifo.xpr/eMMC_Controller_4.6.1_tuning.xpr/eMMC_Controller/eMMC_Controller.runs/Data_fifo_synth_1/Data_fifo.dcp' for cell 'eMMC_controller_inst0/Wr_data_fifo_inst0'
INFO: [Project 1-454] Reading design checkpoint 'D:/VivadoProjects/eMMC_Controller_fifo.xpr/eMMC_Controller_4.6.1_tuning.xpr/eMMC_Controller/eMMC_Controller.runs/Read_data512B_buffer_synth_1/Read_data512B_buffer.dcp' for cell 'eMMC_controller_inst0/Read_buffer_inst0'
INFO: [Project 1-454] Reading design checkpoint 'D:/VivadoProjects/eMMC_Controller_fifo.xpr/eMMC_Controller_4.6.1_tuning.xpr/eMMC_Controller/eMMC_Controller.runs/blk_mem_gen_0_synth_1/blk_mem_gen_0.dcp' for cell 'eMMC_controller_inst0/write_buffer_inst0'
INFO: [Netlist 29-17] Analyzing 79 Unisim elements for replacement
INFO: [Netlist 29-28] Unisim Transformation completed in 0 CPU seconds
INFO: [Project 1-479] Netlist was created with Vivado 2015.4
INFO: [Project 1-570] Preparing netlist for logic optimization
Parsing XDC File [d:/VivadoProjects/eMMC_Controller_fifo.xpr/eMMC_Controller_4.6.1_tuning.xpr/eMMC_Controller/eMMC_Controller.srcs/sources_1/ip/Command_fifo/Command_fifo/Command_fifo.xdc] for cell 'eMMC_controller_inst0/Command_fifo_inst0/U0'
Finished Parsing XDC File [d:/VivadoProjects/eMMC_Controller_fifo.xpr/eMMC_Controller_4.6.1_tuning.xpr/eMMC_Controller/eMMC_Controller.srcs/sources_1/ip/Command_fifo/Command_fifo/Command_fifo.xdc] for cell 'eMMC_controller_inst0/Command_fifo_inst0/U0'
Parsing XDC File [d:/VivadoProjects/eMMC_Controller_fifo.xpr/eMMC_Controller_4.6.1_tuning.xpr/eMMC_Controller/eMMC_Controller.srcs/sources_1/ip/Command_fifo/Command_fifo/Command_fifo.xdc] for cell 'eMMC_controller_inst0/Finished_Cmd_fifo_inst0/U0'
Finished Parsing XDC File [d:/VivadoProjects/eMMC_Controller_fifo.xpr/eMMC_Controller_4.6.1_tuning.xpr/eMMC_Controller/eMMC_Controller.srcs/sources_1/ip/Command_fifo/Command_fifo/Command_fifo.xdc] for cell 'eMMC_controller_inst0/Finished_Cmd_fifo_inst0/U0'
Parsing XDC File [d:/VivadoProjects/eMMC_Controller_fifo.xpr/eMMC_Controller_4.6.1_tuning.xpr/eMMC_Controller/eMMC_Controller.srcs/sources_1/ip/clk_divided/clk_divided_board.xdc] for cell 'gen_clks/inst'
Finished Parsing XDC File [d:/VivadoProjects/eMMC_Controller_fifo.xpr/eMMC_Controller_4.6.1_tuning.xpr/eMMC_Controller/eMMC_Controller.srcs/sources_1/ip/clk_divided/clk_divided_board.xdc] for cell 'gen_clks/inst'
Parsing XDC File [d:/VivadoProjects/eMMC_Controller_fifo.xpr/eMMC_Controller_4.6.1_tuning.xpr/eMMC_Controller/eMMC_Controller.srcs/sources_1/ip/clk_divided/clk_divided.xdc] for cell 'gen_clks/inst'
INFO: [Timing 38-35] Done setting XDC timing constraints. [d:/VivadoProjects/eMMC_Controller_fifo.xpr/eMMC_Controller_4.6.1_tuning.xpr/eMMC_Controller/eMMC_Controller.srcs/sources_1/ip/clk_divided/clk_divided.xdc:56]
INFO: [Timing 38-2] Deriving generated clocks [d:/VivadoProjects/eMMC_Controller_fifo.xpr/eMMC_Controller_4.6.1_tuning.xpr/eMMC_Controller/eMMC_Controller.srcs/sources_1/ip/clk_divided/clk_divided.xdc:56]
get_clocks: Time (s): cpu = 00:00:15 ; elapsed = 00:00:15 . Memory (MB): peak = 2171.539 ; gain = 0.000
Finished Parsing XDC File [d:/VivadoProjects/eMMC_Controller_fifo.xpr/eMMC_Controller_4.6.1_tuning.xpr/eMMC_Controller/eMMC_Controller.srcs/sources_1/ip/clk_divided/clk_divided.xdc] for cell 'gen_clks/inst'
Parsing XDC File [d:/VivadoProjects/eMMC_Controller_fifo.xpr/eMMC_Controller_4.6.1_tuning.xpr/eMMC_Controller/eMMC_Controller.srcs/sources_1/ip/Data_fifo/Data_fifo/Data_fifo.xdc] for cell 'eMMC_controller_inst0/Read_buffer_final/U0'
Finished Parsing XDC File [d:/VivadoProjects/eMMC_Controller_fifo.xpr/eMMC_Controller_4.6.1_tuning.xpr/eMMC_Controller/eMMC_Controller.srcs/sources_1/ip/Data_fifo/Data_fifo/Data_fifo.xdc] for cell 'eMMC_controller_inst0/Read_buffer_final/U0'
Parsing XDC File [d:/VivadoProjects/eMMC_Controller_fifo.xpr/eMMC_Controller_4.6.1_tuning.xpr/eMMC_Controller/eMMC_Controller.srcs/sources_1/ip/Data_fifo/Data_fifo/Data_fifo.xdc] for cell 'eMMC_controller_inst0/Wr_data_fifo_inst0/U0'
Finished Parsing XDC File [d:/VivadoProjects/eMMC_Controller_fifo.xpr/eMMC_Controller_4.6.1_tuning.xpr/eMMC_Controller/eMMC_Controller.srcs/sources_1/ip/Data_fifo/Data_fifo/Data_fifo.xdc] for cell 'eMMC_controller_inst0/Wr_data_fifo_inst0/U0'
Parsing XDC File [d:/VivadoProjects/eMMC_Controller_fifo.xpr/eMMC_Controller_4.6.1_tuning.xpr/eMMC_Controller/eMMC_Controller.srcs/sources_1/ip/Read_data512B_buffer/Read_data512B_buffer/Read_data512B_buffer.xdc] for cell 'eMMC_controller_inst0/Read_buffer_inst0/U0'
Finished Parsing XDC File [d:/VivadoProjects/eMMC_Controller_fifo.xpr/eMMC_Controller_4.6.1_tuning.xpr/eMMC_Controller/eMMC_Controller.srcs/sources_1/ip/Read_data512B_buffer/Read_data512B_buffer/Read_data512B_buffer.xdc] for cell 'eMMC_controller_inst0/Read_buffer_inst0/U0'
Parsing XDC File [D:/VivadoProjects/eMMC_Controller_fifo.xpr/eMMC_Controller_4.6.1_tuning.xpr/eMMC_Controller/eMMC_Controller.srcs/constrs_2/imports/Constraints/Debug2.xdc]
Finished Parsing XDC File [D:/VivadoProjects/eMMC_Controller_fifo.xpr/eMMC_Controller_4.6.1_tuning.xpr/eMMC_Controller/eMMC_Controller.srcs/constrs_2/imports/Constraints/Debug2.xdc]
Parsing XDC File [D:/VivadoProjects/eMMC_Controller_fifo.xpr/eMMC_Controller_4.6.1_tuning.xpr/eMMC_Controller/eMMC_Controller.srcs/constrs_2/imports/Constraints/PhyConstraint2.xdc]
WARNING: [Vivado 12-507] No nets matched 'eMMC_controller_inst0/fifo_wr_en'. [D:/VivadoProjects/eMMC_Controller_fifo.xpr/eMMC_Controller_4.6.1_tuning.xpr/eMMC_Controller/eMMC_Controller.srcs/constrs_2/imports/Constraints/PhyConstraint2.xdc:81]
CRITICAL WARNING: [Common 17-55] 'set_property' expects at least one object. [D:/VivadoProjects/eMMC_Controller_fifo.xpr/eMMC_Controller_4.6.1_tuning.xpr/eMMC_Controller/eMMC_Controller.srcs/constrs_2/imports/Constraints/PhyConstraint2.xdc:81]
Resolution: If [get_<value>] was used to populate the object, check to make sure this command returns at least one valid object.
WARNING: [Vivado 12-507] No nets matched 'eMMC_controller_inst0/fifo_wr_en'. [D:/VivadoProjects/eMMC_Controller_fifo.xpr/eMMC_Controller_4.6.1_tuning.xpr/eMMC_Controller/eMMC_Controller.srcs/constrs_2/imports/Constraints/PhyConstraint2.xdc:82]
CRITICAL WARNING: [Vivado 12-1420] Debug port 'probe7' was not found. [D:/VivadoProjects/eMMC_Controller_fifo.xpr/eMMC_Controller_4.6.1_tuning.xpr/eMMC_Controller/eMMC_Controller.srcs/constrs_2/imports/Constraints/PhyConstraint2.xdc:82]
Finished Parsing XDC File [D:/VivadoProjects/eMMC_Controller_fifo.xpr/eMMC_Controller_4.6.1_tuning.xpr/eMMC_Controller/eMMC_Controller.srcs/constrs_2/imports/Constraints/PhyConstraint2.xdc]
Parsing XDC File [D:/VivadoProjects/eMMC_Controller_fifo.xpr/eMMC_Controller_4.6.1_tuning.xpr/eMMC_Controller/eMMC_Controller.srcs/constrs_2/imports/Constraints/Timing2.xdc]
WARNING: [Vivado 12-508] No pins matched 'eMMC_controller_inst0/ODDR_inst/C'. [D:/VivadoProjects/eMMC_Controller_fifo.xpr/eMMC_Controller_4.6.1_tuning.xpr/eMMC_Controller/eMMC_Controller.srcs/constrs_2/imports/Constraints/Timing2.xdc:11]
CRITICAL WARNING: [Vivado 12-1387] No valid object(s) found for create_generated_clock constraint with option '-source [get_pins eMMC_controller_inst0/ODDR_inst/C]'. [D:/VivadoProjects/eMMC_Controller_fifo.xpr/eMMC_Controller_4.6.1_tuning.xpr/eMMC_Controller/eMMC_Controller.srcs/constrs_2/imports/Constraints/Timing2.xdc:11]
Resolution: Check if the specified object(s) exists in the current design. If it does, ensure that the correct design hierarchy was specified for the object. If you are working with clocks, make sure create_clock was used to create the clock object before it is referenced.
WARNING: [Vivado 12-508] No pins matched 'eMMC_controller_inst0/ODDR_inst/C'. [D:/VivadoProjects/eMMC_Controller_fifo.xpr/eMMC_Controller_4.6.1_tuning.xpr/eMMC_Controller/eMMC_Controller.srcs/constrs_2/imports/Constraints/Timing2.xdc:12]
CRITICAL WARNING: [Vivado 12-1387] No valid object(s) found for create_generated_clock constraint with option '-source [get_pins eMMC_controller_inst0/ODDR_inst/C]'. [D:/VivadoProjects/eMMC_Controller_fifo.xpr/eMMC_Controller_4.6.1_tuning.xpr/eMMC_Controller/eMMC_Controller.srcs/constrs_2/imports/Constraints/Timing2.xdc:12]
Resolution: Check if the specified object(s) exists in the current design. If it does, ensure that the correct design hierarchy was specified for the object. If you are working with clocks, make sure create_clock was used to create the clock object before it is referenced.
WARNING: [Vivado 12-627] No clocks matched 'fwdClk_200M'. [D:/VivadoProjects/eMMC_Controller_fifo.xpr/eMMC_Controller_4.6.1_tuning.xpr/eMMC_Controller/eMMC_Controller.srcs/constrs_2/imports/Constraints/Timing2.xdc:16]
INFO: [Vivado 12-626] No clocks found. Please use 'create_clock' or 'create_generated_clock' command to create clocks. [D:/VivadoProjects/eMMC_Controller_fifo.xpr/eMMC_Controller_4.6.1_tuning.xpr/eMMC_Controller/eMMC_Controller.srcs/constrs_2/imports/Constraints/Timing2.xdc:16]
CRITICAL WARNING: [Vivado 12-1387] No valid object(s) found for set_output_delay constraint with option '-clock [get_clocks fwdClk_200M]'. [D:/VivadoProjects/eMMC_Controller_fifo.xpr/eMMC_Controller_4.6.1_tuning.xpr/eMMC_Controller/eMMC_Controller.srcs/constrs_2/imports/Constraints/Timing2.xdc:16]
Resolution: Check if the specified object(s) exists in the current design. If it does, ensure that the correct design hierarchy was specified for the object. If you are working with clocks, make sure create_clock was used to create the clock object before it is referenced.
Finished Parsing XDC File [D:/VivadoProjects/eMMC_Controller_fifo.xpr/eMMC_Controller_4.6.1_tuning.xpr/eMMC_Controller/eMMC_Controller.srcs/constrs_2/imports/Constraints/Timing2.xdc]
INFO: [Project 1-538] Using original IP XDC constraints instead of the XDC constraints in dcp 'D:/VivadoProjects/eMMC_Controller_fifo.xpr/eMMC_Controller_4.6.1_tuning.xpr/eMMC_Controller/eMMC_Controller.runs/Command_fifo_synth_1/Command_fifo.dcp'
INFO: [Project 1-538] Using original IP XDC constraints instead of the XDC constraints in dcp 'D:/VivadoProjects/eMMC_Controller_fifo.xpr/eMMC_Controller_4.6.1_tuning.xpr/eMMC_Controller/eMMC_Controller.runs/Command_fifo_synth_1/Command_fifo.dcp'
INFO: [Project 1-538] Using original IP XDC constraints instead of the XDC constraints in dcp 'D:/VivadoProjects/eMMC_Controller_fifo.xpr/eMMC_Controller_4.6.1_tuning.xpr/eMMC_Controller/eMMC_Controller.runs/clk_divided_synth_1/clk_divided.dcp'
INFO: [Project 1-538] Using original IP XDC constraints instead of the XDC constraints in dcp 'D:/VivadoProjects/eMMC_Controller_fifo.xpr/eMMC_Controller_4.6.1_tuning.xpr/eMMC_Controller/eMMC_Controller.runs/Data_fifo_synth_1/Data_fifo.dcp'
INFO: [Project 1-538] Using original IP XDC constraints instead of the XDC constraints in dcp 'D:/VivadoProjects/eMMC_Controller_fifo.xpr/eMMC_Controller_4.6.1_tuning.xpr/eMMC_Controller/eMMC_Controller.runs/Data_fifo_synth_1/Data_fifo.dcp'
INFO: [Project 1-538] Using original IP XDC constraints instead of the XDC constraints in dcp 'D:/VivadoProjects/eMMC_Controller_fifo.xpr/eMMC_Controller_4.6.1_tuning.xpr/eMMC_Controller/eMMC_Controller.runs/Read_data512B_buffer_synth_1/Read_data512B_buffer.dcp'
INFO: [Project 1-538] Using original IP XDC constraints instead of the XDC constraints in dcp 'D:/VivadoProjects/eMMC_Controller_fifo.xpr/eMMC_Controller_4.6.1_tuning.xpr/eMMC_Controller/eMMC_Controller.runs/blk_mem_gen_0_synth_1/blk_mem_gen_0.dcp'
INFO: [Opt 31-140] Inserted 1 IBUFs to IO ports without IO buffers.
INFO: [Opt 31-138] Pushed 0 inverter(s) to 0 load pin(s).
INFO: [Project 1-111] Unisim Transformation Summary:
  A total of 9 instances were transformed.
  IOBUF => IOBUF (IBUF, OBUFT): 9 instances

open_run: Time (s): cpu = 00:00:22 ; elapsed = 00:00:20 . Memory (MB): peak = 2171.539 ; gain = 0.000
show_objects -name find_1 [get_nets -hierarchical -top_net_of_hierarchical_group -filter { NAME =~  "*Sector_offset*" } ]
WARNING: [Vivado 12-1023] No nets matched for command 'get_nets -hierarchical -top_net_of_hierarchical_group -filter { NAME =~  "*Sector_offset*" }'.
WARNING: [Coretcl 2-1122] No objects found.
show_objects -name find_1 [get_nets -hierarchical -top_net_of_hierarchical_group -filter { NAME =~  "*rd_cmd_temp*" } ]
set_property mark_debug true [get_nets [list {eMMC_controller_inst0/rd_cmd_temp_reg_n_0_[0]} {eMMC_controller_inst0/rd_cmd_temp[0]_i_1_n_0} {eMMC_controller_inst0/rd_cmd_temp[1]_i_1_n_0} {eMMC_controller_inst0/rd_cmd_temp[2]_i_1_n_0}]]
show_objects -name find_2 [get_nets -hierarchical -top_net_of_hierarchical_group -filter { NAME =~  "*fifo_wr_en*" } ]
set_property mark_debug true [get_nets [list eMMC_controller_inst0/fifo_wr_end_i_1_n_0]]
set_property mark_debug true [get_nets [list {eMMC_controller_inst0/rd_cmd_temp_reg_n_0_[1]} {eMMC_controller_inst0/rd_cmd_temp_reg_n_0_[2]}]]
set_property mark_debug false [get_nets [list {eMMC_controller_inst0/rd_cmd_temp[1]_i_1_n_0} {eMMC_controller_inst0/rd_cmd_temp[0]_i_1_n_0} {eMMC_controller_inst0/rd_cmd_temp[2]_i_1_n_0}]]
set_property mark_debug false [get_nets [list eMMC_controller_inst0/fifo_wr_start]]
disconnect_debug_port u_ila_0/probe8
connect_debug_port u_ila_0/probe8 [get_nets [list eMMC_controller_inst0/fifo_wr_end_i_1_n_0 ]] -channel_start_index 0
create_debug_port u_ila_0 probe
set_property port_width 3 [get_debug_ports u_ila_0/probe10]
connect_debug_port u_ila_0/probe10 [get_nets [list {eMMC_controller_inst0/rd_cmd_temp_reg_n_0_[2]} {eMMC_controller_inst0/rd_cmd_temp_reg_n_0_[1]} {eMMC_controller_inst0/rd_cmd_temp_reg_n_0_[0]} ]]
save_constraints
launch_runs impl_4 -to_step write_bitstream -jobs 2
Writing placer database...
Writing XDEF routing.
Writing XDEF routing logical nets.
Writing XDEF routing special nets.
Write XDEF Complete: Time (s): cpu = 00:00:00 ; elapsed = 00:00:00.074 . Memory (MB): peak = 2171.539 ; gain = 0.000
[Fri Nov 04 13:50:26 2016] Launched impl_4...
Run output will be captured here: D:/VivadoProjects/eMMC_Controller_fifo.xpr/eMMC_Controller_4.6.1_tuning.xpr/eMMC_Controller/eMMC_Controller.runs/impl_4/runme.log
open_hw
connect_hw_server
INFO: [Labtools 27-2285] Connecting to hw_server url TCP:localhost:3121
INFO: [Labtools 27-2222] Launching hw_server...
INFO: [Labtools 27-2221] Launch Output:

****** Xilinx hw_server v2015.4
  **** Build date : Nov 17 2015-18:01:07
    ** Copyright 1986-1999, 2001-2015 Xilinx, Inc. All Rights Reserved.


open_hw_target
INFO: [Labtoolstcl 44-466] Opening hw_target localhost:3121/xilinx_tcf/Digilent/210248686087
set_property PROGRAM.FILE {D:/VivadoProjects/eMMC_Controller_fifo.xpr/eMMC_Controller_4.6.1_tuning.xpr/eMMC_Controller/eMMC_Controller.runs/impl_4/Test_eMMC_Controller.bit} [lindex [get_hw_devices] 1]
set_property PROBES.FILE {D:/VivadoProjects/eMMC_Controller_fifo.xpr/eMMC_Controller_4.6.1_tuning.xpr/eMMC_Controller/eMMC_Controller.runs/impl_4/debug_nets.ltx} [lindex [get_hw_devices] 1]
current_hw_device [lindex [get_hw_devices] 1]
refresh_hw_device [lindex [get_hw_devices] 1]
INFO: [Labtools 27-1435] Device xc7z020 (JTAG device index = 1) is not programmed (DONE status = 0).
set_property PROBES.FILE {D:/VivadoProjects/eMMC_Controller_fifo.xpr/eMMC_Controller_4.6.1_tuning.xpr/eMMC_Controller/eMMC_Controller.runs/impl_4/debug_nets.ltx} [lindex [get_hw_devices] 1]
set_property PROGRAM.FILE {D:/VivadoProjects/eMMC_Controller_fifo.xpr/eMMC_Controller_4.6.1_tuning.xpr/eMMC_Controller/eMMC_Controller.runs/impl_4/Test_eMMC_Controller.bit} [lindex [get_hw_devices] 1]
program_hw_devices [lindex [get_hw_devices] 1]
INFO: [Labtools 27-3164] End of startup status: HIGH
refresh_hw_device [lindex [get_hw_devices] 1]
INFO: [Labtools 27-2302] Device xc7z020 (JTAG device index = 1) is programmed with a design that has 1 ILA core(s).
display_hw_ila_data [ get_hw_ila_data hw_ila_data_1 -of_objects [get_hw_ilas -of_objects [get_hw_devices xc7z020_1] -filter {CELL_NAME=~"u_ila_0"}]]
run_hw_ila [get_hw_ilas -of_objects [get_hw_devices xc7z020_1] -filter {CELL_NAME=~"u_ila_0"}] -trigger_now
INFO: [Labtools 27-1964] The ILA core 'hw_ila_1' trigger was armed at 2016-Nov-04 13:58:57
wait_on_hw_ila [get_hw_ilas -of_objects [get_hw_devices xc7z020_1] -filter {CELL_NAME=~"u_ila_0"}]
display_hw_ila_data [upload_hw_ila_data [get_hw_ilas -of_objects [get_hw_devices xc7z020_1] -filter {CELL_NAME=~"u_ila_0"}]]
INFO: [Labtools 27-1966] The ILA core 'hw_ila_1' triggered at 2016-Nov-04 13:58:57
set_property TRIGGER_COMPARE_VALUE eq1'h0 [get_hw_probes eMMC_controller_inst0/rd_cmd_temp_reg_n_0__2 -of_objects [get_hw_ilas -of_objects [get_hw_devices xc7z020_1] -filter {CELL_NAME=~"u_ila_0"}]]
run_hw_ila [get_hw_ilas -of_objects [get_hw_devices xc7z020_1] -filter {CELL_NAME=~"u_ila_0"}]
INFO: [Labtools 27-1964] The ILA core 'hw_ila_1' trigger was armed at 2016-Nov-04 13:59:22
wait_on_hw_ila [get_hw_ilas -of_objects [get_hw_devices xc7z020_1] -filter {CELL_NAME=~"u_ila_0"}]
display_hw_ila_data [upload_hw_ila_data [get_hw_ilas -of_objects [get_hw_devices xc7z020_1] -filter {CELL_NAME=~"u_ila_0"}]]
INFO: [Labtools 27-1966] The ILA core 'hw_ila_1' triggered at 2016-Nov-04 13:59:23
add_wave -into {hw_ila_data_1.wcfg} -radix hex {eMMC_controller_inst0/fifo_wr_end_i_1_n_0}
add_wave -into {hw_ila_data_1.wcfg} -radix hex {eMMC_controller_inst0/rd_cmd_temp_reg_n_0__2}
set_property TRIGGER_COMPARE_VALUE eq1'h1 [get_hw_probes eMMC_controller_inst0/rd_cmd_temp_reg_n_0__2 -of_objects [get_hw_ilas -of_objects [get_hw_devices xc7z020_1] -filter {CELL_NAME=~"u_ila_0"}]]
run_hw_ila [get_hw_ilas -of_objects [get_hw_devices xc7z020_1] -filter {CELL_NAME=~"u_ila_0"}]
INFO: [Labtools 27-1964] The ILA core 'hw_ila_1' trigger was armed at 2016-Nov-04 14:01:09
wait_on_hw_ila [get_hw_ilas -of_objects [get_hw_devices xc7z020_1] -filter {CELL_NAME=~"u_ila_0"}]
display_hw_ila_data [upload_hw_ila_data [get_hw_ilas -of_objects [get_hw_devices xc7z020_1] -filter {CELL_NAME=~"u_ila_0"}]]
INFO: [Labtools 27-1966] The ILA core 'hw_ila_1' triggered at 2016-Nov-04 14:01:11
ERROR: [Xicom 50-38] xicom: Core access failed. Check cable connectivity and that the target board is powered up then use the disconnect_hw_server and connect_hw_server to re-initialize the hardware target. Use open_hw_target to re-register the hardware device.
ERROR: [Xicom 50-38] xicom: Core access failed. Check cable connectivity and that the target board is powered up then use the disconnect_hw_server and connect_hw_server to re-initialize the hardware target. Use open_hw_target to re-register the hardware device.
ERROR: [Xicom 50-38] xicom: Core access failed. Check cable connectivity and that the target board is powered up then use the disconnect_hw_server and connect_hw_server to re-initialize the hardware target. Use open_hw_target to re-register the hardware device.
ERROR: [Xicom 50-38] xicom: Core access failed. Check cable connectivity and that the target board is powered up then use the disconnect_hw_server and connect_hw_server to re-initialize the hardware target. Use open_hw_target to re-register the hardware device.
ERROR: [Xicom 50-38] xicom: Core access failed. Check cable connectivity and that the target board is powered up then use the disconnect_hw_server and connect_hw_server to re-initialize the hardware target. Use open_hw_target to re-register the hardware device.
ERROR: [Xicom 50-38] xicom: Core access failed. Check cable connectivity and that the target board is powered up then use the disconnect_hw_server and connect_hw_server to re-initialize the hardware target. Use open_hw_target to re-register the hardware device.
ERROR: [Xicom 50-38] xicom: Core access failed. Check cable connectivity and that the target board is powered up then use the disconnect_hw_server and connect_hw_server to re-initialize the hardware target. Use open_hw_target to re-register the hardware device.
ERROR: [Xicom 50-38] xicom: Core access failed. Check cable connectivity and that the target board is powered up then use the disconnect_hw_server and connect_hw_server to re-initialize the hardware target. Use open_hw_target to re-register the hardware device.
ERROR: [Xicom 50-38] xicom: Core access failed. Check cable connectivity and that the target board is powered up then use the disconnect_hw_server and connect_hw_server to re-initialize the hardware target. Use open_hw_target to re-register the hardware device.
ERROR: [Xicom 50-38] xicom: Core access failed. Check cable connectivity and that the target board is powered up then use the disconnect_hw_server and connect_hw_server to re-initialize the hardware target. Use open_hw_target to re-register the hardware device.
ERROR: [Xicom 50-38] xicom: Core access failed. Check cable connectivity and that the target board is powered up then use the disconnect_hw_server and connect_hw_server to re-initialize the hardware target. Use open_hw_target to re-register the hardware device.
ERROR: [Xicom 50-38] xicom: Core access failed. Check cable connectivity and that the target board is powered up then use the disconnect_hw_server and connect_hw_server to re-initialize the hardware target. Use open_hw_target to re-register the hardware device.
save_wave_config {D:/VivadoProjects/eMMC_Controller_fifo.xpr/eMMC_Controller_4.6.1_tuning.xpr/eMMC_Controller/eMMC_Controller.hw/hw_1/wave/hw_ila_data_1/hw_ila_data_1.wcfg}
ERROR: [Xicom 50-38] xicom: Core access failed. Check cable connectivity and that the target board is powered up then use the disconnect_hw_server and connect_hw_server to re-initialize the hardware target. Use open_hw_target to re-register the hardware device.
ERROR: [Xicom 50-38] xicom: Core access failed. Check cable connectivity and that the target board is powered up then use the disconnect_hw_server and connect_hw_server to re-initialize the hardware target. Use open_hw_target to re-register the hardware device.
close_hw
close_design
reset_run synth_4
launch_runs synth_4 -jobs 2
INFO: [HDL 9-2216] Analyzing Verilog file "D:/VivadoProjects/eMMC_Controller_fifo.xpr/eMMC_Controller_4.6.1_tuning.xpr/eMMC_Controller/eMMC_Controller.srcs/sources_1/imports/sources/CRC16.v" into library work [D:/VivadoProjects/eMMC_Controller_fifo.xpr/eMMC_Controller_4.6.1_tuning.xpr/eMMC_Controller/eMMC_Controller.srcs/sources_1/imports/sources/CRC16.v:1]
INFO: [HDL 9-2216] Analyzing Verilog file "D:/VivadoProjects/eMMC_Controller_fifo.xpr/eMMC_Controller_4.6.1_tuning.xpr/eMMC_Controller/eMMC_Controller.srcs/sources_1/imports/sources/CRC16_Check.v" into library work [D:/VivadoProjects/eMMC_Controller_fifo.xpr/eMMC_Controller_4.6.1_tuning.xpr/eMMC_Controller/eMMC_Controller.srcs/sources_1/imports/sources/CRC16_Check.v:1]
INFO: [HDL 9-2216] Analyzing Verilog file "D:/VivadoProjects/eMMC_Controller_fifo.xpr/eMMC_Controller_4.6.1_tuning.xpr/eMMC_Controller/eMMC_Controller.srcs/sources_1/imports/sources/CRC7.v" into library work [D:/VivadoProjects/eMMC_Controller_fifo.xpr/eMMC_Controller_4.6.1_tuning.xpr/eMMC_Controller/eMMC_Controller.srcs/sources_1/imports/sources/CRC7.v:1]
INFO: [HDL 9-2216] Analyzing Verilog file "D:/VivadoProjects/eMMC_Controller_fifo.xpr/eMMC_Controller_4.6.1_tuning.xpr/eMMC_Controller/eMMC_Controller.srcs/sources_1/imports/sources/CRC7_400K.v" into library work [D:/VivadoProjects/eMMC_Controller_fifo.xpr/eMMC_Controller_4.6.1_tuning.xpr/eMMC_Controller/eMMC_Controller.srcs/sources_1/imports/sources/CRC7_400K.v:1]
INFO: [HDL 9-2216] Analyzing Verilog file "D:/VivadoProjects/eMMC_Controller_fifo.xpr/eMMC_Controller_4.6.1_tuning.xpr/eMMC_Controller/eMMC_Controller.srcs/sources_1/imports/sources/CRC7_Check.v" into library work [D:/VivadoProjects/eMMC_Controller_fifo.xpr/eMMC_Controller_4.6.1_tuning.xpr/eMMC_Controller/eMMC_Controller.srcs/sources_1/imports/sources/CRC7_Check.v:1]
INFO: [HDL 9-2216] Analyzing Verilog file "D:/VivadoProjects/eMMC_Controller_fifo.xpr/eMMC_Controller_4.6.1_tuning.xpr/eMMC_Controller/eMMC_Controller.srcs/sources_1/imports/sources/Test_eMMC_Controller.v" into library work [D:/VivadoProjects/eMMC_Controller_fifo.xpr/eMMC_Controller_4.6.1_tuning.xpr/eMMC_Controller/eMMC_Controller.srcs/sources_1/imports/sources/Test_eMMC_Controller.v:1]
INFO: [HDL 9-2216] Analyzing Verilog file "D:/VivadoProjects/eMMC_Controller_fifo.xpr/eMMC_Controller_4.6.1_tuning.xpr/eMMC_Controller/eMMC_Controller.srcs/sources_1/imports/sources/eMMC_controller.v" into library work [D:/VivadoProjects/eMMC_Controller_fifo.xpr/eMMC_Controller_4.6.1_tuning.xpr/eMMC_Controller/eMMC_Controller.srcs/sources_1/imports/sources/eMMC_controller.v:1]
INFO: [HDL 9-1065] Parsing verilog file "D:/VivadoProjects/eMMC_Controller_fifo.xpr/eMMC_Controller_4.6.1_tuning.xpr/eMMC_Controller/eMMC_Controller.srcs/sources_1/imports/sources/Define.vh" included at line 23. [D:/VivadoProjects/eMMC_Controller_fifo.xpr/eMMC_Controller_4.6.1_tuning.xpr/eMMC_Controller/eMMC_Controller.srcs/sources_1/imports/sources/eMMC_controller.v:23]
INFO: [HDL 9-1065] Parsing verilog file "D:/VivadoProjects/eMMC_Controller_fifo.xpr/eMMC_Controller_4.6.1_tuning.xpr/eMMC_Controller/eMMC_Controller.srcs/sources_1/imports/sources/log2.vh" included at line 62. [D:/VivadoProjects/eMMC_Controller_fifo.xpr/eMMC_Controller_4.6.1_tuning.xpr/eMMC_Controller/eMMC_Controller.srcs/sources_1/imports/sources/eMMC_controller.v:62]
INFO: [HDL 9-1065] Parsing verilog file "D:/VivadoProjects/eMMC_Controller_fifo.xpr/eMMC_Controller_4.6.1_tuning.xpr/eMMC_Controller/eMMC_Controller.srcs/sources_1/imports/sources/Parameter.vh" included at line 63. [D:/VivadoProjects/eMMC_Controller_fifo.xpr/eMMC_Controller_4.6.1_tuning.xpr/eMMC_Controller/eMMC_Controller.srcs/sources_1/imports/sources/eMMC_controller.v:63]
[Fri Nov 04 14:04:16 2016] Launched synth_4...
Run output will be captured here: D:/VivadoProjects/eMMC_Controller_fifo.xpr/eMMC_Controller_4.6.1_tuning.xpr/eMMC_Controller/eMMC_Controller.runs/synth_4/runme.log
open_run synth_4 -name synth_4
Design is defaulting to impl run constrset: constrs_2
Design is defaulting to synth run part: xc7z020clg484-1
INFO: [Project 1-454] Reading design checkpoint 'D:/VivadoProjects/eMMC_Controller_fifo.xpr/eMMC_Controller_4.6.1_tuning.xpr/eMMC_Controller/eMMC_Controller.runs/Command_fifo_synth_1/Command_fifo.dcp' for cell 'eMMC_controller_inst0/Command_fifo_inst0'
INFO: [Project 1-454] Reading design checkpoint 'D:/VivadoProjects/eMMC_Controller_fifo.xpr/eMMC_Controller_4.6.1_tuning.xpr/eMMC_Controller/eMMC_Controller.runs/Command_fifo_synth_1/Command_fifo.dcp' for cell 'eMMC_controller_inst0/Finished_Cmd_fifo_inst0'
INFO: [Project 1-454] Reading design checkpoint 'D:/VivadoProjects/eMMC_Controller_fifo.xpr/eMMC_Controller_4.6.1_tuning.xpr/eMMC_Controller/eMMC_Controller.runs/clk_divided_synth_1/clk_divided.dcp' for cell 'gen_clks'
INFO: [Project 1-454] Reading design checkpoint 'D:/VivadoProjects/eMMC_Controller_fifo.xpr/eMMC_Controller_4.6.1_tuning.xpr/eMMC_Controller/eMMC_Controller.runs/Data_fifo_synth_1/Data_fifo.dcp' for cell 'eMMC_controller_inst0/Read_buffer_final'
INFO: [Project 1-454] Reading design checkpoint 'D:/VivadoProjects/eMMC_Controller_fifo.xpr/eMMC_Controller_4.6.1_tuning.xpr/eMMC_Controller/eMMC_Controller.runs/Data_fifo_synth_1/Data_fifo.dcp' for cell 'eMMC_controller_inst0/Wr_data_fifo_inst0'
INFO: [Project 1-454] Reading design checkpoint 'D:/VivadoProjects/eMMC_Controller_fifo.xpr/eMMC_Controller_4.6.1_tuning.xpr/eMMC_Controller/eMMC_Controller.runs/Read_data512B_buffer_synth_1/Read_data512B_buffer.dcp' for cell 'eMMC_controller_inst0/Read_buffer_inst0'
INFO: [Project 1-454] Reading design checkpoint 'D:/VivadoProjects/eMMC_Controller_fifo.xpr/eMMC_Controller_4.6.1_tuning.xpr/eMMC_Controller/eMMC_Controller.runs/blk_mem_gen_0_synth_1/blk_mem_gen_0.dcp' for cell 'eMMC_controller_inst0/write_buffer_inst0'
INFO: [Netlist 29-17] Analyzing 80 Unisim elements for replacement
INFO: [Netlist 29-28] Unisim Transformation completed in 0 CPU seconds
INFO: [Project 1-479] Netlist was created with Vivado 2015.4
INFO: [Project 1-570] Preparing netlist for logic optimization
Parsing XDC File [d:/VivadoProjects/eMMC_Controller_fifo.xpr/eMMC_Controller_4.6.1_tuning.xpr/eMMC_Controller/eMMC_Controller.srcs/sources_1/ip/Command_fifo/Command_fifo/Command_fifo.xdc] for cell 'eMMC_controller_inst0/Command_fifo_inst0/U0'
Finished Parsing XDC File [d:/VivadoProjects/eMMC_Controller_fifo.xpr/eMMC_Controller_4.6.1_tuning.xpr/eMMC_Controller/eMMC_Controller.srcs/sources_1/ip/Command_fifo/Command_fifo/Command_fifo.xdc] for cell 'eMMC_controller_inst0/Command_fifo_inst0/U0'
Parsing XDC File [d:/VivadoProjects/eMMC_Controller_fifo.xpr/eMMC_Controller_4.6.1_tuning.xpr/eMMC_Controller/eMMC_Controller.srcs/sources_1/ip/Command_fifo/Command_fifo/Command_fifo.xdc] for cell 'eMMC_controller_inst0/Finished_Cmd_fifo_inst0/U0'
Finished Parsing XDC File [d:/VivadoProjects/eMMC_Controller_fifo.xpr/eMMC_Controller_4.6.1_tuning.xpr/eMMC_Controller/eMMC_Controller.srcs/sources_1/ip/Command_fifo/Command_fifo/Command_fifo.xdc] for cell 'eMMC_controller_inst0/Finished_Cmd_fifo_inst0/U0'
Parsing XDC File [d:/VivadoProjects/eMMC_Controller_fifo.xpr/eMMC_Controller_4.6.1_tuning.xpr/eMMC_Controller/eMMC_Controller.srcs/sources_1/ip/clk_divided/clk_divided_board.xdc] for cell 'gen_clks/inst'
Finished Parsing XDC File [d:/VivadoProjects/eMMC_Controller_fifo.xpr/eMMC_Controller_4.6.1_tuning.xpr/eMMC_Controller/eMMC_Controller.srcs/sources_1/ip/clk_divided/clk_divided_board.xdc] for cell 'gen_clks/inst'
Parsing XDC File [d:/VivadoProjects/eMMC_Controller_fifo.xpr/eMMC_Controller_4.6.1_tuning.xpr/eMMC_Controller/eMMC_Controller.srcs/sources_1/ip/clk_divided/clk_divided.xdc] for cell 'gen_clks/inst'
INFO: [Timing 38-35] Done setting XDC timing constraints. [d:/VivadoProjects/eMMC_Controller_fifo.xpr/eMMC_Controller_4.6.1_tuning.xpr/eMMC_Controller/eMMC_Controller.srcs/sources_1/ip/clk_divided/clk_divided.xdc:56]
INFO: [Timing 38-2] Deriving generated clocks [d:/VivadoProjects/eMMC_Controller_fifo.xpr/eMMC_Controller_4.6.1_tuning.xpr/eMMC_Controller/eMMC_Controller.srcs/sources_1/ip/clk_divided/clk_divided.xdc:56]
get_clocks: Time (s): cpu = 00:00:15 ; elapsed = 00:00:15 . Memory (MB): peak = 2171.539 ; gain = 0.000
Finished Parsing XDC File [d:/VivadoProjects/eMMC_Controller_fifo.xpr/eMMC_Controller_4.6.1_tuning.xpr/eMMC_Controller/eMMC_Controller.srcs/sources_1/ip/clk_divided/clk_divided.xdc] for cell 'gen_clks/inst'
Parsing XDC File [d:/VivadoProjects/eMMC_Controller_fifo.xpr/eMMC_Controller_4.6.1_tuning.xpr/eMMC_Controller/eMMC_Controller.srcs/sources_1/ip/Data_fifo/Data_fifo/Data_fifo.xdc] for cell 'eMMC_controller_inst0/Read_buffer_final/U0'
Finished Parsing XDC File [d:/VivadoProjects/eMMC_Controller_fifo.xpr/eMMC_Controller_4.6.1_tuning.xpr/eMMC_Controller/eMMC_Controller.srcs/sources_1/ip/Data_fifo/Data_fifo/Data_fifo.xdc] for cell 'eMMC_controller_inst0/Read_buffer_final/U0'
Parsing XDC File [d:/VivadoProjects/eMMC_Controller_fifo.xpr/eMMC_Controller_4.6.1_tuning.xpr/eMMC_Controller/eMMC_Controller.srcs/sources_1/ip/Data_fifo/Data_fifo/Data_fifo.xdc] for cell 'eMMC_controller_inst0/Wr_data_fifo_inst0/U0'
Finished Parsing XDC File [d:/VivadoProjects/eMMC_Controller_fifo.xpr/eMMC_Controller_4.6.1_tuning.xpr/eMMC_Controller/eMMC_Controller.srcs/sources_1/ip/Data_fifo/Data_fifo/Data_fifo.xdc] for cell 'eMMC_controller_inst0/Wr_data_fifo_inst0/U0'
Parsing XDC File [d:/VivadoProjects/eMMC_Controller_fifo.xpr/eMMC_Controller_4.6.1_tuning.xpr/eMMC_Controller/eMMC_Controller.srcs/sources_1/ip/Read_data512B_buffer/Read_data512B_buffer/Read_data512B_buffer.xdc] for cell 'eMMC_controller_inst0/Read_buffer_inst0/U0'
Finished Parsing XDC File [d:/VivadoProjects/eMMC_Controller_fifo.xpr/eMMC_Controller_4.6.1_tuning.xpr/eMMC_Controller/eMMC_Controller.srcs/sources_1/ip/Read_data512B_buffer/Read_data512B_buffer/Read_data512B_buffer.xdc] for cell 'eMMC_controller_inst0/Read_buffer_inst0/U0'
Parsing XDC File [D:/VivadoProjects/eMMC_Controller_fifo.xpr/eMMC_Controller_4.6.1_tuning.xpr/eMMC_Controller/eMMC_Controller.srcs/constrs_2/imports/Constraints/Debug2.xdc]
Finished Parsing XDC File [D:/VivadoProjects/eMMC_Controller_fifo.xpr/eMMC_Controller_4.6.1_tuning.xpr/eMMC_Controller/eMMC_Controller.srcs/constrs_2/imports/Constraints/Debug2.xdc]
Parsing XDC File [D:/VivadoProjects/eMMC_Controller_fifo.xpr/eMMC_Controller_4.6.1_tuning.xpr/eMMC_Controller/eMMC_Controller.srcs/constrs_2/imports/Constraints/PhyConstraint2.xdc]
WARNING: [Vivado 12-507] No nets matched 'eMMC_controller_inst0/fifo_wr_en'. [D:/VivadoProjects/eMMC_Controller_fifo.xpr/eMMC_Controller_4.6.1_tuning.xpr/eMMC_Controller/eMMC_Controller.srcs/constrs_2/imports/Constraints/PhyConstraint2.xdc:81]
CRITICAL WARNING: [Common 17-55] 'set_property' expects at least one object. [D:/VivadoProjects/eMMC_Controller_fifo.xpr/eMMC_Controller_4.6.1_tuning.xpr/eMMC_Controller/eMMC_Controller.srcs/constrs_2/imports/Constraints/PhyConstraint2.xdc:81]
Resolution: If [get_<value>] was used to populate the object, check to make sure this command returns at least one valid object.
WARNING: [Vivado 12-507] No nets matched 'eMMC_controller_inst0/fifo_wr_en'. [D:/VivadoProjects/eMMC_Controller_fifo.xpr/eMMC_Controller_4.6.1_tuning.xpr/eMMC_Controller/eMMC_Controller.srcs/constrs_2/imports/Constraints/PhyConstraint2.xdc:82]
CRITICAL WARNING: [Vivado 12-1420] Debug port 'probe7' was not found. [D:/VivadoProjects/eMMC_Controller_fifo.xpr/eMMC_Controller_4.6.1_tuning.xpr/eMMC_Controller/eMMC_Controller.srcs/constrs_2/imports/Constraints/PhyConstraint2.xdc:82]
Finished Parsing XDC File [D:/VivadoProjects/eMMC_Controller_fifo.xpr/eMMC_Controller_4.6.1_tuning.xpr/eMMC_Controller/eMMC_Controller.srcs/constrs_2/imports/Constraints/PhyConstraint2.xdc]
Parsing XDC File [D:/VivadoProjects/eMMC_Controller_fifo.xpr/eMMC_Controller_4.6.1_tuning.xpr/eMMC_Controller/eMMC_Controller.srcs/constrs_2/imports/Constraints/Timing2.xdc]
WARNING: [Vivado 12-508] No pins matched 'eMMC_controller_inst0/ODDR_inst/C'. [D:/VivadoProjects/eMMC_Controller_fifo.xpr/eMMC_Controller_4.6.1_tuning.xpr/eMMC_Controller/eMMC_Controller.srcs/constrs_2/imports/Constraints/Timing2.xdc:11]
CRITICAL WARNING: [Vivado 12-1387] No valid object(s) found for create_generated_clock constraint with option '-source [get_pins eMMC_controller_inst0/ODDR_inst/C]'. [D:/VivadoProjects/eMMC_Controller_fifo.xpr/eMMC_Controller_4.6.1_tuning.xpr/eMMC_Controller/eMMC_Controller.srcs/constrs_2/imports/Constraints/Timing2.xdc:11]
Resolution: Check if the specified object(s) exists in the current design. If it does, ensure that the correct design hierarchy was specified for the object. If you are working with clocks, make sure create_clock was used to create the clock object before it is referenced.
WARNING: [Vivado 12-508] No pins matched 'eMMC_controller_inst0/ODDR_inst/C'. [D:/VivadoProjects/eMMC_Controller_fifo.xpr/eMMC_Controller_4.6.1_tuning.xpr/eMMC_Controller/eMMC_Controller.srcs/constrs_2/imports/Constraints/Timing2.xdc:12]
CRITICAL WARNING: [Vivado 12-1387] No valid object(s) found for create_generated_clock constraint with option '-source [get_pins eMMC_controller_inst0/ODDR_inst/C]'. [D:/VivadoProjects/eMMC_Controller_fifo.xpr/eMMC_Controller_4.6.1_tuning.xpr/eMMC_Controller/eMMC_Controller.srcs/constrs_2/imports/Constraints/Timing2.xdc:12]
Resolution: Check if the specified object(s) exists in the current design. If it does, ensure that the correct design hierarchy was specified for the object. If you are working with clocks, make sure create_clock was used to create the clock object before it is referenced.
WARNING: [Vivado 12-627] No clocks matched 'fwdClk_200M'. [D:/VivadoProjects/eMMC_Controller_fifo.xpr/eMMC_Controller_4.6.1_tuning.xpr/eMMC_Controller/eMMC_Controller.srcs/constrs_2/imports/Constraints/Timing2.xdc:16]
INFO: [Vivado 12-626] No clocks found. Please use 'create_clock' or 'create_generated_clock' command to create clocks. [D:/VivadoProjects/eMMC_Controller_fifo.xpr/eMMC_Controller_4.6.1_tuning.xpr/eMMC_Controller/eMMC_Controller.srcs/constrs_2/imports/Constraints/Timing2.xdc:16]
CRITICAL WARNING: [Vivado 12-1387] No valid object(s) found for set_output_delay constraint with option '-clock [get_clocks fwdClk_200M]'. [D:/VivadoProjects/eMMC_Controller_fifo.xpr/eMMC_Controller_4.6.1_tuning.xpr/eMMC_Controller/eMMC_Controller.srcs/constrs_2/imports/Constraints/Timing2.xdc:16]
Resolution: Check if the specified object(s) exists in the current design. If it does, ensure that the correct design hierarchy was specified for the object. If you are working with clocks, make sure create_clock was used to create the clock object before it is referenced.
Finished Parsing XDC File [D:/VivadoProjects/eMMC_Controller_fifo.xpr/eMMC_Controller_4.6.1_tuning.xpr/eMMC_Controller/eMMC_Controller.srcs/constrs_2/imports/Constraints/Timing2.xdc]
INFO: [Project 1-538] Using original IP XDC constraints instead of the XDC constraints in dcp 'D:/VivadoProjects/eMMC_Controller_fifo.xpr/eMMC_Controller_4.6.1_tuning.xpr/eMMC_Controller/eMMC_Controller.runs/Command_fifo_synth_1/Command_fifo.dcp'
INFO: [Project 1-538] Using original IP XDC constraints instead of the XDC constraints in dcp 'D:/VivadoProjects/eMMC_Controller_fifo.xpr/eMMC_Controller_4.6.1_tuning.xpr/eMMC_Controller/eMMC_Controller.runs/Command_fifo_synth_1/Command_fifo.dcp'
INFO: [Project 1-538] Using original IP XDC constraints instead of the XDC constraints in dcp 'D:/VivadoProjects/eMMC_Controller_fifo.xpr/eMMC_Controller_4.6.1_tuning.xpr/eMMC_Controller/eMMC_Controller.runs/clk_divided_synth_1/clk_divided.dcp'
INFO: [Project 1-538] Using original IP XDC constraints instead of the XDC constraints in dcp 'D:/VivadoProjects/eMMC_Controller_fifo.xpr/eMMC_Controller_4.6.1_tuning.xpr/eMMC_Controller/eMMC_Controller.runs/Data_fifo_synth_1/Data_fifo.dcp'
INFO: [Project 1-538] Using original IP XDC constraints instead of the XDC constraints in dcp 'D:/VivadoProjects/eMMC_Controller_fifo.xpr/eMMC_Controller_4.6.1_tuning.xpr/eMMC_Controller/eMMC_Controller.runs/Data_fifo_synth_1/Data_fifo.dcp'
INFO: [Project 1-538] Using original IP XDC constraints instead of the XDC constraints in dcp 'D:/VivadoProjects/eMMC_Controller_fifo.xpr/eMMC_Controller_4.6.1_tuning.xpr/eMMC_Controller/eMMC_Controller.runs/Read_data512B_buffer_synth_1/Read_data512B_buffer.dcp'
INFO: [Project 1-538] Using original IP XDC constraints instead of the XDC constraints in dcp 'D:/VivadoProjects/eMMC_Controller_fifo.xpr/eMMC_Controller_4.6.1_tuning.xpr/eMMC_Controller/eMMC_Controller.runs/blk_mem_gen_0_synth_1/blk_mem_gen_0.dcp'
INFO: [Opt 31-140] Inserted 1 IBUFs to IO ports without IO buffers.
INFO: [Opt 31-138] Pushed 0 inverter(s) to 0 load pin(s).
INFO: [Project 1-111] Unisim Transformation Summary:
  A total of 9 instances were transformed.
  IOBUF => IOBUF (IBUF, OBUFT): 9 instances

open_run: Time (s): cpu = 00:00:20 ; elapsed = 00:00:19 . Memory (MB): peak = 2171.539 ; gain = 0.000
delete_debug_port [get_debug_ports {u_ila_0/probe8 }]
set_property mark_debug false [get_nets [list eMMC_controller_inst0/fifo_wr_end_i_1_n_0]]
save_constraints
launch_runs impl_4 -to_step write_bitstream -jobs 2
Writing placer database...
Writing XDEF routing.
Writing XDEF routing logical nets.
Writing XDEF routing special nets.
Write XDEF Complete: Time (s): cpu = 00:00:00 ; elapsed = 00:00:00.074 . Memory (MB): peak = 2171.539 ; gain = 0.000
[Fri Nov 04 14:08:25 2016] Launched impl_4...
Run output will be captured here: D:/VivadoProjects/eMMC_Controller_fifo.xpr/eMMC_Controller_4.6.1_tuning.xpr/eMMC_Controller/eMMC_Controller.runs/impl_4/runme.log
open_hw
connect_hw_server
INFO: [Labtools 27-2285] Connecting to hw_server url TCP:localhost:3121
INFO: [Labtools 27-2222] Launching hw_server...
INFO: [Labtools 27-2221] Launch Output:

****** Xilinx hw_server v2015.4
  **** Build date : Nov 17 2015-18:01:07
    ** Copyright 1986-1999, 2001-2015 Xilinx, Inc. All Rights Reserved.


open_hw_target
INFO: [Labtoolstcl 44-466] Opening hw_target localhost:3121/xilinx_tcf/Digilent/210248686087
set_property PROGRAM.FILE {D:/VivadoProjects/eMMC_Controller_fifo.xpr/eMMC_Controller_4.6.1_tuning.xpr/eMMC_Controller/eMMC_Controller.runs/impl_4/Test_eMMC_Controller.bit} [lindex [get_hw_devices] 1]
set_property PROBES.FILE {D:/VivadoProjects/eMMC_Controller_fifo.xpr/eMMC_Controller_4.6.1_tuning.xpr/eMMC_Controller/eMMC_Controller.runs/impl_4/debug_nets.ltx} [lindex [get_hw_devices] 1]
current_hw_device [lindex [get_hw_devices] 1]
refresh_hw_device [lindex [get_hw_devices] 1]
INFO: [Labtools 27-1435] Device xc7z020 (JTAG device index = 1) is not programmed (DONE status = 0).
set_property PROBES.FILE {D:/VivadoProjects/eMMC_Controller_fifo.xpr/eMMC_Controller_4.6.1_tuning.xpr/eMMC_Controller/eMMC_Controller.runs/impl_4/debug_nets.ltx} [lindex [get_hw_devices] 1]
set_property PROGRAM.FILE {D:/VivadoProjects/eMMC_Controller_fifo.xpr/eMMC_Controller_4.6.1_tuning.xpr/eMMC_Controller/eMMC_Controller.runs/impl_4/Test_eMMC_Controller.bit} [lindex [get_hw_devices] 1]
program_hw_devices [lindex [get_hw_devices] 1]
ERROR: [Labtools 27-3165] End of startup status: LOW
ERROR: [Common 17-39] 'program_hw_devices' failed due to earlier errors.
refresh_hw_device [lindex [get_hw_devices] 1]
INFO: [Labtools 27-1435] Device xc7z020 (JTAG device index = 1) is not programmed (DONE status = 0).
set_property PROBES.FILE {D:/VivadoProjects/eMMC_Controller_fifo.xpr/eMMC_Controller_4.6.1_tuning.xpr/eMMC_Controller/eMMC_Controller.runs/impl_4/debug_nets.ltx} [lindex [get_hw_devices] 1]
set_property PROGRAM.FILE {D:/VivadoProjects/eMMC_Controller_fifo.xpr/eMMC_Controller_4.6.1_tuning.xpr/eMMC_Controller/eMMC_Controller.runs/impl_4/Test_eMMC_Controller.bit} [lindex [get_hw_devices] 1]
program_hw_devices [lindex [get_hw_devices] 1]
INFO: [Labtools 27-3164] End of startup status: HIGH
refresh_hw_device [lindex [get_hw_devices] 1]
INFO: [Labtools 27-2302] Device xc7z020 (JTAG device index = 1) is programmed with a design that has 1 ILA core(s).
display_hw_ila_data [ get_hw_ila_data hw_ila_data_1 -of_objects [get_hw_ilas -of_objects [get_hw_devices xc7z020_1] -filter {CELL_NAME=~"u_ila_0"}]]
WARNING: Simulation object eMMC_controller_inst0/rd_cmd_temp_reg_n_0__2[61] was not found in the design.
run_hw_ila [get_hw_ilas -of_objects [get_hw_devices xc7z020_1] -filter {CELL_NAME=~"u_ila_0"}] -trigger_now
INFO: [Labtools 27-1964] The ILA core 'hw_ila_1' trigger was armed at 2016-Nov-04 14:17:22
wait_on_hw_ila [get_hw_ilas -of_objects [get_hw_devices xc7z020_1] -filter {CELL_NAME=~"u_ila_0"}]
display_hw_ila_data [upload_hw_ila_data [get_hw_ilas -of_objects [get_hw_devices xc7z020_1] -filter {CELL_NAME=~"u_ila_0"}]]
INFO: [Labtools 27-1966] The ILA core 'hw_ila_1' triggered at 2016-Nov-04 14:17:22
run_hw_ila [get_hw_ilas -of_objects [get_hw_devices xc7z020_1] -filter {CELL_NAME=~"u_ila_0"}]
INFO: [Labtools 27-1964] The ILA core 'hw_ila_1' trigger was armed at 2016-Nov-04 14:17:28
wait_on_hw_ila -timeout 0 [get_hw_ilas -of_objects [get_hw_devices xc7z020_1] -filter {CELL_NAME=~"u_ila_0"}]
upload_hw_ila_data [get_hw_ilas -of_objects [get_hw_devices xc7z020_1] -filter {CELL_NAME=~"u_ila_0"}]
WARNING: [Labtools 27-157] hw_ila [hw_ila_1] stopped. No data to upload.
run_hw_ila [get_hw_ilas -of_objects [get_hw_devices xc7z020_1] -filter {CELL_NAME=~"u_ila_0"}] -trigger_now
INFO: [Labtools 27-1964] The ILA core 'hw_ila_1' trigger was armed at 2016-Nov-04 14:17:43
wait_on_hw_ila [get_hw_ilas -of_objects [get_hw_devices xc7z020_1] -filter {CELL_NAME=~"u_ila_0"}]
display_hw_ila_data [upload_hw_ila_data [get_hw_ilas -of_objects [get_hw_devices xc7z020_1] -filter {CELL_NAME=~"u_ila_0"}]]
INFO: [Labtools 27-1966] The ILA core 'hw_ila_1' triggered at 2016-Nov-04 14:17:43
set_property TRIGGER_COMPARE_VALUE eq1'b0 [get_hw_probes eMMC_controller_inst0/rd_cmd_temp_reg_n_0_ -of_objects [get_hw_ilas -of_objects [get_hw_devices xc7z020_1] -filter {CELL_NAME=~"u_ila_0"}]]
run_hw_ila [get_hw_ilas -of_objects [get_hw_devices xc7z020_1] -filter {CELL_NAME=~"u_ila_0"}]
INFO: [Labtools 27-1964] The ILA core 'hw_ila_1' trigger was armed at 2016-Nov-04 14:17:56
wait_on_hw_ila [get_hw_ilas -of_objects [get_hw_devices xc7z020_1] -filter {CELL_NAME=~"u_ila_0"}]
display_hw_ila_data [upload_hw_ila_data [get_hw_ilas -of_objects [get_hw_devices xc7z020_1] -filter {CELL_NAME=~"u_ila_0"}]]
INFO: [Labtools 27-1966] The ILA core 'hw_ila_1' triggered at 2016-Nov-04 14:17:58
add_wave -into {hw_ila_data_1.wcfg} -radix hex {u_ila_0_rd_cmd_temp_reg_n_0_}
set_property TRIGGER_COMPARE_VALUE eq1'b1 [get_hw_probes eMMC_controller_inst0/rd_cmd_temp_reg_n_0_ -of_objects [get_hw_ilas -of_objects [get_hw_devices xc7z020_1] -filter {CELL_NAME=~"u_ila_0"}]]
run_hw_ila [get_hw_ilas -of_objects [get_hw_devices xc7z020_1] -filter {CELL_NAME=~"u_ila_0"}]
INFO: [Labtools 27-1964] The ILA core 'hw_ila_1' trigger was armed at 2016-Nov-04 14:18:47
set_property TRIGGER_COMPARE_VALUE eq5'hXX [get_hw_probes eMMC_controller_inst0/Steps_Curr_State -of_objects [get_hw_ilas -of_objects [get_hw_devices xc7z020_1] -filter {CELL_NAME=~"u_ila_0"}]]
wait_on_hw_ila -timeout 0 [get_hw_ilas -of_objects [get_hw_devices xc7z020_1] -filter {CELL_NAME=~"u_ila_0"}]
upload_hw_ila_data [get_hw_ilas -of_objects [get_hw_devices xc7z020_1] -filter {CELL_NAME=~"u_ila_0"}]
WARNING: [Labtools 27-157] hw_ila [hw_ila_1] stopped. No data to upload.
run_hw_ila [get_hw_ilas -of_objects [get_hw_devices xc7z020_1] -filter {CELL_NAME=~"u_ila_0"}] -trigger_now
INFO: [Labtools 27-1964] The ILA core 'hw_ila_1' trigger was armed at 2016-Nov-04 14:18:54
wait_on_hw_ila [get_hw_ilas -of_objects [get_hw_devices xc7z020_1] -filter {CELL_NAME=~"u_ila_0"}]
display_hw_ila_data [upload_hw_ila_data [get_hw_ilas -of_objects [get_hw_devices xc7z020_1] -filter {CELL_NAME=~"u_ila_0"}]]
INFO: [Labtools 27-1966] The ILA core 'hw_ila_1' triggered at 2016-Nov-04 14:18:54
run_hw_ila [get_hw_ilas -of_objects [get_hw_devices xc7z020_1] -filter {CELL_NAME=~"u_ila_0"}]
INFO: [Labtools 27-1964] The ILA core 'hw_ila_1' trigger was armed at 2016-Nov-04 14:18:57
wait_on_hw_ila [get_hw_ilas -of_objects [get_hw_devices xc7z020_1] -filter {CELL_NAME=~"u_ila_0"}]
display_hw_ila_data [upload_hw_ila_data [get_hw_ilas -of_objects [get_hw_devices xc7z020_1] -filter {CELL_NAME=~"u_ila_0"}]]
INFO: [Labtools 27-1966] The ILA core 'hw_ila_1' triggered at 2016-Nov-04 14:18:59
add_wave -into {hw_ila_data_1.wcfg} -radix hex {u_ila_0_rd_cmd_temp_reg_n_0__1}
save_wave_config {D:/VivadoProjects/eMMC_Controller_fifo.xpr/eMMC_Controller_4.6.1_tuning.xpr/eMMC_Controller/eMMC_Controller.hw/hw_1/wave/hw_ila_data_1/hw_ila_data_1.wcfg}
ERROR: [Xicom 50-38] xicom: Core access failed. Check cable connectivity and that the target board is powered up then use the disconnect_hw_server and connect_hw_server to re-initialize the hardware target. Use open_hw_target to re-register the hardware device.
ERROR: [Xicom 50-38] xicom: Core access failed. Check cable connectivity and that the target board is powered up then use the disconnect_hw_server and connect_hw_server to re-initialize the hardware target. Use open_hw_target to re-register the hardware device.
ERROR: [Xicom 50-38] xicom: Core access failed. Check cable connectivity and that the target board is powered up then use the disconnect_hw_server and connect_hw_server to re-initialize the hardware target. Use open_hw_target to re-register the hardware device.
ERROR: [Xicom 50-38] xicom: Core access failed. Check cable connectivity and that the target board is powered up then use the disconnect_hw_server and connect_hw_server to re-initialize the hardware target. Use open_hw_target to re-register the hardware device.
ERROR: [Xicom 50-38] xicom: Core access failed. Check cable connectivity and that the target board is powered up then use the disconnect_hw_server and connect_hw_server to re-initialize the hardware target. Use open_hw_target to re-register the hardware device.
ERROR: [Xicom 50-38] xicom: Core access failed. Check cable connectivity and that the target board is powered up then use the disconnect_hw_server and connect_hw_server to re-initialize the hardware target. Use open_hw_target to re-register the hardware device.
ERROR: [Xicom 50-38] xicom: Core access failed. Check cable connectivity and that the target board is powered up then use the disconnect_hw_server and connect_hw_server to re-initialize the hardware target. Use open_hw_target to re-register the hardware device.
ERROR: [Xicom 50-38] xicom: Core access failed. Check cable connectivity and that the target board is powered up then use the disconnect_hw_server and connect_hw_server to re-initialize the hardware target. Use open_hw_target to re-register the hardware device.
ERROR: [Xicom 50-38] xicom: Core access failed. Check cable connectivity and that the target board is powered up then use the disconnect_hw_server and connect_hw_server to re-initialize the hardware target. Use open_hw_target to re-register the hardware device.
ERROR: [Xicom 50-38] xicom: Core access failed. Check cable connectivity and that the target board is powered up then use the disconnect_hw_server and connect_hw_server to re-initialize the hardware target. Use open_hw_target to re-register the hardware device.
ERROR: [Xicom 50-38] xicom: Core access failed. Check cable connectivity and that the target board is powered up then use the disconnect_hw_server and connect_hw_server to re-initialize the hardware target. Use open_hw_target to re-register the hardware device.
ERROR: [Xicom 50-38] xicom: Core access failed. Check cable connectivity and that the target board is powered up then use the disconnect_hw_server and connect_hw_server to re-initialize the hardware target. Use open_hw_target to re-register the hardware device.
ERROR: [Xicom 50-38] xicom: Core access failed. Check cable connectivity and that the target board is powered up then use the disconnect_hw_server and connect_hw_server to re-initialize the hardware target. Use open_hw_target to re-register the hardware device.
ERROR: [Xicom 50-38] xicom: Core access failed. Check cable connectivity and that the target board is powered up then use the disconnect_hw_server and connect_hw_server to re-initialize the hardware target. Use open_hw_target to re-register the hardware device.
ERROR: [Xicom 50-38] xicom: Core access failed. Check cable connectivity and that the target board is powered up then use the disconnect_hw_server and connect_hw_server to re-initialize the hardware target. Use open_hw_target to re-register the hardware device.
ERROR: [Xicom 50-38] xicom: Core access failed. Check cable connectivity and that the target board is powered up then use the disconnect_hw_server and connect_hw_server to re-initialize the hardware target. Use open_hw_target to re-register the hardware device.
ERROR: [Xicom 50-38] xicom: Core access failed. Check cable connectivity and that the target board is powered up then use the disconnect_hw_server and connect_hw_server to re-initialize the hardware target. Use open_hw_target to re-register the hardware device.
ERROR: [Xicom 50-38] xicom: Core access failed. Check cable connectivity and that the target board is powered up then use the disconnect_hw_server and connect_hw_server to re-initialize the hardware target. Use open_hw_target to re-register the hardware device.
ERROR: [Xicom 50-38] xicom: Core access failed. Check cable connectivity and that the target board is powered up then use the disconnect_hw_server and connect_hw_server to re-initialize the hardware target. Use open_hw_target to re-register the hardware device.
ERROR: [Xicom 50-38] xicom: Core access failed. Check cable connectivity and that the target board is powered up then use the disconnect_hw_server and connect_hw_server to re-initialize the hardware target. Use open_hw_target to re-register the hardware device.
ERROR: [Xicom 50-38] xicom: Core access failed. Check cable connectivity and that the target board is powered up then use the disconnect_hw_server and connect_hw_server to re-initialize the hardware target. Use open_hw_target to re-register the hardware device.
ERROR: [Xicom 50-38] xicom: Core access failed. Check cable connectivity and that the target board is powered up then use the disconnect_hw_server and connect_hw_server to re-initialize the hardware target. Use open_hw_target to re-register the hardware device.
ERROR: [Xicom 50-38] xicom: Core access failed. Check cable connectivity and that the target board is powered up then use the disconnect_hw_server and connect_hw_server to re-initialize the hardware target. Use open_hw_target to re-register the hardware device.
ERROR: [Xicom 50-38] xicom: Core access failed. Check cable connectivity and that the target board is powered up then use the disconnect_hw_server and connect_hw_server to re-initialize the hardware target. Use open_hw_target to re-register the hardware device.
ERROR: [Xicom 50-38] xicom: Core access failed. Check cable connectivity and that the target board is powered up then use the disconnect_hw_server and connect_hw_server to re-initialize the hardware target. Use open_hw_target to re-register the hardware device.
ERROR: [Xicom 50-38] xicom: Core access failed. Check cable connectivity and that the target board is powered up then use the disconnect_hw_server and connect_hw_server to re-initialize the hardware target. Use open_hw_target to re-register the hardware device.
ERROR: [Xicom 50-38] xicom: Core access failed. Check cable connectivity and that the target board is powered up then use the disconnect_hw_server and connect_hw_server to re-initialize the hardware target. Use open_hw_target to re-register the hardware device.
ERROR: [Xicom 50-38] xicom: Core access failed. Check cable connectivity and that the target board is powered up then use the disconnect_hw_server and connect_hw_server to re-initialize the hardware target. Use open_hw_target to re-register the hardware device.
ERROR: [Xicom 50-38] xicom: Core access failed. Check cable connectivity and that the target board is powered up then use the disconnect_hw_server and connect_hw_server to re-initialize the hardware target. Use open_hw_target to re-register the hardware device.
ERROR: [Xicom 50-38] xicom: Core access failed. Check cable connectivity and that the target board is powered up then use the disconnect_hw_server and connect_hw_server to re-initialize the hardware target. Use open_hw_target to re-register the hardware device.
ERROR: [Xicom 50-38] xicom: Core access failed. Check cable connectivity and that the target board is powered up then use the disconnect_hw_server and connect_hw_server to re-initialize the hardware target. Use open_hw_target to re-register the hardware device.
ERROR: [Xicom 50-38] xicom: Core access failed. Check cable connectivity and that the target board is powered up then use the disconnect_hw_server and connect_hw_server to re-initialize the hardware target. Use open_hw_target to re-register the hardware device.
ERROR: [Xicom 50-38] xicom: Core access failed. Check cable connectivity and that the target board is powered up then use the disconnect_hw_server and connect_hw_server to re-initialize the hardware target. Use open_hw_target to re-register the hardware device.
ERROR: [Xicom 50-38] xicom: Core access failed. Check cable connectivity and that the target board is powered up then use the disconnect_hw_server and connect_hw_server to re-initialize the hardware target. Use open_hw_target to re-register the hardware device.
ERROR: [Xicom 50-38] xicom: Core access failed. Check cable connectivity and that the target board is powered up then use the disconnect_hw_server and connect_hw_server to re-initialize the hardware target. Use open_hw_target to re-register the hardware device.
ERROR: [Xicom 50-38] xicom: Core access failed. Check cable connectivity and that the target board is powered up then use the disconnect_hw_server and connect_hw_server to re-initialize the hardware target. Use open_hw_target to re-register the hardware device.
ERROR: [Xicom 50-38] xicom: Core access failed. Check cable connectivity and that the target board is powered up then use the disconnect_hw_server and connect_hw_server to re-initialize the hardware target. Use open_hw_target to re-register the hardware device.
ERROR: [Xicom 50-38] xicom: Core access failed. Check cable connectivity and that the target board is powered up then use the disconnect_hw_server and connect_hw_server to re-initialize the hardware target. Use open_hw_target to re-register the hardware device.
ERROR: [Xicom 50-38] xicom: Core access failed. Check cable connectivity and that the target board is powered up then use the disconnect_hw_server and connect_hw_server to re-initialize the hardware target. Use open_hw_target to re-register the hardware device.
ERROR: [Xicom 50-38] xicom: Core access failed. Check cable connectivity and that the target board is powered up then use the disconnect_hw_server and connect_hw_server to re-initialize the hardware target. Use open_hw_target to re-register the hardware device.
ERROR: [Xicom 50-38] xicom: Core access failed. Check cable connectivity and that the target board is powered up then use the disconnect_hw_server and connect_hw_server to re-initialize the hardware target. Use open_hw_target to re-register the hardware device.
ERROR: [Xicom 50-38] xicom: Core access failed. Check cable connectivity and that the target board is powered up then use the disconnect_hw_server and connect_hw_server to re-initialize the hardware target. Use open_hw_target to re-register the hardware device.
ERROR: [Xicom 50-38] xicom: Core access failed. Check cable connectivity and that the target board is powered up then use the disconnect_hw_server and connect_hw_server to re-initialize the hardware target. Use open_hw_target to re-register the hardware device.
ERROR: [Xicom 50-38] xicom: Core access failed. Check cable connectivity and that the target board is powered up then use the disconnect_hw_server and connect_hw_server to re-initialize the hardware target. Use open_hw_target to re-register the hardware device.
ERROR: [Xicom 50-38] xicom: Core access failed. Check cable connectivity and that the target board is powered up then use the disconnect_hw_server and connect_hw_server to re-initialize the hardware target. Use open_hw_target to re-register the hardware device.
ERROR: [Xicom 50-38] xicom: Core access failed. Check cable connectivity and that the target board is powered up then use the disconnect_hw_server and connect_hw_server to re-initialize the hardware target. Use open_hw_target to re-register the hardware device.
ERROR: [Xicom 50-38] xicom: Core access failed. Check cable connectivity and that the target board is powered up then use the disconnect_hw_server and connect_hw_server to re-initialize the hardware target. Use open_hw_target to re-register the hardware device.
ERROR: [Xicom 50-38] xicom: Core access failed. Check cable connectivity and that the target board is powered up then use the disconnect_hw_server and connect_hw_server to re-initialize the hardware target. Use open_hw_target to re-register the hardware device.
ERROR: [Xicom 50-38] xicom: Core access failed. Check cable connectivity and that the target board is powered up then use the disconnect_hw_server and connect_hw_server to re-initialize the hardware target. Use open_hw_target to re-register the hardware device.
ERROR: [Xicom 50-38] xicom: Core access failed. Check cable connectivity and that the target board is powered up then use the disconnect_hw_server and connect_hw_server to re-initialize the hardware target. Use open_hw_target to re-register the hardware device.
ERROR: [Xicom 50-38] xicom: Core access failed. Check cable connectivity and that the target board is powered up then use the disconnect_hw_server and connect_hw_server to re-initialize the hardware target. Use open_hw_target to re-register the hardware device.
ERROR: [Xicom 50-38] xicom: Core access failed. Check cable connectivity and that the target board is powered up then use the disconnect_hw_server and connect_hw_server to re-initialize the hardware target. Use open_hw_target to re-register the hardware device.
ERROR: [Xicom 50-38] xicom: Core access failed. Check cable connectivity and that the target board is powered up then use the disconnect_hw_server and connect_hw_server to re-initialize the hardware target. Use open_hw_target to re-register the hardware device.
ERROR: [Xicom 50-38] xicom: Core access failed. Check cable connectivity and that the target board is powered up then use the disconnect_hw_server and connect_hw_server to re-initialize the hardware target. Use open_hw_target to re-register the hardware device.
ERROR: [Xicom 50-38] xicom: Core access failed. Check cable connectivity and that the target board is powered up then use the disconnect_hw_server and connect_hw_server to re-initialize the hardware target. Use open_hw_target to re-register the hardware device.
ERROR: [Xicom 50-38] xicom: Core access failed. Check cable connectivity and that the target board is powered up then use the disconnect_hw_server and connect_hw_server to re-initialize the hardware target. Use open_hw_target to re-register the hardware device.
ERROR: [Xicom 50-38] xicom: Core access failed. Check cable connectivity and that the target board is powered up then use the disconnect_hw_server and connect_hw_server to re-initialize the hardware target. Use open_hw_target to re-register the hardware device.
ERROR: [Xicom 50-38] xicom: Core access failed. Check cable connectivity and that the target board is powered up then use the disconnect_hw_server and connect_hw_server to re-initialize the hardware target. Use open_hw_target to re-register the hardware device.
ERROR: [Xicom 50-38] xicom: Core access failed. Check cable connectivity and that the target board is powered up then use the disconnect_hw_server and connect_hw_server to re-initialize the hardware target. Use open_hw_target to re-register the hardware device.
ERROR: [Xicom 50-38] xicom: Core access failed. Check cable connectivity and that the target board is powered up then use the disconnect_hw_server and connect_hw_server to re-initialize the hardware target. Use open_hw_target to re-register the hardware device.
ERROR: [Xicom 50-38] xicom: Core access failed. Check cable connectivity and that the target board is powered up then use the disconnect_hw_server and connect_hw_server to re-initialize the hardware target. Use open_hw_target to re-register the hardware device.
ERROR: [Xicom 50-38] xicom: Core access failed. Check cable connectivity and that the target board is powered up then use the disconnect_hw_server and connect_hw_server to re-initialize the hardware target. Use open_hw_target to re-register the hardware device.
ERROR: [Xicom 50-38] xicom: Core access failed. Check cable connectivity and that the target board is powered up then use the disconnect_hw_server and connect_hw_server to re-initialize the hardware target. Use open_hw_target to re-register the hardware device.
ERROR: [Xicom 50-38] xicom: Core access failed. Check cable connectivity and that the target board is powered up then use the disconnect_hw_server and connect_hw_server to re-initialize the hardware target. Use open_hw_target to re-register the hardware device.
ERROR: [Xicom 50-38] xicom: Core access failed. Check cable connectivity and that the target board is powered up then use the disconnect_hw_server and connect_hw_server to re-initialize the hardware target. Use open_hw_target to re-register the hardware device.
ERROR: [Xicom 50-38] xicom: Core access failed. Check cable connectivity and that the target board is powered up then use the disconnect_hw_server and connect_hw_server to re-initialize the hardware target. Use open_hw_target to re-register the hardware device.
ERROR: [Xicom 50-38] xicom: Core access failed. Check cable connectivity and that the target board is powered up then use the disconnect_hw_server and connect_hw_server to re-initialize the hardware target. Use open_hw_target to re-register the hardware device.
ERROR: [Xicom 50-38] xicom: Core access failed. Check cable connectivity and that the target board is powered up then use the disconnect_hw_server and connect_hw_server to re-initialize the hardware target. Use open_hw_target to re-register the hardware device.
ERROR: [Xicom 50-38] xicom: Core access failed. Check cable connectivity and that the target board is powered up then use the disconnect_hw_server and connect_hw_server to re-initialize the hardware target. Use open_hw_target to re-register the hardware device.
ERROR: [Xicom 50-38] xicom: Core access failed. Check cable connectivity and that the target board is powered up then use the disconnect_hw_server and connect_hw_server to re-initialize the hardware target. Use open_hw_target to re-register the hardware device.
ERROR: [Xicom 50-38] xicom: Core access failed. Check cable connectivity and that the target board is powered up then use the disconnect_hw_server and connect_hw_server to re-initialize the hardware target. Use open_hw_target to re-register the hardware device.
ERROR: [Xicom 50-38] xicom: Core access failed. Check cable connectivity and that the target board is powered up then use the disconnect_hw_server and connect_hw_server to re-initialize the hardware target. Use open_hw_target to re-register the hardware device.
ERROR: [Xicom 50-38] xicom: Core access failed. Check cable connectivity and that the target board is powered up then use the disconnect_hw_server and connect_hw_server to re-initialize the hardware target. Use open_hw_target to re-register the hardware device.
ERROR: [Xicom 50-38] xicom: Core access failed. Check cable connectivity and that the target board is powered up then use the disconnect_hw_server and connect_hw_server to re-initialize the hardware target. Use open_hw_target to re-register the hardware device.
ERROR: [Xicom 50-38] xicom: Core access failed. Check cable connectivity and that the target board is powered up then use the disconnect_hw_server and connect_hw_server to re-initialize the hardware target. Use open_hw_target to re-register the hardware device.
ERROR: [Xicom 50-38] xicom: Core access failed. Check cable connectivity and that the target board is powered up then use the disconnect_hw_server and connect_hw_server to re-initialize the hardware target. Use open_hw_target to re-register the hardware device.
ERROR: [Xicom 50-38] xicom: Core access failed. Check cable connectivity and that the target board is powered up then use the disconnect_hw_server and connect_hw_server to re-initialize the hardware target. Use open_hw_target to re-register the hardware device.
ERROR: [Xicom 50-38] xicom: Core access failed. Check cable connectivity and that the target board is powered up then use the disconnect_hw_server and connect_hw_server to re-initialize the hardware target. Use open_hw_target to re-register the hardware device.
ERROR: [Xicom 50-38] xicom: Core access failed. Check cable connectivity and that the target board is powered up then use the disconnect_hw_server and connect_hw_server to re-initialize the hardware target. Use open_hw_target to re-register the hardware device.
ERROR: [Xicom 50-38] xicom: Core access failed. Check cable connectivity and that the target board is powered up then use the disconnect_hw_server and connect_hw_server to re-initialize the hardware target. Use open_hw_target to re-register the hardware device.
ERROR: [Xicom 50-38] xicom: Core access failed. Check cable connectivity and that the target board is powered up then use the disconnect_hw_server and connect_hw_server to re-initialize the hardware target. Use open_hw_target to re-register the hardware device.
ERROR: [Xicom 50-38] xicom: Core access failed. Check cable connectivity and that the target board is powered up then use the disconnect_hw_server and connect_hw_server to re-initialize the hardware target. Use open_hw_target to re-register the hardware device.
ERROR: [Xicom 50-38] xicom: Core access failed. Check cable connectivity and that the target board is powered up then use the disconnect_hw_server and connect_hw_server to re-initialize the hardware target. Use open_hw_target to re-register the hardware device.
ERROR: [Xicom 50-38] xicom: Core access failed. Check cable connectivity and that the target board is powered up then use the disconnect_hw_server and connect_hw_server to re-initialize the hardware target. Use open_hw_target to re-register the hardware device.
ERROR: [Xicom 50-38] xicom: Core access failed. Check cable connectivity and that the target board is powered up then use the disconnect_hw_server and connect_hw_server to re-initialize the hardware target. Use open_hw_target to re-register the hardware device.
ERROR: [Xicom 50-38] xicom: Core access failed. Check cable connectivity and that the target board is powered up then use the disconnect_hw_server and connect_hw_server to re-initialize the hardware target. Use open_hw_target to re-register the hardware device.
ERROR: [Xicom 50-38] xicom: Core access failed. Check cable connectivity and that the target board is powered up then use the disconnect_hw_server and connect_hw_server to re-initialize the hardware target. Use open_hw_target to re-register the hardware device.
ERROR: [Xicom 50-38] xicom: Core access failed. Check cable connectivity and that the target board is powered up then use the disconnect_hw_server and connect_hw_server to re-initialize the hardware target. Use open_hw_target to re-register the hardware device.
ERROR: [Xicom 50-38] xicom: Core access failed. Check cable connectivity and that the target board is powered up then use the disconnect_hw_server and connect_hw_server to re-initialize the hardware target. Use open_hw_target to re-register the hardware device.
ERROR: [Xicom 50-38] xicom: Core access failed. Check cable connectivity and that the target board is powered up then use the disconnect_hw_server and connect_hw_server to re-initialize the hardware target. Use open_hw_target to re-register the hardware device.
ERROR: [Xicom 50-38] xicom: Core access failed. Check cable connectivity and that the target board is powered up then use the disconnect_hw_server and connect_hw_server to re-initialize the hardware target. Use open_hw_target to re-register the hardware device.
ERROR: [Xicom 50-38] xicom: Core access failed. Check cable connectivity and that the target board is powered up then use the disconnect_hw_server and connect_hw_server to re-initialize the hardware target. Use open_hw_target to re-register the hardware device.
ERROR: [Xicom 50-38] xicom: Core access failed. Check cable connectivity and that the target board is powered up then use the disconnect_hw_server and connect_hw_server to re-initialize the hardware target. Use open_hw_target to re-register the hardware device.
ERROR: [Xicom 50-38] xicom: Core access failed. Check cable connectivity and that the target board is powered up then use the disconnect_hw_server and connect_hw_server to re-initialize the hardware target. Use open_hw_target to re-register the hardware device.
ERROR: [Xicom 50-38] xicom: Core access failed. Check cable connectivity and that the target board is powered up then use the disconnect_hw_server and connect_hw_server to re-initialize the hardware target. Use open_hw_target to re-register the hardware device.
ERROR: [Xicom 50-38] xicom: Core access failed. Check cable connectivity and that the target board is powered up then use the disconnect_hw_server and connect_hw_server to re-initialize the hardware target. Use open_hw_target to re-register the hardware device.
ERROR: [Xicom 50-38] xicom: Core access failed. Check cable connectivity and that the target board is powered up then use the disconnect_hw_server and connect_hw_server to re-initialize the hardware target. Use open_hw_target to re-register the hardware device.
ERROR: [Xicom 50-38] xicom: Core access failed. Check cable connectivity and that the target board is powered up then use the disconnect_hw_server and connect_hw_server to re-initialize the hardware target. Use open_hw_target to re-register the hardware device.
ERROR: [Xicom 50-38] xicom: Core access failed. Check cable connectivity and that the target board is powered up then use the disconnect_hw_server and connect_hw_server to re-initialize the hardware target. Use open_hw_target to re-register the hardware device.
ERROR: [Xicom 50-38] xicom: Core access failed. Check cable connectivity and that the target board is powered up then use the disconnect_hw_server and connect_hw_server to re-initialize the hardware target. Use open_hw_target to re-register the hardware device.
INFO: [Common 17-14] Message 'Xicom 50-38' appears 100 times and further instances of the messages will be disabled. Use the Tcl command set_msg_config to change the current settings.
ERROR: [Xicom 50-38] xicom: Core access failed. Check cable connectivity and that the target board is powered up then use the disconnect_hw_server and connect_hw_server to re-initialize the hardware target. Use open_hw_target to re-register the hardware device.
ERROR: [Xicom 50-38] xicom: Core access failed. Check cable connectivity and that the target board is powered up then use the disconnect_hw_server and connect_hw_server to re-initialize the hardware target. Use open_hw_target to re-register the hardware device.
ERROR: [Xicom 50-38] xicom: Core access failed. Check cable connectivity and that the target board is powered up then use the disconnect_hw_server and connect_hw_server to re-initialize the hardware target. Use open_hw_target to re-register the hardware device.
ERROR: [Xicom 50-38] xicom: Core access failed. Check cable connectivity and that the target board is powered up then use the disconnect_hw_server and connect_hw_server to re-initialize the hardware target. Use open_hw_target to re-register the hardware device.
ERROR: [Xicom 50-38] xicom: Core access failed. Check cable connectivity and that the target board is powered up then use the disconnect_hw_server and connect_hw_server to re-initialize the hardware target. Use open_hw_target to re-register the hardware device.
ERROR: [Xicom 50-38] xicom: Core access failed. Check cable connectivity and that the target board is powered up then use the disconnect_hw_server and connect_hw_server to re-initialize the hardware target. Use open_hw_target to re-register the hardware device.
ERROR: [Xicom 50-38] xicom: Core access failed. Check cable connectivity and that the target board is powered up then use the disconnect_hw_server and connect_hw_server to re-initialize the hardware target. Use open_hw_target to re-register the hardware device.
ERROR: [Xicom 50-38] xicom: Core access failed. Check cable connectivity and that the target board is powered up then use the disconnect_hw_server and connect_hw_server to re-initialize the hardware target. Use open_hw_target to re-register the hardware device.
ERROR: [Xicom 50-38] xicom: Core access failed. Check cable connectivity and that the target board is powered up then use the disconnect_hw_server and connect_hw_server to re-initialize the hardware target. Use open_hw_target to re-register the hardware device.
ERROR: [Xicom 50-38] xicom: Core access failed. Check cable connectivity and that the target board is powered up then use the disconnect_hw_server and connect_hw_server to re-initialize the hardware target. Use open_hw_target to re-register the hardware device.
ERROR: [Xicom 50-38] xicom: Core access failed. Check cable connectivity and that the target board is powered up then use the disconnect_hw_server and connect_hw_server to re-initialize the hardware target. Use open_hw_target to re-register the hardware device.
ERROR: [Xicom 50-38] xicom: Core access failed. Check cable connectivity and that the target board is powered up then use the disconnect_hw_server and connect_hw_server to re-initialize the hardware target. Use open_hw_target to re-register the hardware device.
ERROR: [Xicom 50-38] xicom: Core access failed. Check cable connectivity and that the target board is powered up then use the disconnect_hw_server and connect_hw_server to re-initialize the hardware target. Use open_hw_target to re-register the hardware device.
ERROR: [Xicom 50-38] xicom: Core access failed. Check cable connectivity and that the target board is powered up then use the disconnect_hw_server and connect_hw_server to re-initialize the hardware target. Use open_hw_target to re-register the hardware device.
ERROR: [Xicom 50-38] xicom: Core access failed. Check cable connectivity and that the target board is powered up then use the disconnect_hw_server and connect_hw_server to re-initialize the hardware target. Use open_hw_target to re-register the hardware device.
ERROR: [Xicom 50-38] xicom: Core access failed. Check cable connectivity and that the target board is powered up then use the disconnect_hw_server and connect_hw_server to re-initialize the hardware target. Use open_hw_target to re-register the hardware device.
ERROR: [Xicom 50-38] xicom: Core access failed. Check cable connectivity and that the target board is powered up then use the disconnect_hw_server and connect_hw_server to re-initialize the hardware target. Use open_hw_target to re-register the hardware device.
ERROR: [Xicom 50-38] xicom: Core access failed. Check cable connectivity and that the target board is powered up then use the disconnect_hw_server and connect_hw_server to re-initialize the hardware target. Use open_hw_target to re-register the hardware device.
ERROR: [Xicom 50-38] xicom: Core access failed. Check cable connectivity and that the target board is powered up then use the disconnect_hw_server and connect_hw_server to re-initialize the hardware target. Use open_hw_target to re-register the hardware device.
ERROR: [Xicom 50-38] xicom: Core access failed. Check cable connectivity and that the target board is powered up then use the disconnect_hw_server and connect_hw_server to re-initialize the hardware target. Use open_hw_target to re-register the hardware device.
ERROR: [Xicom 50-38] xicom: Core access failed. Check cable connectivity and that the target board is powered up then use the disconnect_hw_server and connect_hw_server to re-initialize the hardware target. Use open_hw_target to re-register the hardware device.
ERROR: [Xicom 50-38] xicom: Core access failed. Check cable connectivity and that the target board is powered up then use the disconnect_hw_server and connect_hw_server to re-initialize the hardware target. Use open_hw_target to re-register the hardware device.
ERROR: [Xicom 50-38] xicom: Core access failed. Check cable connectivity and that the target board is powered up then use the disconnect_hw_server and connect_hw_server to re-initialize the hardware target. Use open_hw_target to re-register the hardware device.
ERROR: [Xicom 50-38] xicom: Core access failed. Check cable connectivity and that the target board is powered up then use the disconnect_hw_server and connect_hw_server to re-initialize the hardware target. Use open_hw_target to re-register the hardware device.
ERROR: [Xicom 50-38] xicom: Core access failed. Check cable connectivity and that the target board is powered up then use the disconnect_hw_server and connect_hw_server to re-initialize the hardware target. Use open_hw_target to re-register the hardware device.
ERROR: [Xicom 50-38] xicom: Core access failed. Check cable connectivity and that the target board is powered up then use the disconnect_hw_server and connect_hw_server to re-initialize the hardware target. Use open_hw_target to re-register the hardware device.
ERROR: [Xicom 50-38] xicom: Core access failed. Check cable connectivity and that the target board is powered up then use the disconnect_hw_server and connect_hw_server to re-initialize the hardware target. Use open_hw_target to re-register the hardware device.
ERROR: [Xicom 50-38] xicom: Core access failed. Check cable connectivity and that the target board is powered up then use the disconnect_hw_server and connect_hw_server to re-initialize the hardware target. Use open_hw_target to re-register the hardware device.
ERROR: [Xicom 50-38] xicom: Core access failed. Check cable connectivity and that the target board is powered up then use the disconnect_hw_server and connect_hw_server to re-initialize the hardware target. Use open_hw_target to re-register the hardware device.
ERROR: [Xicom 50-38] xicom: Core access failed. Check cable connectivity and that the target board is powered up then use the disconnect_hw_server and connect_hw_server to re-initialize the hardware target. Use open_hw_target to re-register the hardware device.
ERROR: [Xicom 50-38] xicom: Core access failed. Check cable connectivity and that the target board is powered up then use the disconnect_hw_server and connect_hw_server to re-initialize the hardware target. Use open_hw_target to re-register the hardware device.
ERROR: [Xicom 50-38] xicom: Core access failed. Check cable connectivity and that the target board is powered up then use the disconnect_hw_server and connect_hw_server to re-initialize the hardware target. Use open_hw_target to re-register the hardware device.
ERROR: [Xicom 50-38] xicom: Core access failed. Check cable connectivity and that the target board is powered up then use the disconnect_hw_server and connect_hw_server to re-initialize the hardware target. Use open_hw_target to re-register the hardware device.
ERROR: [Xicom 50-38] xicom: Core access failed. Check cable connectivity and that the target board is powered up then use the disconnect_hw_server and connect_hw_server to re-initialize the hardware target. Use open_hw_target to re-register the hardware device.
ERROR: [Xicom 50-38] xicom: Core access failed. Check cable connectivity and that the target board is powered up then use the disconnect_hw_server and connect_hw_server to re-initialize the hardware target. Use open_hw_target to re-register the hardware device.
ERROR: [Xicom 50-38] xicom: Core access failed. Check cable connectivity and that the target board is powered up then use the disconnect_hw_server and connect_hw_server to re-initialize the hardware target. Use open_hw_target to re-register the hardware device.
ERROR: [Xicom 50-38] xicom: Core access failed. Check cable connectivity and that the target board is powered up then use the disconnect_hw_server and connect_hw_server to re-initialize the hardware target. Use open_hw_target to re-register the hardware device.
ERROR: [Xicom 50-38] xicom: Core access failed. Check cable connectivity and that the target board is powered up then use the disconnect_hw_server and connect_hw_server to re-initialize the hardware target. Use open_hw_target to re-register the hardware device.
ERROR: [Xicom 50-38] xicom: Core access failed. Check cable connectivity and that the target board is powered up then use the disconnect_hw_server and connect_hw_server to re-initialize the hardware target. Use open_hw_target to re-register the hardware device.
ERROR: [Xicom 50-38] xicom: Core access failed. Check cable connectivity and that the target board is powered up then use the disconnect_hw_server and connect_hw_server to re-initialize the hardware target. Use open_hw_target to re-register the hardware device.
ERROR: [Xicom 50-38] xicom: Core access failed. Check cable connectivity and that the target board is powered up then use the disconnect_hw_server and connect_hw_server to re-initialize the hardware target. Use open_hw_target to re-register the hardware device.
ERROR: [Xicom 50-38] xicom: Core access failed. Check cable connectivity and that the target board is powered up then use the disconnect_hw_server and connect_hw_server to re-initialize the hardware target. Use open_hw_target to re-register the hardware device.
ERROR: [Xicom 50-38] xicom: Core access failed. Check cable connectivity and that the target board is powered up then use the disconnect_hw_server and connect_hw_server to re-initialize the hardware target. Use open_hw_target to re-register the hardware device.
ERROR: [Xicom 50-38] xicom: Core access failed. Check cable connectivity and that the target board is powered up then use the disconnect_hw_server and connect_hw_server to re-initialize the hardware target. Use open_hw_target to re-register the hardware device.
ERROR: [Xicom 50-38] xicom: Core access failed. Check cable connectivity and that the target board is powered up then use the disconnect_hw_server and connect_hw_server to re-initialize the hardware target. Use open_hw_target to re-register the hardware device.
ERROR: [Xicom 50-38] xicom: Core access failed. Check cable connectivity and that the target board is powered up then use the disconnect_hw_server and connect_hw_server to re-initialize the hardware target. Use open_hw_target to re-register the hardware device.
ERROR: [Xicom 50-38] xicom: Core access failed. Check cable connectivity and that the target board is powered up then use the disconnect_hw_server and connect_hw_server to re-initialize the hardware target. Use open_hw_target to re-register the hardware device.
ERROR: [Xicom 50-38] xicom: Core access failed. Check cable connectivity and that the target board is powered up then use the disconnect_hw_server and connect_hw_server to re-initialize the hardware target. Use open_hw_target to re-register the hardware device.
ERROR: [Xicom 50-38] xicom: Core access failed. Check cable connectivity and that the target board is powered up then use the disconnect_hw_server and connect_hw_server to re-initialize the hardware target. Use open_hw_target to re-register the hardware device.
ERROR: [Xicom 50-38] xicom: Core access failed. Check cable connectivity and that the target board is powered up then use the disconnect_hw_server and connect_hw_server to re-initialize the hardware target. Use open_hw_target to re-register the hardware device.
ERROR: [Xicom 50-38] xicom: Core access failed. Check cable connectivity and that the target board is powered up then use the disconnect_hw_server and connect_hw_server to re-initialize the hardware target. Use open_hw_target to re-register the hardware device.
ERROR: [Xicom 50-38] xicom: Core access failed. Check cable connectivity and that the target board is powered up then use the disconnect_hw_server and connect_hw_server to re-initialize the hardware target. Use open_hw_target to re-register the hardware device.
ERROR: [Xicom 50-38] xicom: Core access failed. Check cable connectivity and that the target board is powered up then use the disconnect_hw_server and connect_hw_server to re-initialize the hardware target. Use open_hw_target to re-register the hardware device.
ERROR: [Xicom 50-38] xicom: Core access failed. Check cable connectivity and that the target board is powered up then use the disconnect_hw_server and connect_hw_server to re-initialize the hardware target. Use open_hw_target to re-register the hardware device.
ERROR: [Xicom 50-38] xicom: Core access failed. Check cable connectivity and that the target board is powered up then use the disconnect_hw_server and connect_hw_server to re-initialize the hardware target. Use open_hw_target to re-register the hardware device.
ERROR: [Xicom 50-38] xicom: Core access failed. Check cable connectivity and that the target board is powered up then use the disconnect_hw_server and connect_hw_server to re-initialize the hardware target. Use open_hw_target to re-register the hardware device.
ERROR: [Xicom 50-38] xicom: Core access failed. Check cable connectivity and that the target board is powered up then use the disconnect_hw_server and connect_hw_server to re-initialize the hardware target. Use open_hw_target to re-register the hardware device.
ERROR: [Xicom 50-38] xicom: Core access failed. Check cable connectivity and that the target board is powered up then use the disconnect_hw_server and connect_hw_server to re-initialize the hardware target. Use open_hw_target to re-register the hardware device.
ERROR: [Xicom 50-38] xicom: Core access failed. Check cable connectivity and that the target board is powered up then use the disconnect_hw_server and connect_hw_server to re-initialize the hardware target. Use open_hw_target to re-register the hardware device.
ERROR: [Xicom 50-38] xicom: Core access failed. Check cable connectivity and that the target board is powered up then use the disconnect_hw_server and connect_hw_server to re-initialize the hardware target. Use open_hw_target to re-register the hardware device.
ERROR: [Xicom 50-38] xicom: Core access failed. Check cable connectivity and that the target board is powered up then use the disconnect_hw_server and connect_hw_server to re-initialize the hardware target. Use open_hw_target to re-register the hardware device.
ERROR: [Xicom 50-38] xicom: Core access failed. Check cable connectivity and that the target board is powered up then use the disconnect_hw_server and connect_hw_server to re-initialize the hardware target. Use open_hw_target to re-register the hardware device.
ERROR: [Xicom 50-38] xicom: Core access failed. Check cable connectivity and that the target board is powered up then use the disconnect_hw_server and connect_hw_server to re-initialize the hardware target. Use open_hw_target to re-register the hardware device.
ERROR: [Xicom 50-38] xicom: Core access failed. Check cable connectivity and that the target board is powered up then use the disconnect_hw_server and connect_hw_server to re-initialize the hardware target. Use open_hw_target to re-register the hardware device.
ERROR: [Xicom 50-38] xicom: Core access failed. Check cable connectivity and that the target board is powered up then use the disconnect_hw_server and connect_hw_server to re-initialize the hardware target. Use open_hw_target to re-register the hardware device.
ERROR: [Xicom 50-38] xicom: Core access failed. Check cable connectivity and that the target board is powered up then use the disconnect_hw_server and connect_hw_server to re-initialize the hardware target. Use open_hw_target to re-register the hardware device.
ERROR: [Xicom 50-38] xicom: Core access failed. Check cable connectivity and that the target board is powered up then use the disconnect_hw_server and connect_hw_server to re-initialize the hardware target. Use open_hw_target to re-register the hardware device.
ERROR: [Xicom 50-38] xicom: Core access failed. Check cable connectivity and that the target board is powered up then use the disconnect_hw_server and connect_hw_server to re-initialize the hardware target. Use open_hw_target to re-register the hardware device.
ERROR: [Xicom 50-38] xicom: Core access failed. Check cable connectivity and that the target board is powered up then use the disconnect_hw_server and connect_hw_server to re-initialize the hardware target. Use open_hw_target to re-register the hardware device.
ERROR: [Xicom 50-38] xicom: Core access failed. Check cable connectivity and that the target board is powered up then use the disconnect_hw_server and connect_hw_server to re-initialize the hardware target. Use open_hw_target to re-register the hardware device.
ERROR: [Xicom 50-38] xicom: Core access failed. Check cable connectivity and that the target board is powered up then use the disconnect_hw_server and connect_hw_server to re-initialize the hardware target. Use open_hw_target to re-register the hardware device.
ERROR: [Xicom 50-38] xicom: Core access failed. Check cable connectivity and that the target board is powered up then use the disconnect_hw_server and connect_hw_server to re-initialize the hardware target. Use open_hw_target to re-register the hardware device.
ERROR: [Xicom 50-38] xicom: Core access failed. Check cable connectivity and that the target board is powered up then use the disconnect_hw_server and connect_hw_server to re-initialize the hardware target. Use open_hw_target to re-register the hardware device.
ERROR: [Xicom 50-38] xicom: Core access failed. Check cable connectivity and that the target board is powered up then use the disconnect_hw_server and connect_hw_server to re-initialize the hardware target. Use open_hw_target to re-register the hardware device.
ERROR: [Xicom 50-38] xicom: Core access failed. Check cable connectivity and that the target board is powered up then use the disconnect_hw_server and connect_hw_server to re-initialize the hardware target. Use open_hw_target to re-register the hardware device.
ERROR: [Xicom 50-38] xicom: Core access failed. Check cable connectivity and that the target board is powered up then use the disconnect_hw_server and connect_hw_server to re-initialize the hardware target. Use open_hw_target to re-register the hardware device.
ERROR: [Xicom 50-38] xicom: Core access failed. Check cable connectivity and that the target board is powered up then use the disconnect_hw_server and connect_hw_server to re-initialize the hardware target. Use open_hw_target to re-register the hardware device.
ERROR: [Xicom 50-38] xicom: Core access failed. Check cable connectivity and that the target board is powered up then use the disconnect_hw_server and connect_hw_server to re-initialize the hardware target. Use open_hw_target to re-register the hardware device.
ERROR: [Xicom 50-38] xicom: Core access failed. Check cable connectivity and that the target board is powered up then use the disconnect_hw_server and connect_hw_server to re-initialize the hardware target. Use open_hw_target to re-register the hardware device.
ERROR: [Xicom 50-38] xicom: Core access failed. Check cable connectivity and that the target board is powered up then use the disconnect_hw_server and connect_hw_server to re-initialize the hardware target. Use open_hw_target to re-register the hardware device.
ERROR: [Xicom 50-38] xicom: Core access failed. Check cable connectivity and that the target board is powered up then use the disconnect_hw_server and connect_hw_server to re-initialize the hardware target. Use open_hw_target to re-register the hardware device.
ERROR: [Xicom 50-38] xicom: Core access failed. Check cable connectivity and that the target board is powered up then use the disconnect_hw_server and connect_hw_server to re-initialize the hardware target. Use open_hw_target to re-register the hardware device.
ERROR: [Xicom 50-38] xicom: Core access failed. Check cable connectivity and that the target board is powered up then use the disconnect_hw_server and connect_hw_server to re-initialize the hardware target. Use open_hw_target to re-register the hardware device.
ERROR: [Xicom 50-38] xicom: Core access failed. Check cable connectivity and that the target board is powered up then use the disconnect_hw_server and connect_hw_server to re-initialize the hardware target. Use open_hw_target to re-register the hardware device.
ERROR: [Xicom 50-38] xicom: Core access failed. Check cable connectivity and that the target board is powered up then use the disconnect_hw_server and connect_hw_server to re-initialize the hardware target. Use open_hw_target to re-register the hardware device.
ERROR: [Xicom 50-38] xicom: Core access failed. Check cable connectivity and that the target board is powered up then use the disconnect_hw_server and connect_hw_server to re-initialize the hardware target. Use open_hw_target to re-register the hardware device.
close_hw
reset_run synth_4
launch_runs synth_4 -jobs 2
INFO: [HDL 9-2216] Analyzing Verilog file "D:/VivadoProjects/eMMC_Controller_fifo.xpr/eMMC_Controller_4.6.1_tuning.xpr/eMMC_Controller/eMMC_Controller.srcs/sources_1/imports/sources/CRC16.v" into library work [D:/VivadoProjects/eMMC_Controller_fifo.xpr/eMMC_Controller_4.6.1_tuning.xpr/eMMC_Controller/eMMC_Controller.srcs/sources_1/imports/sources/CRC16.v:1]
INFO: [HDL 9-2216] Analyzing Verilog file "D:/VivadoProjects/eMMC_Controller_fifo.xpr/eMMC_Controller_4.6.1_tuning.xpr/eMMC_Controller/eMMC_Controller.srcs/sources_1/imports/sources/CRC16_Check.v" into library work [D:/VivadoProjects/eMMC_Controller_fifo.xpr/eMMC_Controller_4.6.1_tuning.xpr/eMMC_Controller/eMMC_Controller.srcs/sources_1/imports/sources/CRC16_Check.v:1]
INFO: [HDL 9-2216] Analyzing Verilog file "D:/VivadoProjects/eMMC_Controller_fifo.xpr/eMMC_Controller_4.6.1_tuning.xpr/eMMC_Controller/eMMC_Controller.srcs/sources_1/imports/sources/CRC7.v" into library work [D:/VivadoProjects/eMMC_Controller_fifo.xpr/eMMC_Controller_4.6.1_tuning.xpr/eMMC_Controller/eMMC_Controller.srcs/sources_1/imports/sources/CRC7.v:1]
INFO: [HDL 9-2216] Analyzing Verilog file "D:/VivadoProjects/eMMC_Controller_fifo.xpr/eMMC_Controller_4.6.1_tuning.xpr/eMMC_Controller/eMMC_Controller.srcs/sources_1/imports/sources/CRC7_400K.v" into library work [D:/VivadoProjects/eMMC_Controller_fifo.xpr/eMMC_Controller_4.6.1_tuning.xpr/eMMC_Controller/eMMC_Controller.srcs/sources_1/imports/sources/CRC7_400K.v:1]
INFO: [HDL 9-2216] Analyzing Verilog file "D:/VivadoProjects/eMMC_Controller_fifo.xpr/eMMC_Controller_4.6.1_tuning.xpr/eMMC_Controller/eMMC_Controller.srcs/sources_1/imports/sources/CRC7_Check.v" into library work [D:/VivadoProjects/eMMC_Controller_fifo.xpr/eMMC_Controller_4.6.1_tuning.xpr/eMMC_Controller/eMMC_Controller.srcs/sources_1/imports/sources/CRC7_Check.v:1]
INFO: [HDL 9-2216] Analyzing Verilog file "D:/VivadoProjects/eMMC_Controller_fifo.xpr/eMMC_Controller_4.6.1_tuning.xpr/eMMC_Controller/eMMC_Controller.srcs/sources_1/imports/sources/Test_eMMC_Controller.v" into library work [D:/VivadoProjects/eMMC_Controller_fifo.xpr/eMMC_Controller_4.6.1_tuning.xpr/eMMC_Controller/eMMC_Controller.srcs/sources_1/imports/sources/Test_eMMC_Controller.v:1]
INFO: [HDL 9-2216] Analyzing Verilog file "D:/VivadoProjects/eMMC_Controller_fifo.xpr/eMMC_Controller_4.6.1_tuning.xpr/eMMC_Controller/eMMC_Controller.srcs/sources_1/imports/sources/eMMC_controller.v" into library work [D:/VivadoProjects/eMMC_Controller_fifo.xpr/eMMC_Controller_4.6.1_tuning.xpr/eMMC_Controller/eMMC_Controller.srcs/sources_1/imports/sources/eMMC_controller.v:1]
INFO: [HDL 9-1065] Parsing verilog file "D:/VivadoProjects/eMMC_Controller_fifo.xpr/eMMC_Controller_4.6.1_tuning.xpr/eMMC_Controller/eMMC_Controller.srcs/sources_1/imports/sources/Define.vh" included at line 23. [D:/VivadoProjects/eMMC_Controller_fifo.xpr/eMMC_Controller_4.6.1_tuning.xpr/eMMC_Controller/eMMC_Controller.srcs/sources_1/imports/sources/eMMC_controller.v:23]
INFO: [HDL 9-1065] Parsing verilog file "D:/VivadoProjects/eMMC_Controller_fifo.xpr/eMMC_Controller_4.6.1_tuning.xpr/eMMC_Controller/eMMC_Controller.srcs/sources_1/imports/sources/log2.vh" included at line 62. [D:/VivadoProjects/eMMC_Controller_fifo.xpr/eMMC_Controller_4.6.1_tuning.xpr/eMMC_Controller/eMMC_Controller.srcs/sources_1/imports/sources/eMMC_controller.v:62]
INFO: [HDL 9-1065] Parsing verilog file "D:/VivadoProjects/eMMC_Controller_fifo.xpr/eMMC_Controller_4.6.1_tuning.xpr/eMMC_Controller/eMMC_Controller.srcs/sources_1/imports/sources/Parameter.vh" included at line 63. [D:/VivadoProjects/eMMC_Controller_fifo.xpr/eMMC_Controller_4.6.1_tuning.xpr/eMMC_Controller/eMMC_Controller.srcs/sources_1/imports/sources/eMMC_controller.v:63]
[Fri Nov 04 14:23:19 2016] Launched synth_4...
Run output will be captured here: D:/VivadoProjects/eMMC_Controller_fifo.xpr/eMMC_Controller_4.6.1_tuning.xpr/eMMC_Controller/eMMC_Controller.runs/synth_4/runme.log
close_design
open_run synth_4 -name synth_4
Design is defaulting to impl run constrset: constrs_2
Design is defaulting to synth run part: xc7z020clg484-1
INFO: [Project 1-454] Reading design checkpoint 'D:/VivadoProjects/eMMC_Controller_fifo.xpr/eMMC_Controller_4.6.1_tuning.xpr/eMMC_Controller/eMMC_Controller.runs/Command_fifo_synth_1/Command_fifo.dcp' for cell 'eMMC_controller_inst0/Command_fifo_inst0'
INFO: [Project 1-454] Reading design checkpoint 'D:/VivadoProjects/eMMC_Controller_fifo.xpr/eMMC_Controller_4.6.1_tuning.xpr/eMMC_Controller/eMMC_Controller.runs/Command_fifo_synth_1/Command_fifo.dcp' for cell 'eMMC_controller_inst0/Finished_Cmd_fifo_inst0'
INFO: [Project 1-454] Reading design checkpoint 'D:/VivadoProjects/eMMC_Controller_fifo.xpr/eMMC_Controller_4.6.1_tuning.xpr/eMMC_Controller/eMMC_Controller.runs/clk_divided_synth_1/clk_divided.dcp' for cell 'gen_clks'
INFO: [Project 1-454] Reading design checkpoint 'D:/VivadoProjects/eMMC_Controller_fifo.xpr/eMMC_Controller_4.6.1_tuning.xpr/eMMC_Controller/eMMC_Controller.runs/Data_fifo_synth_1/Data_fifo.dcp' for cell 'eMMC_controller_inst0/Read_buffer_final'
INFO: [Project 1-454] Reading design checkpoint 'D:/VivadoProjects/eMMC_Controller_fifo.xpr/eMMC_Controller_4.6.1_tuning.xpr/eMMC_Controller/eMMC_Controller.runs/Data_fifo_synth_1/Data_fifo.dcp' for cell 'eMMC_controller_inst0/Wr_data_fifo_inst0'
INFO: [Project 1-454] Reading design checkpoint 'D:/VivadoProjects/eMMC_Controller_fifo.xpr/eMMC_Controller_4.6.1_tuning.xpr/eMMC_Controller/eMMC_Controller.runs/Read_data512B_buffer_synth_1/Read_data512B_buffer.dcp' for cell 'eMMC_controller_inst0/Read_buffer_inst0'
INFO: [Project 1-454] Reading design checkpoint 'D:/VivadoProjects/eMMC_Controller_fifo.xpr/eMMC_Controller_4.6.1_tuning.xpr/eMMC_Controller/eMMC_Controller.runs/blk_mem_gen_0_synth_1/blk_mem_gen_0.dcp' for cell 'eMMC_controller_inst0/write_buffer_inst0'
INFO: [Netlist 29-17] Analyzing 78 Unisim elements for replacement
INFO: [Netlist 29-28] Unisim Transformation completed in 0 CPU seconds
INFO: [Project 1-479] Netlist was created with Vivado 2015.4
INFO: [Project 1-570] Preparing netlist for logic optimization
Parsing XDC File [d:/VivadoProjects/eMMC_Controller_fifo.xpr/eMMC_Controller_4.6.1_tuning.xpr/eMMC_Controller/eMMC_Controller.srcs/sources_1/ip/Command_fifo/Command_fifo/Command_fifo.xdc] for cell 'eMMC_controller_inst0/Command_fifo_inst0/U0'
Finished Parsing XDC File [d:/VivadoProjects/eMMC_Controller_fifo.xpr/eMMC_Controller_4.6.1_tuning.xpr/eMMC_Controller/eMMC_Controller.srcs/sources_1/ip/Command_fifo/Command_fifo/Command_fifo.xdc] for cell 'eMMC_controller_inst0/Command_fifo_inst0/U0'
Parsing XDC File [d:/VivadoProjects/eMMC_Controller_fifo.xpr/eMMC_Controller_4.6.1_tuning.xpr/eMMC_Controller/eMMC_Controller.srcs/sources_1/ip/Command_fifo/Command_fifo/Command_fifo.xdc] for cell 'eMMC_controller_inst0/Finished_Cmd_fifo_inst0/U0'
Finished Parsing XDC File [d:/VivadoProjects/eMMC_Controller_fifo.xpr/eMMC_Controller_4.6.1_tuning.xpr/eMMC_Controller/eMMC_Controller.srcs/sources_1/ip/Command_fifo/Command_fifo/Command_fifo.xdc] for cell 'eMMC_controller_inst0/Finished_Cmd_fifo_inst0/U0'
Parsing XDC File [d:/VivadoProjects/eMMC_Controller_fifo.xpr/eMMC_Controller_4.6.1_tuning.xpr/eMMC_Controller/eMMC_Controller.srcs/sources_1/ip/clk_divided/clk_divided_board.xdc] for cell 'gen_clks/inst'
Finished Parsing XDC File [d:/VivadoProjects/eMMC_Controller_fifo.xpr/eMMC_Controller_4.6.1_tuning.xpr/eMMC_Controller/eMMC_Controller.srcs/sources_1/ip/clk_divided/clk_divided_board.xdc] for cell 'gen_clks/inst'
Parsing XDC File [d:/VivadoProjects/eMMC_Controller_fifo.xpr/eMMC_Controller_4.6.1_tuning.xpr/eMMC_Controller/eMMC_Controller.srcs/sources_1/ip/clk_divided/clk_divided.xdc] for cell 'gen_clks/inst'
INFO: [Timing 38-35] Done setting XDC timing constraints. [d:/VivadoProjects/eMMC_Controller_fifo.xpr/eMMC_Controller_4.6.1_tuning.xpr/eMMC_Controller/eMMC_Controller.srcs/sources_1/ip/clk_divided/clk_divided.xdc:56]
INFO: [Timing 38-2] Deriving generated clocks [d:/VivadoProjects/eMMC_Controller_fifo.xpr/eMMC_Controller_4.6.1_tuning.xpr/eMMC_Controller/eMMC_Controller.srcs/sources_1/ip/clk_divided/clk_divided.xdc:56]
get_clocks: Time (s): cpu = 00:00:15 ; elapsed = 00:00:15 . Memory (MB): peak = 2171.539 ; gain = 0.000
Finished Parsing XDC File [d:/VivadoProjects/eMMC_Controller_fifo.xpr/eMMC_Controller_4.6.1_tuning.xpr/eMMC_Controller/eMMC_Controller.srcs/sources_1/ip/clk_divided/clk_divided.xdc] for cell 'gen_clks/inst'
Parsing XDC File [d:/VivadoProjects/eMMC_Controller_fifo.xpr/eMMC_Controller_4.6.1_tuning.xpr/eMMC_Controller/eMMC_Controller.srcs/sources_1/ip/Data_fifo/Data_fifo/Data_fifo.xdc] for cell 'eMMC_controller_inst0/Read_buffer_final/U0'
Finished Parsing XDC File [d:/VivadoProjects/eMMC_Controller_fifo.xpr/eMMC_Controller_4.6.1_tuning.xpr/eMMC_Controller/eMMC_Controller.srcs/sources_1/ip/Data_fifo/Data_fifo/Data_fifo.xdc] for cell 'eMMC_controller_inst0/Read_buffer_final/U0'
Parsing XDC File [d:/VivadoProjects/eMMC_Controller_fifo.xpr/eMMC_Controller_4.6.1_tuning.xpr/eMMC_Controller/eMMC_Controller.srcs/sources_1/ip/Data_fifo/Data_fifo/Data_fifo.xdc] for cell 'eMMC_controller_inst0/Wr_data_fifo_inst0/U0'
Finished Parsing XDC File [d:/VivadoProjects/eMMC_Controller_fifo.xpr/eMMC_Controller_4.6.1_tuning.xpr/eMMC_Controller/eMMC_Controller.srcs/sources_1/ip/Data_fifo/Data_fifo/Data_fifo.xdc] for cell 'eMMC_controller_inst0/Wr_data_fifo_inst0/U0'
Parsing XDC File [d:/VivadoProjects/eMMC_Controller_fifo.xpr/eMMC_Controller_4.6.1_tuning.xpr/eMMC_Controller/eMMC_Controller.srcs/sources_1/ip/Read_data512B_buffer/Read_data512B_buffer/Read_data512B_buffer.xdc] for cell 'eMMC_controller_inst0/Read_buffer_inst0/U0'
Finished Parsing XDC File [d:/VivadoProjects/eMMC_Controller_fifo.xpr/eMMC_Controller_4.6.1_tuning.xpr/eMMC_Controller/eMMC_Controller.srcs/sources_1/ip/Read_data512B_buffer/Read_data512B_buffer/Read_data512B_buffer.xdc] for cell 'eMMC_controller_inst0/Read_buffer_inst0/U0'
Parsing XDC File [D:/VivadoProjects/eMMC_Controller_fifo.xpr/eMMC_Controller_4.6.1_tuning.xpr/eMMC_Controller/eMMC_Controller.srcs/constrs_2/imports/Constraints/Debug2.xdc]
Finished Parsing XDC File [D:/VivadoProjects/eMMC_Controller_fifo.xpr/eMMC_Controller_4.6.1_tuning.xpr/eMMC_Controller/eMMC_Controller.srcs/constrs_2/imports/Constraints/Debug2.xdc]
Parsing XDC File [D:/VivadoProjects/eMMC_Controller_fifo.xpr/eMMC_Controller_4.6.1_tuning.xpr/eMMC_Controller/eMMC_Controller.srcs/constrs_2/imports/Constraints/PhyConstraint2.xdc]
WARNING: [Vivado 12-507] No nets matched 'eMMC_controller_inst0/fifo_wr_en'. [D:/VivadoProjects/eMMC_Controller_fifo.xpr/eMMC_Controller_4.6.1_tuning.xpr/eMMC_Controller/eMMC_Controller.srcs/constrs_2/imports/Constraints/PhyConstraint2.xdc:81]
CRITICAL WARNING: [Common 17-55] 'set_property' expects at least one object. [D:/VivadoProjects/eMMC_Controller_fifo.xpr/eMMC_Controller_4.6.1_tuning.xpr/eMMC_Controller/eMMC_Controller.srcs/constrs_2/imports/Constraints/PhyConstraint2.xdc:81]
Resolution: If [get_<value>] was used to populate the object, check to make sure this command returns at least one valid object.
WARNING: [Vivado 12-507] No nets matched 'eMMC_controller_inst0/fifo_wr_en'. [D:/VivadoProjects/eMMC_Controller_fifo.xpr/eMMC_Controller_4.6.1_tuning.xpr/eMMC_Controller/eMMC_Controller.srcs/constrs_2/imports/Constraints/PhyConstraint2.xdc:82]
CRITICAL WARNING: [Vivado 12-1420] Debug port 'probe7' was not found. [D:/VivadoProjects/eMMC_Controller_fifo.xpr/eMMC_Controller_4.6.1_tuning.xpr/eMMC_Controller/eMMC_Controller.srcs/constrs_2/imports/Constraints/PhyConstraint2.xdc:82]
Finished Parsing XDC File [D:/VivadoProjects/eMMC_Controller_fifo.xpr/eMMC_Controller_4.6.1_tuning.xpr/eMMC_Controller/eMMC_Controller.srcs/constrs_2/imports/Constraints/PhyConstraint2.xdc]
Parsing XDC File [D:/VivadoProjects/eMMC_Controller_fifo.xpr/eMMC_Controller_4.6.1_tuning.xpr/eMMC_Controller/eMMC_Controller.srcs/constrs_2/imports/Constraints/Timing2.xdc]
WARNING: [Vivado 12-508] No pins matched 'eMMC_controller_inst0/ODDR_inst/C'. [D:/VivadoProjects/eMMC_Controller_fifo.xpr/eMMC_Controller_4.6.1_tuning.xpr/eMMC_Controller/eMMC_Controller.srcs/constrs_2/imports/Constraints/Timing2.xdc:11]
CRITICAL WARNING: [Vivado 12-1387] No valid object(s) found for create_generated_clock constraint with option '-source [get_pins eMMC_controller_inst0/ODDR_inst/C]'. [D:/VivadoProjects/eMMC_Controller_fifo.xpr/eMMC_Controller_4.6.1_tuning.xpr/eMMC_Controller/eMMC_Controller.srcs/constrs_2/imports/Constraints/Timing2.xdc:11]
Resolution: Check if the specified object(s) exists in the current design. If it does, ensure that the correct design hierarchy was specified for the object. If you are working with clocks, make sure create_clock was used to create the clock object before it is referenced.
WARNING: [Vivado 12-508] No pins matched 'eMMC_controller_inst0/ODDR_inst/C'. [D:/VivadoProjects/eMMC_Controller_fifo.xpr/eMMC_Controller_4.6.1_tuning.xpr/eMMC_Controller/eMMC_Controller.srcs/constrs_2/imports/Constraints/Timing2.xdc:12]
CRITICAL WARNING: [Vivado 12-1387] No valid object(s) found for create_generated_clock constraint with option '-source [get_pins eMMC_controller_inst0/ODDR_inst/C]'. [D:/VivadoProjects/eMMC_Controller_fifo.xpr/eMMC_Controller_4.6.1_tuning.xpr/eMMC_Controller/eMMC_Controller.srcs/constrs_2/imports/Constraints/Timing2.xdc:12]
Resolution: Check if the specified object(s) exists in the current design. If it does, ensure that the correct design hierarchy was specified for the object. If you are working with clocks, make sure create_clock was used to create the clock object before it is referenced.
WARNING: [Vivado 12-627] No clocks matched 'fwdClk_200M'. [D:/VivadoProjects/eMMC_Controller_fifo.xpr/eMMC_Controller_4.6.1_tuning.xpr/eMMC_Controller/eMMC_Controller.srcs/constrs_2/imports/Constraints/Timing2.xdc:16]
INFO: [Vivado 12-626] No clocks found. Please use 'create_clock' or 'create_generated_clock' command to create clocks. [D:/VivadoProjects/eMMC_Controller_fifo.xpr/eMMC_Controller_4.6.1_tuning.xpr/eMMC_Controller/eMMC_Controller.srcs/constrs_2/imports/Constraints/Timing2.xdc:16]
CRITICAL WARNING: [Vivado 12-1387] No valid object(s) found for set_output_delay constraint with option '-clock [get_clocks fwdClk_200M]'. [D:/VivadoProjects/eMMC_Controller_fifo.xpr/eMMC_Controller_4.6.1_tuning.xpr/eMMC_Controller/eMMC_Controller.srcs/constrs_2/imports/Constraints/Timing2.xdc:16]
Resolution: Check if the specified object(s) exists in the current design. If it does, ensure that the correct design hierarchy was specified for the object. If you are working with clocks, make sure create_clock was used to create the clock object before it is referenced.
Finished Parsing XDC File [D:/VivadoProjects/eMMC_Controller_fifo.xpr/eMMC_Controller_4.6.1_tuning.xpr/eMMC_Controller/eMMC_Controller.srcs/constrs_2/imports/Constraints/Timing2.xdc]
INFO: [Project 1-538] Using original IP XDC constraints instead of the XDC constraints in dcp 'D:/VivadoProjects/eMMC_Controller_fifo.xpr/eMMC_Controller_4.6.1_tuning.xpr/eMMC_Controller/eMMC_Controller.runs/Command_fifo_synth_1/Command_fifo.dcp'
INFO: [Project 1-538] Using original IP XDC constraints instead of the XDC constraints in dcp 'D:/VivadoProjects/eMMC_Controller_fifo.xpr/eMMC_Controller_4.6.1_tuning.xpr/eMMC_Controller/eMMC_Controller.runs/Command_fifo_synth_1/Command_fifo.dcp'
INFO: [Project 1-538] Using original IP XDC constraints instead of the XDC constraints in dcp 'D:/VivadoProjects/eMMC_Controller_fifo.xpr/eMMC_Controller_4.6.1_tuning.xpr/eMMC_Controller/eMMC_Controller.runs/clk_divided_synth_1/clk_divided.dcp'
INFO: [Project 1-538] Using original IP XDC constraints instead of the XDC constraints in dcp 'D:/VivadoProjects/eMMC_Controller_fifo.xpr/eMMC_Controller_4.6.1_tuning.xpr/eMMC_Controller/eMMC_Controller.runs/Data_fifo_synth_1/Data_fifo.dcp'
INFO: [Project 1-538] Using original IP XDC constraints instead of the XDC constraints in dcp 'D:/VivadoProjects/eMMC_Controller_fifo.xpr/eMMC_Controller_4.6.1_tuning.xpr/eMMC_Controller/eMMC_Controller.runs/Data_fifo_synth_1/Data_fifo.dcp'
INFO: [Project 1-538] Using original IP XDC constraints instead of the XDC constraints in dcp 'D:/VivadoProjects/eMMC_Controller_fifo.xpr/eMMC_Controller_4.6.1_tuning.xpr/eMMC_Controller/eMMC_Controller.runs/Read_data512B_buffer_synth_1/Read_data512B_buffer.dcp'
INFO: [Project 1-538] Using original IP XDC constraints instead of the XDC constraints in dcp 'D:/VivadoProjects/eMMC_Controller_fifo.xpr/eMMC_Controller_4.6.1_tuning.xpr/eMMC_Controller/eMMC_Controller.runs/blk_mem_gen_0_synth_1/blk_mem_gen_0.dcp'
INFO: [Opt 31-140] Inserted 1 IBUFs to IO ports without IO buffers.
INFO: [Opt 31-138] Pushed 0 inverter(s) to 0 load pin(s).
INFO: [Project 1-111] Unisim Transformation Summary:
  A total of 9 instances were transformed.
  IOBUF => IOBUF (IBUF, OBUFT): 9 instances

open_run: Time (s): cpu = 00:00:23 ; elapsed = 00:00:21 . Memory (MB): peak = 2171.539 ; gain = 0.000
show_objects -name find_1 [get_nets -hierarchical -top_net_of_hierarchical_group -filter { NAME =~  "*fifo_MUX*" } ]
set_property mark_debug true [get_nets [list eMMC_controller_inst0/fifo_MUX]]
create_debug_port u_ila_0 probe
connect_debug_port u_ila_0/probe10 [get_nets [list eMMC_controller_inst0/fifo_MUX ]]
save_constraints
launch_runs impl_4 -to_step write_bitstream -jobs 2
Writing placer database...
Writing XDEF routing.
Writing XDEF routing logical nets.
Writing XDEF routing special nets.
Write XDEF Complete: Time (s): cpu = 00:00:01 ; elapsed = 00:00:00.071 . Memory (MB): peak = 2171.539 ; gain = 0.000
[Fri Nov 04 14:26:05 2016] Launched impl_4...
Run output will be captured here: D:/VivadoProjects/eMMC_Controller_fifo.xpr/eMMC_Controller_4.6.1_tuning.xpr/eMMC_Controller/eMMC_Controller.runs/impl_4/runme.log
open_hw
connect_hw_server
INFO: [Labtools 27-2285] Connecting to hw_server url TCP:localhost:3121
INFO: [Labtools 27-2222] Launching hw_server...
INFO: [Labtools 27-2221] Launch Output:

****** Xilinx hw_server v2015.4
  **** Build date : Nov 17 2015-18:01:07
    ** Copyright 1986-1999, 2001-2015 Xilinx, Inc. All Rights Reserved.


open_hw_target
INFO: [Labtoolstcl 44-466] Opening hw_target localhost:3121/xilinx_tcf/Digilent/210248686087
set_property PROGRAM.FILE {D:/VivadoProjects/eMMC_Controller_fifo.xpr/eMMC_Controller_4.6.1_tuning.xpr/eMMC_Controller/eMMC_Controller.runs/impl_4/Test_eMMC_Controller.bit} [lindex [get_hw_devices] 1]
set_property PROBES.FILE {D:/VivadoProjects/eMMC_Controller_fifo.xpr/eMMC_Controller_4.6.1_tuning.xpr/eMMC_Controller/eMMC_Controller.runs/impl_4/debug_nets.ltx} [lindex [get_hw_devices] 1]
current_hw_device [lindex [get_hw_devices] 1]
refresh_hw_device [lindex [get_hw_devices] 1]
INFO: [Labtools 27-1435] Device xc7z020 (JTAG device index = 1) is not programmed (DONE status = 0).
set_property PROBES.FILE {D:/VivadoProjects/eMMC_Controller_fifo.xpr/eMMC_Controller_4.6.1_tuning.xpr/eMMC_Controller/eMMC_Controller.runs/impl_4/debug_nets.ltx} [lindex [get_hw_devices] 1]
set_property PROGRAM.FILE {D:/VivadoProjects/eMMC_Controller_fifo.xpr/eMMC_Controller_4.6.1_tuning.xpr/eMMC_Controller/eMMC_Controller.runs/impl_4/Test_eMMC_Controller.bit} [lindex [get_hw_devices] 1]
program_hw_devices [lindex [get_hw_devices] 1]
INFO: [Labtools 27-3164] End of startup status: HIGH
refresh_hw_device [lindex [get_hw_devices] 1]
INFO: [Labtools 27-2302] Device xc7z020 (JTAG device index = 1) is programmed with a design that has 1 ILA core(s).
display_hw_ila_data [ get_hw_ila_data hw_ila_data_1 -of_objects [get_hw_ilas -of_objects [get_hw_devices xc7z020_1] -filter {CELL_NAME=~"u_ila_0"}]]
WARNING: Simulation object u_ila_0_rd_cmd_temp_reg_n_0_[61] was not found in the design.
run_hw_ila [get_hw_ilas -of_objects [get_hw_devices xc7z020_1] -filter {CELL_NAME=~"u_ila_0"}] -trigger_now
INFO: [Labtools 27-1964] The ILA core 'hw_ila_1' trigger was armed at 2016-Nov-04 14:34:52
wait_on_hw_ila [get_hw_ilas -of_objects [get_hw_devices xc7z020_1] -filter {CELL_NAME=~"u_ila_0"}]
display_hw_ila_data [upload_hw_ila_data [get_hw_ilas -of_objects [get_hw_devices xc7z020_1] -filter {CELL_NAME=~"u_ila_0"}]]
INFO: [Labtools 27-1966] The ILA core 'hw_ila_1' triggered at 2016-Nov-04 14:34:52
run_hw_ila [get_hw_ilas -of_objects [get_hw_devices xc7z020_1] -filter {CELL_NAME=~"u_ila_0"}]
INFO: [Labtools 27-1964] The ILA core 'hw_ila_1' trigger was armed at 2016-Nov-04 14:34:59
wait_on_hw_ila [get_hw_ilas -of_objects [get_hw_devices xc7z020_1] -filter {CELL_NAME=~"u_ila_0"}]
display_hw_ila_data [upload_hw_ila_data [get_hw_ilas -of_objects [get_hw_devices xc7z020_1] -filter {CELL_NAME=~"u_ila_0"}]]
INFO: [Labtools 27-1966] The ILA core 'hw_ila_1' triggered at 2016-Nov-04 14:34:59
run_hw_ila [get_hw_ilas -of_objects [get_hw_devices xc7z020_1] -filter {CELL_NAME=~"u_ila_0"}]
INFO: [Labtools 27-1964] The ILA core 'hw_ila_1' trigger was armed at 2016-Nov-04 14:35:03
wait_on_hw_ila [get_hw_ilas -of_objects [get_hw_devices xc7z020_1] -filter {CELL_NAME=~"u_ila_0"}]
display_hw_ila_data [upload_hw_ila_data [get_hw_ilas -of_objects [get_hw_devices xc7z020_1] -filter {CELL_NAME=~"u_ila_0"}]]
INFO: [Labtools 27-1966] The ILA core 'hw_ila_1' triggered at 2016-Nov-04 14:35:03
run_hw_ila [get_hw_ilas -of_objects [get_hw_devices xc7z020_1] -filter {CELL_NAME=~"u_ila_0"}]
INFO: [Labtools 27-1964] The ILA core 'hw_ila_1' trigger was armed at 2016-Nov-04 14:35:05
wait_on_hw_ila [get_hw_ilas -of_objects [get_hw_devices xc7z020_1] -filter {CELL_NAME=~"u_ila_0"}]
display_hw_ila_data [upload_hw_ila_data [get_hw_ilas -of_objects [get_hw_devices xc7z020_1] -filter {CELL_NAME=~"u_ila_0"}]]
INFO: [Labtools 27-1966] The ILA core 'hw_ila_1' triggered at 2016-Nov-04 14:35:05
set_property TRIGGER_COMPARE_VALUE eq5'h10 [get_hw_probes eMMC_controller_inst0/Steps_Curr_State -of_objects [get_hw_ilas -of_objects [get_hw_devices xc7z020_1] -filter {CELL_NAME=~"u_ila_0"}]]
run_hw_ila [get_hw_ilas -of_objects [get_hw_devices xc7z020_1] -filter {CELL_NAME=~"u_ila_0"}]
INFO: [Labtools 27-1964] The ILA core 'hw_ila_1' trigger was armed at 2016-Nov-04 14:35:17
wait_on_hw_ila [get_hw_ilas -of_objects [get_hw_devices xc7z020_1] -filter {CELL_NAME=~"u_ila_0"}]
display_hw_ila_data [upload_hw_ila_data [get_hw_ilas -of_objects [get_hw_devices xc7z020_1] -filter {CELL_NAME=~"u_ila_0"}]]
INFO: [Labtools 27-1966] The ILA core 'hw_ila_1' triggered at 2016-Nov-04 14:35:17
add_wave -into {hw_ila_data_1.wcfg} -radix hex {eMMC_controller_inst0/rd_cmd_temp_reg_n_0__2}
add_wave -into {hw_ila_data_1.wcfg} -radix hex {eMMC_controller_inst0/rd_cmd_temp_reg_n_0_}
add_wave -into {hw_ila_data_1.wcfg} -radix hex {eMMC_controller_inst0/fifo_MUX}
ERROR: [Xicom 50-38] xicom: Core access failed. Check cable connectivity and that the target board is powered up then use the disconnect_hw_server and connect_hw_server to re-initialize the hardware target. Use open_hw_target to re-register the hardware device.
ERROR: [Xicom 50-38] xicom: Core access failed. Check cable connectivity and that the target board is powered up then use the disconnect_hw_server and connect_hw_server to re-initialize the hardware target. Use open_hw_target to re-register the hardware device.
ERROR: [Xicom 50-38] xicom: Core access failed. Check cable connectivity and that the target board is powered up then use the disconnect_hw_server and connect_hw_server to re-initialize the hardware target. Use open_hw_target to re-register the hardware device.
ERROR: [Xicom 50-38] xicom: Core access failed. Check cable connectivity and that the target board is powered up then use the disconnect_hw_server and connect_hw_server to re-initialize the hardware target. Use open_hw_target to re-register the hardware device.
ERROR: [Xicom 50-38] xicom: Core access failed. Check cable connectivity and that the target board is powered up then use the disconnect_hw_server and connect_hw_server to re-initialize the hardware target. Use open_hw_target to re-register the hardware device.
ERROR: [Xicom 50-38] xicom: Core access failed. Check cable connectivity and that the target board is powered up then use the disconnect_hw_server and connect_hw_server to re-initialize the hardware target. Use open_hw_target to re-register the hardware device.
ERROR: [Xicom 50-38] xicom: Core access failed. Check cable connectivity and that the target board is powered up then use the disconnect_hw_server and connect_hw_server to re-initialize the hardware target. Use open_hw_target to re-register the hardware device.
ERROR: [Xicom 50-38] xicom: Core access failed. Check cable connectivity and that the target board is powered up then use the disconnect_hw_server and connect_hw_server to re-initialize the hardware target. Use open_hw_target to re-register the hardware device.
ERROR: [Xicom 50-38] xicom: Core access failed. Check cable connectivity and that the target board is powered up then use the disconnect_hw_server and connect_hw_server to re-initialize the hardware target. Use open_hw_target to re-register the hardware device.
ERROR: [Xicom 50-38] xicom: Core access failed. Check cable connectivity and that the target board is powered up then use the disconnect_hw_server and connect_hw_server to re-initialize the hardware target. Use open_hw_target to re-register the hardware device.
ERROR: [Xicom 50-38] xicom: Core access failed. Check cable connectivity and that the target board is powered up then use the disconnect_hw_server and connect_hw_server to re-initialize the hardware target. Use open_hw_target to re-register the hardware device.
ERROR: [Xicom 50-38] xicom: Core access failed. Check cable connectivity and that the target board is powered up then use the disconnect_hw_server and connect_hw_server to re-initialize the hardware target. Use open_hw_target to re-register the hardware device.
ERROR: [Xicom 50-38] xicom: Core access failed. Check cable connectivity and that the target board is powered up then use the disconnect_hw_server and connect_hw_server to re-initialize the hardware target. Use open_hw_target to re-register the hardware device.
ERROR: [Xicom 50-38] xicom: Core access failed. Check cable connectivity and that the target board is powered up then use the disconnect_hw_server and connect_hw_server to re-initialize the hardware target. Use open_hw_target to re-register the hardware device.
ERROR: [Xicom 50-38] xicom: Core access failed. Check cable connectivity and that the target board is powered up then use the disconnect_hw_server and connect_hw_server to re-initialize the hardware target. Use open_hw_target to re-register the hardware device.
ERROR: [Xicom 50-38] xicom: Core access failed. Check cable connectivity and that the target board is powered up then use the disconnect_hw_server and connect_hw_server to re-initialize the hardware target. Use open_hw_target to re-register the hardware device.
ERROR: [Xicom 50-38] xicom: Core access failed. Check cable connectivity and that the target board is powered up then use the disconnect_hw_server and connect_hw_server to re-initialize the hardware target. Use open_hw_target to re-register the hardware device.
ERROR: [Xicom 50-38] xicom: Core access failed. Check cable connectivity and that the target board is powered up then use the disconnect_hw_server and connect_hw_server to re-initialize the hardware target. Use open_hw_target to re-register the hardware device.
ERROR: [Xicom 50-38] xicom: Core access failed. Check cable connectivity and that the target board is powered up then use the disconnect_hw_server and connect_hw_server to re-initialize the hardware target. Use open_hw_target to re-register the hardware device.
ERROR: [Xicom 50-38] xicom: Core access failed. Check cable connectivity and that the target board is powered up then use the disconnect_hw_server and connect_hw_server to re-initialize the hardware target. Use open_hw_target to re-register the hardware device.
ERROR: [Xicom 50-38] xicom: Core access failed. Check cable connectivity and that the target board is powered up then use the disconnect_hw_server and connect_hw_server to re-initialize the hardware target. Use open_hw_target to re-register the hardware device.
ERROR: [Xicom 50-38] xicom: Core access failed. Check cable connectivity and that the target board is powered up then use the disconnect_hw_server and connect_hw_server to re-initialize the hardware target. Use open_hw_target to re-register the hardware device.
ERROR: [Xicom 50-38] xicom: Core access failed. Check cable connectivity and that the target board is powered up then use the disconnect_hw_server and connect_hw_server to re-initialize the hardware target. Use open_hw_target to re-register the hardware device.
ERROR: [Xicom 50-38] xicom: Core access failed. Check cable connectivity and that the target board is powered up then use the disconnect_hw_server and connect_hw_server to re-initialize the hardware target. Use open_hw_target to re-register the hardware device.
ERROR: [Xicom 50-38] xicom: Core access failed. Check cable connectivity and that the target board is powered up then use the disconnect_hw_server and connect_hw_server to re-initialize the hardware target. Use open_hw_target to re-register the hardware device.
ERROR: [Xicom 50-38] xicom: Core access failed. Check cable connectivity and that the target board is powered up then use the disconnect_hw_server and connect_hw_server to re-initialize the hardware target. Use open_hw_target to re-register the hardware device.
ERROR: [Xicom 50-38] xicom: Core access failed. Check cable connectivity and that the target board is powered up then use the disconnect_hw_server and connect_hw_server to re-initialize the hardware target. Use open_hw_target to re-register the hardware device.
ERROR: [Xicom 50-38] xicom: Core access failed. Check cable connectivity and that the target board is powered up then use the disconnect_hw_server and connect_hw_server to re-initialize the hardware target. Use open_hw_target to re-register the hardware device.
ERROR: [Xicom 50-38] xicom: Core access failed. Check cable connectivity and that the target board is powered up then use the disconnect_hw_server and connect_hw_server to re-initialize the hardware target. Use open_hw_target to re-register the hardware device.
ERROR: [Xicom 50-38] xicom: Core access failed. Check cable connectivity and that the target board is powered up then use the disconnect_hw_server and connect_hw_server to re-initialize the hardware target. Use open_hw_target to re-register the hardware device.
ERROR: [Xicom 50-38] xicom: Core access failed. Check cable connectivity and that the target board is powered up then use the disconnect_hw_server and connect_hw_server to re-initialize the hardware target. Use open_hw_target to re-register the hardware device.
ERROR: [Xicom 50-38] xicom: Core access failed. Check cable connectivity and that the target board is powered up then use the disconnect_hw_server and connect_hw_server to re-initialize the hardware target. Use open_hw_target to re-register the hardware device.
ERROR: [Xicom 50-38] xicom: Core access failed. Check cable connectivity and that the target board is powered up then use the disconnect_hw_server and connect_hw_server to re-initialize the hardware target. Use open_hw_target to re-register the hardware device.
ERROR: [Xicom 50-38] xicom: Core access failed. Check cable connectivity and that the target board is powered up then use the disconnect_hw_server and connect_hw_server to re-initialize the hardware target. Use open_hw_target to re-register the hardware device.
ERROR: [Xicom 50-38] xicom: Core access failed. Check cable connectivity and that the target board is powered up then use the disconnect_hw_server and connect_hw_server to re-initialize the hardware target. Use open_hw_target to re-register the hardware device.
ERROR: [Xicom 50-38] xicom: Core access failed. Check cable connectivity and that the target board is powered up then use the disconnect_hw_server and connect_hw_server to re-initialize the hardware target. Use open_hw_target to re-register the hardware device.
ERROR: [Xicom 50-38] xicom: Core access failed. Check cable connectivity and that the target board is powered up then use the disconnect_hw_server and connect_hw_server to re-initialize the hardware target. Use open_hw_target to re-register the hardware device.
ERROR: [Xicom 50-38] xicom: Core access failed. Check cable connectivity and that the target board is powered up then use the disconnect_hw_server and connect_hw_server to re-initialize the hardware target. Use open_hw_target to re-register the hardware device.
ERROR: [Xicom 50-38] xicom: Core access failed. Check cable connectivity and that the target board is powered up then use the disconnect_hw_server and connect_hw_server to re-initialize the hardware target. Use open_hw_target to re-register the hardware device.
ERROR: [Xicom 50-38] xicom: Core access failed. Check cable connectivity and that the target board is powered up then use the disconnect_hw_server and connect_hw_server to re-initialize the hardware target. Use open_hw_target to re-register the hardware device.
ERROR: [Xicom 50-38] xicom: Core access failed. Check cable connectivity and that the target board is powered up then use the disconnect_hw_server and connect_hw_server to re-initialize the hardware target. Use open_hw_target to re-register the hardware device.
ERROR: [Xicom 50-38] xicom: Core access failed. Check cable connectivity and that the target board is powered up then use the disconnect_hw_server and connect_hw_server to re-initialize the hardware target. Use open_hw_target to re-register the hardware device.
ERROR: [Xicom 50-38] xicom: Core access failed. Check cable connectivity and that the target board is powered up then use the disconnect_hw_server and connect_hw_server to re-initialize the hardware target. Use open_hw_target to re-register the hardware device.
ERROR: [Xicom 50-38] xicom: Core access failed. Check cable connectivity and that the target board is powered up then use the disconnect_hw_server and connect_hw_server to re-initialize the hardware target. Use open_hw_target to re-register the hardware device.
ERROR: [Xicom 50-38] xicom: Core access failed. Check cable connectivity and that the target board is powered up then use the disconnect_hw_server and connect_hw_server to re-initialize the hardware target. Use open_hw_target to re-register the hardware device.
ERROR: [Xicom 50-38] xicom: Core access failed. Check cable connectivity and that the target board is powered up then use the disconnect_hw_server and connect_hw_server to re-initialize the hardware target. Use open_hw_target to re-register the hardware device.
ERROR: [Xicom 50-38] xicom: Core access failed. Check cable connectivity and that the target board is powered up then use the disconnect_hw_server and connect_hw_server to re-initialize the hardware target. Use open_hw_target to re-register the hardware device.
ERROR: [Xicom 50-38] xicom: Core access failed. Check cable connectivity and that the target board is powered up then use the disconnect_hw_server and connect_hw_server to re-initialize the hardware target. Use open_hw_target to re-register the hardware device.
ERROR: [Xicom 50-38] xicom: Core access failed. Check cable connectivity and that the target board is powered up then use the disconnect_hw_server and connect_hw_server to re-initialize the hardware target. Use open_hw_target to re-register the hardware device.
ERROR: [Xicom 50-38] xicom: Core access failed. Check cable connectivity and that the target board is powered up then use the disconnect_hw_server and connect_hw_server to re-initialize the hardware target. Use open_hw_target to re-register the hardware device.
ERROR: [Xicom 50-38] xicom: Core access failed. Check cable connectivity and that the target board is powered up then use the disconnect_hw_server and connect_hw_server to re-initialize the hardware target. Use open_hw_target to re-register the hardware device.
ERROR: [Xicom 50-38] xicom: Core access failed. Check cable connectivity and that the target board is powered up then use the disconnect_hw_server and connect_hw_server to re-initialize the hardware target. Use open_hw_target to re-register the hardware device.
ERROR: [Xicom 50-38] xicom: Core access failed. Check cable connectivity and that the target board is powered up then use the disconnect_hw_server and connect_hw_server to re-initialize the hardware target. Use open_hw_target to re-register the hardware device.
ERROR: [Xicom 50-38] xicom: Core access failed. Check cable connectivity and that the target board is powered up then use the disconnect_hw_server and connect_hw_server to re-initialize the hardware target. Use open_hw_target to re-register the hardware device.
ERROR: [Xicom 50-38] xicom: Core access failed. Check cable connectivity and that the target board is powered up then use the disconnect_hw_server and connect_hw_server to re-initialize the hardware target. Use open_hw_target to re-register the hardware device.
ERROR: [Xicom 50-38] xicom: Core access failed. Check cable connectivity and that the target board is powered up then use the disconnect_hw_server and connect_hw_server to re-initialize the hardware target. Use open_hw_target to re-register the hardware device.
ERROR: [Xicom 50-38] xicom: Core access failed. Check cable connectivity and that the target board is powered up then use the disconnect_hw_server and connect_hw_server to re-initialize the hardware target. Use open_hw_target to re-register the hardware device.
ERROR: [Xicom 50-38] xicom: Core access failed. Check cable connectivity and that the target board is powered up then use the disconnect_hw_server and connect_hw_server to re-initialize the hardware target. Use open_hw_target to re-register the hardware device.
ERROR: [Xicom 50-38] xicom: Core access failed. Check cable connectivity and that the target board is powered up then use the disconnect_hw_server and connect_hw_server to re-initialize the hardware target. Use open_hw_target to re-register the hardware device.
ERROR: [Xicom 50-38] xicom: Core access failed. Check cable connectivity and that the target board is powered up then use the disconnect_hw_server and connect_hw_server to re-initialize the hardware target. Use open_hw_target to re-register the hardware device.
ERROR: [Xicom 50-38] xicom: Core access failed. Check cable connectivity and that the target board is powered up then use the disconnect_hw_server and connect_hw_server to re-initialize the hardware target. Use open_hw_target to re-register the hardware device.
ERROR: [Xicom 50-38] xicom: Core access failed. Check cable connectivity and that the target board is powered up then use the disconnect_hw_server and connect_hw_server to re-initialize the hardware target. Use open_hw_target to re-register the hardware device.
ERROR: [Xicom 50-38] xicom: Core access failed. Check cable connectivity and that the target board is powered up then use the disconnect_hw_server and connect_hw_server to re-initialize the hardware target. Use open_hw_target to re-register the hardware device.
ERROR: [Xicom 50-38] xicom: Core access failed. Check cable connectivity and that the target board is powered up then use the disconnect_hw_server and connect_hw_server to re-initialize the hardware target. Use open_hw_target to re-register the hardware device.
ERROR: [Xicom 50-38] xicom: Core access failed. Check cable connectivity and that the target board is powered up then use the disconnect_hw_server and connect_hw_server to re-initialize the hardware target. Use open_hw_target to re-register the hardware device.
ERROR: [Xicom 50-38] xicom: Core access failed. Check cable connectivity and that the target board is powered up then use the disconnect_hw_server and connect_hw_server to re-initialize the hardware target. Use open_hw_target to re-register the hardware device.
ERROR: [Xicom 50-38] xicom: Core access failed. Check cable connectivity and that the target board is powered up then use the disconnect_hw_server and connect_hw_server to re-initialize the hardware target. Use open_hw_target to re-register the hardware device.
ERROR: [Xicom 50-38] xicom: Core access failed. Check cable connectivity and that the target board is powered up then use the disconnect_hw_server and connect_hw_server to re-initialize the hardware target. Use open_hw_target to re-register the hardware device.
ERROR: [Xicom 50-38] xicom: Core access failed. Check cable connectivity and that the target board is powered up then use the disconnect_hw_server and connect_hw_server to re-initialize the hardware target. Use open_hw_target to re-register the hardware device.
ERROR: [Xicom 50-38] xicom: Core access failed. Check cable connectivity and that the target board is powered up then use the disconnect_hw_server and connect_hw_server to re-initialize the hardware target. Use open_hw_target to re-register the hardware device.
ERROR: [Xicom 50-38] xicom: Core access failed. Check cable connectivity and that the target board is powered up then use the disconnect_hw_server and connect_hw_server to re-initialize the hardware target. Use open_hw_target to re-register the hardware device.
ERROR: [Xicom 50-38] xicom: Core access failed. Check cable connectivity and that the target board is powered up then use the disconnect_hw_server and connect_hw_server to re-initialize the hardware target. Use open_hw_target to re-register the hardware device.
ERROR: [Xicom 50-38] xicom: Core access failed. Check cable connectivity and that the target board is powered up then use the disconnect_hw_server and connect_hw_server to re-initialize the hardware target. Use open_hw_target to re-register the hardware device.
ERROR: [Xicom 50-38] xicom: Core access failed. Check cable connectivity and that the target board is powered up then use the disconnect_hw_server and connect_hw_server to re-initialize the hardware target. Use open_hw_target to re-register the hardware device.
ERROR: [Xicom 50-38] xicom: Core access failed. Check cable connectivity and that the target board is powered up then use the disconnect_hw_server and connect_hw_server to re-initialize the hardware target. Use open_hw_target to re-register the hardware device.
ERROR: [Xicom 50-38] xicom: Core access failed. Check cable connectivity and that the target board is powered up then use the disconnect_hw_server and connect_hw_server to re-initialize the hardware target. Use open_hw_target to re-register the hardware device.
ERROR: [Xicom 50-38] xicom: Core access failed. Check cable connectivity and that the target board is powered up then use the disconnect_hw_server and connect_hw_server to re-initialize the hardware target. Use open_hw_target to re-register the hardware device.
ERROR: [Xicom 50-38] xicom: Core access failed. Check cable connectivity and that the target board is powered up then use the disconnect_hw_server and connect_hw_server to re-initialize the hardware target. Use open_hw_target to re-register the hardware device.
ERROR: [Xicom 50-38] xicom: Core access failed. Check cable connectivity and that the target board is powered up then use the disconnect_hw_server and connect_hw_server to re-initialize the hardware target. Use open_hw_target to re-register the hardware device.
ERROR: [Xicom 50-38] xicom: Core access failed. Check cable connectivity and that the target board is powered up then use the disconnect_hw_server and connect_hw_server to re-initialize the hardware target. Use open_hw_target to re-register the hardware device.
ERROR: [Xicom 50-38] xicom: Core access failed. Check cable connectivity and that the target board is powered up then use the disconnect_hw_server and connect_hw_server to re-initialize the hardware target. Use open_hw_target to re-register the hardware device.
ERROR: [Xicom 50-38] xicom: Core access failed. Check cable connectivity and that the target board is powered up then use the disconnect_hw_server and connect_hw_server to re-initialize the hardware target. Use open_hw_target to re-register the hardware device.
ERROR: [Xicom 50-38] xicom: Core access failed. Check cable connectivity and that the target board is powered up then use the disconnect_hw_server and connect_hw_server to re-initialize the hardware target. Use open_hw_target to re-register the hardware device.
ERROR: [Xicom 50-38] xicom: Core access failed. Check cable connectivity and that the target board is powered up then use the disconnect_hw_server and connect_hw_server to re-initialize the hardware target. Use open_hw_target to re-register the hardware device.
ERROR: [Xicom 50-38] xicom: Core access failed. Check cable connectivity and that the target board is powered up then use the disconnect_hw_server and connect_hw_server to re-initialize the hardware target. Use open_hw_target to re-register the hardware device.
ERROR: [Xicom 50-38] xicom: Core access failed. Check cable connectivity and that the target board is powered up then use the disconnect_hw_server and connect_hw_server to re-initialize the hardware target. Use open_hw_target to re-register the hardware device.
ERROR: [Xicom 50-38] xicom: Core access failed. Check cable connectivity and that the target board is powered up then use the disconnect_hw_server and connect_hw_server to re-initialize the hardware target. Use open_hw_target to re-register the hardware device.
ERROR: [Xicom 50-38] xicom: Core access failed. Check cable connectivity and that the target board is powered up then use the disconnect_hw_server and connect_hw_server to re-initialize the hardware target. Use open_hw_target to re-register the hardware device.
ERROR: [Xicom 50-38] xicom: Core access failed. Check cable connectivity and that the target board is powered up then use the disconnect_hw_server and connect_hw_server to re-initialize the hardware target. Use open_hw_target to re-register the hardware device.
ERROR: [Xicom 50-38] xicom: Core access failed. Check cable connectivity and that the target board is powered up then use the disconnect_hw_server and connect_hw_server to re-initialize the hardware target. Use open_hw_target to re-register the hardware device.
ERROR: [Xicom 50-38] xicom: Core access failed. Check cable connectivity and that the target board is powered up then use the disconnect_hw_server and connect_hw_server to re-initialize the hardware target. Use open_hw_target to re-register the hardware device.
ERROR: [Xicom 50-38] xicom: Core access failed. Check cable connectivity and that the target board is powered up then use the disconnect_hw_server and connect_hw_server to re-initialize the hardware target. Use open_hw_target to re-register the hardware device.
ERROR: [Xicom 50-38] xicom: Core access failed. Check cable connectivity and that the target board is powered up then use the disconnect_hw_server and connect_hw_server to re-initialize the hardware target. Use open_hw_target to re-register the hardware device.
ERROR: [Xicom 50-38] xicom: Core access failed. Check cable connectivity and that the target board is powered up then use the disconnect_hw_server and connect_hw_server to re-initialize the hardware target. Use open_hw_target to re-register the hardware device.
ERROR: [Xicom 50-38] xicom: Core access failed. Check cable connectivity and that the target board is powered up then use the disconnect_hw_server and connect_hw_server to re-initialize the hardware target. Use open_hw_target to re-register the hardware device.
ERROR: [Xicom 50-38] xicom: Core access failed. Check cable connectivity and that the target board is powered up then use the disconnect_hw_server and connect_hw_server to re-initialize the hardware target. Use open_hw_target to re-register the hardware device.
ERROR: [Xicom 50-38] xicom: Core access failed. Check cable connectivity and that the target board is powered up then use the disconnect_hw_server and connect_hw_server to re-initialize the hardware target. Use open_hw_target to re-register the hardware device.
ERROR: [Xicom 50-38] xicom: Core access failed. Check cable connectivity and that the target board is powered up then use the disconnect_hw_server and connect_hw_server to re-initialize the hardware target. Use open_hw_target to re-register the hardware device.
ERROR: [Xicom 50-38] xicom: Core access failed. Check cable connectivity and that the target board is powered up then use the disconnect_hw_server and connect_hw_server to re-initialize the hardware target. Use open_hw_target to re-register the hardware device.
ERROR: [Xicom 50-38] xicom: Core access failed. Check cable connectivity and that the target board is powered up then use the disconnect_hw_server and connect_hw_server to re-initialize the hardware target. Use open_hw_target to re-register the hardware device.
INFO: [Common 17-14] Message 'Xicom 50-38' appears 100 times and further instances of the messages will be disabled. Use the Tcl command set_msg_config to change the current settings.
save_wave_config {D:/VivadoProjects/eMMC_Controller_fifo.xpr/eMMC_Controller_4.6.1_tuning.xpr/eMMC_Controller/eMMC_Controller.hw/hw_1/wave/hw_ila_data_1/hw_ila_data_1.wcfg}
close_hw
show_objects -name find_1 [get_nets -hierarchical -top_net_of_hierarchical_group -filter { NAME =~  "*fifo_MUX*" } ]
reset_run synth_4
launch_runs synth_4 -jobs 2
INFO: [HDL 9-2216] Analyzing Verilog file "D:/VivadoProjects/eMMC_Controller_fifo.xpr/eMMC_Controller_4.6.1_tuning.xpr/eMMC_Controller/eMMC_Controller.srcs/sources_1/imports/sources/CRC16.v" into library work [D:/VivadoProjects/eMMC_Controller_fifo.xpr/eMMC_Controller_4.6.1_tuning.xpr/eMMC_Controller/eMMC_Controller.srcs/sources_1/imports/sources/CRC16.v:1]
INFO: [HDL 9-2216] Analyzing Verilog file "D:/VivadoProjects/eMMC_Controller_fifo.xpr/eMMC_Controller_4.6.1_tuning.xpr/eMMC_Controller/eMMC_Controller.srcs/sources_1/imports/sources/CRC16_Check.v" into library work [D:/VivadoProjects/eMMC_Controller_fifo.xpr/eMMC_Controller_4.6.1_tuning.xpr/eMMC_Controller/eMMC_Controller.srcs/sources_1/imports/sources/CRC16_Check.v:1]
INFO: [HDL 9-2216] Analyzing Verilog file "D:/VivadoProjects/eMMC_Controller_fifo.xpr/eMMC_Controller_4.6.1_tuning.xpr/eMMC_Controller/eMMC_Controller.srcs/sources_1/imports/sources/CRC7.v" into library work [D:/VivadoProjects/eMMC_Controller_fifo.xpr/eMMC_Controller_4.6.1_tuning.xpr/eMMC_Controller/eMMC_Controller.srcs/sources_1/imports/sources/CRC7.v:1]
INFO: [HDL 9-2216] Analyzing Verilog file "D:/VivadoProjects/eMMC_Controller_fifo.xpr/eMMC_Controller_4.6.1_tuning.xpr/eMMC_Controller/eMMC_Controller.srcs/sources_1/imports/sources/CRC7_400K.v" into library work [D:/VivadoProjects/eMMC_Controller_fifo.xpr/eMMC_Controller_4.6.1_tuning.xpr/eMMC_Controller/eMMC_Controller.srcs/sources_1/imports/sources/CRC7_400K.v:1]
INFO: [HDL 9-2216] Analyzing Verilog file "D:/VivadoProjects/eMMC_Controller_fifo.xpr/eMMC_Controller_4.6.1_tuning.xpr/eMMC_Controller/eMMC_Controller.srcs/sources_1/imports/sources/CRC7_Check.v" into library work [D:/VivadoProjects/eMMC_Controller_fifo.xpr/eMMC_Controller_4.6.1_tuning.xpr/eMMC_Controller/eMMC_Controller.srcs/sources_1/imports/sources/CRC7_Check.v:1]
INFO: [HDL 9-2216] Analyzing Verilog file "D:/VivadoProjects/eMMC_Controller_fifo.xpr/eMMC_Controller_4.6.1_tuning.xpr/eMMC_Controller/eMMC_Controller.srcs/sources_1/imports/sources/Test_eMMC_Controller.v" into library work [D:/VivadoProjects/eMMC_Controller_fifo.xpr/eMMC_Controller_4.6.1_tuning.xpr/eMMC_Controller/eMMC_Controller.srcs/sources_1/imports/sources/Test_eMMC_Controller.v:1]
INFO: [HDL 9-2216] Analyzing Verilog file "D:/VivadoProjects/eMMC_Controller_fifo.xpr/eMMC_Controller_4.6.1_tuning.xpr/eMMC_Controller/eMMC_Controller.srcs/sources_1/imports/sources/eMMC_controller.v" into library work [D:/VivadoProjects/eMMC_Controller_fifo.xpr/eMMC_Controller_4.6.1_tuning.xpr/eMMC_Controller/eMMC_Controller.srcs/sources_1/imports/sources/eMMC_controller.v:1]
INFO: [HDL 9-1065] Parsing verilog file "D:/VivadoProjects/eMMC_Controller_fifo.xpr/eMMC_Controller_4.6.1_tuning.xpr/eMMC_Controller/eMMC_Controller.srcs/sources_1/imports/sources/Define.vh" included at line 23. [D:/VivadoProjects/eMMC_Controller_fifo.xpr/eMMC_Controller_4.6.1_tuning.xpr/eMMC_Controller/eMMC_Controller.srcs/sources_1/imports/sources/eMMC_controller.v:23]
INFO: [HDL 9-1065] Parsing verilog file "D:/VivadoProjects/eMMC_Controller_fifo.xpr/eMMC_Controller_4.6.1_tuning.xpr/eMMC_Controller/eMMC_Controller.srcs/sources_1/imports/sources/log2.vh" included at line 62. [D:/VivadoProjects/eMMC_Controller_fifo.xpr/eMMC_Controller_4.6.1_tuning.xpr/eMMC_Controller/eMMC_Controller.srcs/sources_1/imports/sources/eMMC_controller.v:62]
INFO: [HDL 9-1065] Parsing verilog file "D:/VivadoProjects/eMMC_Controller_fifo.xpr/eMMC_Controller_4.6.1_tuning.xpr/eMMC_Controller/eMMC_Controller.srcs/sources_1/imports/sources/Parameter.vh" included at line 63. [D:/VivadoProjects/eMMC_Controller_fifo.xpr/eMMC_Controller_4.6.1_tuning.xpr/eMMC_Controller/eMMC_Controller.srcs/sources_1/imports/sources/eMMC_controller.v:63]
[Fri Nov 04 14:54:06 2016] Launched synth_4...
Run output will be captured here: D:/VivadoProjects/eMMC_Controller_fifo.xpr/eMMC_Controller_4.6.1_tuning.xpr/eMMC_Controller/eMMC_Controller.runs/synth_4/runme.log
close_design
open_run synth_4 -name synth_4
Design is defaulting to impl run constrset: constrs_2
Design is defaulting to synth run part: xc7z020clg484-1
INFO: [Project 1-454] Reading design checkpoint 'D:/VivadoProjects/eMMC_Controller_fifo.xpr/eMMC_Controller_4.6.1_tuning.xpr/eMMC_Controller/eMMC_Controller.runs/Command_fifo_synth_1/Command_fifo.dcp' for cell 'eMMC_controller_inst0/Command_fifo_inst0'
INFO: [Project 1-454] Reading design checkpoint 'D:/VivadoProjects/eMMC_Controller_fifo.xpr/eMMC_Controller_4.6.1_tuning.xpr/eMMC_Controller/eMMC_Controller.runs/Command_fifo_synth_1/Command_fifo.dcp' for cell 'eMMC_controller_inst0/Finished_Cmd_fifo_inst0'
INFO: [Project 1-454] Reading design checkpoint 'D:/VivadoProjects/eMMC_Controller_fifo.xpr/eMMC_Controller_4.6.1_tuning.xpr/eMMC_Controller/eMMC_Controller.runs/clk_divided_synth_1/clk_divided.dcp' for cell 'gen_clks'
INFO: [Project 1-454] Reading design checkpoint 'D:/VivadoProjects/eMMC_Controller_fifo.xpr/eMMC_Controller_4.6.1_tuning.xpr/eMMC_Controller/eMMC_Controller.runs/Data_fifo_synth_1/Data_fifo.dcp' for cell 'eMMC_controller_inst0/Read_buffer_final'
INFO: [Project 1-454] Reading design checkpoint 'D:/VivadoProjects/eMMC_Controller_fifo.xpr/eMMC_Controller_4.6.1_tuning.xpr/eMMC_Controller/eMMC_Controller.runs/Data_fifo_synth_1/Data_fifo.dcp' for cell 'eMMC_controller_inst0/Wr_data_fifo_inst0'
INFO: [Project 1-454] Reading design checkpoint 'D:/VivadoProjects/eMMC_Controller_fifo.xpr/eMMC_Controller_4.6.1_tuning.xpr/eMMC_Controller/eMMC_Controller.runs/Read_data512B_buffer_synth_1/Read_data512B_buffer.dcp' for cell 'eMMC_controller_inst0/Read_buffer_inst0'
INFO: [Project 1-454] Reading design checkpoint 'D:/VivadoProjects/eMMC_Controller_fifo.xpr/eMMC_Controller_4.6.1_tuning.xpr/eMMC_Controller/eMMC_Controller.runs/blk_mem_gen_0_synth_1/blk_mem_gen_0.dcp' for cell 'eMMC_controller_inst0/write_buffer_inst0'
INFO: [Netlist 29-17] Analyzing 80 Unisim elements for replacement
INFO: [Netlist 29-28] Unisim Transformation completed in 0 CPU seconds
INFO: [Project 1-479] Netlist was created with Vivado 2015.4
INFO: [Project 1-570] Preparing netlist for logic optimization
Parsing XDC File [d:/VivadoProjects/eMMC_Controller_fifo.xpr/eMMC_Controller_4.6.1_tuning.xpr/eMMC_Controller/eMMC_Controller.srcs/sources_1/ip/Command_fifo/Command_fifo/Command_fifo.xdc] for cell 'eMMC_controller_inst0/Command_fifo_inst0/U0'
Finished Parsing XDC File [d:/VivadoProjects/eMMC_Controller_fifo.xpr/eMMC_Controller_4.6.1_tuning.xpr/eMMC_Controller/eMMC_Controller.srcs/sources_1/ip/Command_fifo/Command_fifo/Command_fifo.xdc] for cell 'eMMC_controller_inst0/Command_fifo_inst0/U0'
Parsing XDC File [d:/VivadoProjects/eMMC_Controller_fifo.xpr/eMMC_Controller_4.6.1_tuning.xpr/eMMC_Controller/eMMC_Controller.srcs/sources_1/ip/Command_fifo/Command_fifo/Command_fifo.xdc] for cell 'eMMC_controller_inst0/Finished_Cmd_fifo_inst0/U0'
Finished Parsing XDC File [d:/VivadoProjects/eMMC_Controller_fifo.xpr/eMMC_Controller_4.6.1_tuning.xpr/eMMC_Controller/eMMC_Controller.srcs/sources_1/ip/Command_fifo/Command_fifo/Command_fifo.xdc] for cell 'eMMC_controller_inst0/Finished_Cmd_fifo_inst0/U0'
Parsing XDC File [d:/VivadoProjects/eMMC_Controller_fifo.xpr/eMMC_Controller_4.6.1_tuning.xpr/eMMC_Controller/eMMC_Controller.srcs/sources_1/ip/clk_divided/clk_divided_board.xdc] for cell 'gen_clks/inst'
Finished Parsing XDC File [d:/VivadoProjects/eMMC_Controller_fifo.xpr/eMMC_Controller_4.6.1_tuning.xpr/eMMC_Controller/eMMC_Controller.srcs/sources_1/ip/clk_divided/clk_divided_board.xdc] for cell 'gen_clks/inst'
Parsing XDC File [d:/VivadoProjects/eMMC_Controller_fifo.xpr/eMMC_Controller_4.6.1_tuning.xpr/eMMC_Controller/eMMC_Controller.srcs/sources_1/ip/clk_divided/clk_divided.xdc] for cell 'gen_clks/inst'
INFO: [Timing 38-35] Done setting XDC timing constraints. [d:/VivadoProjects/eMMC_Controller_fifo.xpr/eMMC_Controller_4.6.1_tuning.xpr/eMMC_Controller/eMMC_Controller.srcs/sources_1/ip/clk_divided/clk_divided.xdc:56]
INFO: [Timing 38-2] Deriving generated clocks [d:/VivadoProjects/eMMC_Controller_fifo.xpr/eMMC_Controller_4.6.1_tuning.xpr/eMMC_Controller/eMMC_Controller.srcs/sources_1/ip/clk_divided/clk_divided.xdc:56]
get_clocks: Time (s): cpu = 00:00:15 ; elapsed = 00:00:15 . Memory (MB): peak = 2171.539 ; gain = 0.000
Finished Parsing XDC File [d:/VivadoProjects/eMMC_Controller_fifo.xpr/eMMC_Controller_4.6.1_tuning.xpr/eMMC_Controller/eMMC_Controller.srcs/sources_1/ip/clk_divided/clk_divided.xdc] for cell 'gen_clks/inst'
Parsing XDC File [d:/VivadoProjects/eMMC_Controller_fifo.xpr/eMMC_Controller_4.6.1_tuning.xpr/eMMC_Controller/eMMC_Controller.srcs/sources_1/ip/Data_fifo/Data_fifo/Data_fifo.xdc] for cell 'eMMC_controller_inst0/Read_buffer_final/U0'
Finished Parsing XDC File [d:/VivadoProjects/eMMC_Controller_fifo.xpr/eMMC_Controller_4.6.1_tuning.xpr/eMMC_Controller/eMMC_Controller.srcs/sources_1/ip/Data_fifo/Data_fifo/Data_fifo.xdc] for cell 'eMMC_controller_inst0/Read_buffer_final/U0'
Parsing XDC File [d:/VivadoProjects/eMMC_Controller_fifo.xpr/eMMC_Controller_4.6.1_tuning.xpr/eMMC_Controller/eMMC_Controller.srcs/sources_1/ip/Data_fifo/Data_fifo/Data_fifo.xdc] for cell 'eMMC_controller_inst0/Wr_data_fifo_inst0/U0'
Finished Parsing XDC File [d:/VivadoProjects/eMMC_Controller_fifo.xpr/eMMC_Controller_4.6.1_tuning.xpr/eMMC_Controller/eMMC_Controller.srcs/sources_1/ip/Data_fifo/Data_fifo/Data_fifo.xdc] for cell 'eMMC_controller_inst0/Wr_data_fifo_inst0/U0'
Parsing XDC File [d:/VivadoProjects/eMMC_Controller_fifo.xpr/eMMC_Controller_4.6.1_tuning.xpr/eMMC_Controller/eMMC_Controller.srcs/sources_1/ip/Read_data512B_buffer/Read_data512B_buffer/Read_data512B_buffer.xdc] for cell 'eMMC_controller_inst0/Read_buffer_inst0/U0'
Finished Parsing XDC File [d:/VivadoProjects/eMMC_Controller_fifo.xpr/eMMC_Controller_4.6.1_tuning.xpr/eMMC_Controller/eMMC_Controller.srcs/sources_1/ip/Read_data512B_buffer/Read_data512B_buffer/Read_data512B_buffer.xdc] for cell 'eMMC_controller_inst0/Read_buffer_inst0/U0'
Parsing XDC File [D:/VivadoProjects/eMMC_Controller_fifo.xpr/eMMC_Controller_4.6.1_tuning.xpr/eMMC_Controller/eMMC_Controller.srcs/constrs_2/imports/Constraints/Debug2.xdc]
Finished Parsing XDC File [D:/VivadoProjects/eMMC_Controller_fifo.xpr/eMMC_Controller_4.6.1_tuning.xpr/eMMC_Controller/eMMC_Controller.srcs/constrs_2/imports/Constraints/Debug2.xdc]
Parsing XDC File [D:/VivadoProjects/eMMC_Controller_fifo.xpr/eMMC_Controller_4.6.1_tuning.xpr/eMMC_Controller/eMMC_Controller.srcs/constrs_2/imports/Constraints/PhyConstraint2.xdc]
WARNING: [Vivado 12-507] No nets matched 'eMMC_controller_inst0/fifo_wr_en'. [D:/VivadoProjects/eMMC_Controller_fifo.xpr/eMMC_Controller_4.6.1_tuning.xpr/eMMC_Controller/eMMC_Controller.srcs/constrs_2/imports/Constraints/PhyConstraint2.xdc:81]
CRITICAL WARNING: [Common 17-55] 'set_property' expects at least one object. [D:/VivadoProjects/eMMC_Controller_fifo.xpr/eMMC_Controller_4.6.1_tuning.xpr/eMMC_Controller/eMMC_Controller.srcs/constrs_2/imports/Constraints/PhyConstraint2.xdc:81]
Resolution: If [get_<value>] was used to populate the object, check to make sure this command returns at least one valid object.
WARNING: [Vivado 12-507] No nets matched 'eMMC_controller_inst0/fifo_wr_en'. [D:/VivadoProjects/eMMC_Controller_fifo.xpr/eMMC_Controller_4.6.1_tuning.xpr/eMMC_Controller/eMMC_Controller.srcs/constrs_2/imports/Constraints/PhyConstraint2.xdc:82]
CRITICAL WARNING: [Vivado 12-1420] Debug port 'probe7' was not found. [D:/VivadoProjects/eMMC_Controller_fifo.xpr/eMMC_Controller_4.6.1_tuning.xpr/eMMC_Controller/eMMC_Controller.srcs/constrs_2/imports/Constraints/PhyConstraint2.xdc:82]
Finished Parsing XDC File [D:/VivadoProjects/eMMC_Controller_fifo.xpr/eMMC_Controller_4.6.1_tuning.xpr/eMMC_Controller/eMMC_Controller.srcs/constrs_2/imports/Constraints/PhyConstraint2.xdc]
Parsing XDC File [D:/VivadoProjects/eMMC_Controller_fifo.xpr/eMMC_Controller_4.6.1_tuning.xpr/eMMC_Controller/eMMC_Controller.srcs/constrs_2/imports/Constraints/Timing2.xdc]
WARNING: [Vivado 12-508] No pins matched 'eMMC_controller_inst0/ODDR_inst/C'. [D:/VivadoProjects/eMMC_Controller_fifo.xpr/eMMC_Controller_4.6.1_tuning.xpr/eMMC_Controller/eMMC_Controller.srcs/constrs_2/imports/Constraints/Timing2.xdc:11]
CRITICAL WARNING: [Vivado 12-1387] No valid object(s) found for create_generated_clock constraint with option '-source [get_pins eMMC_controller_inst0/ODDR_inst/C]'. [D:/VivadoProjects/eMMC_Controller_fifo.xpr/eMMC_Controller_4.6.1_tuning.xpr/eMMC_Controller/eMMC_Controller.srcs/constrs_2/imports/Constraints/Timing2.xdc:11]
Resolution: Check if the specified object(s) exists in the current design. If it does, ensure that the correct design hierarchy was specified for the object. If you are working with clocks, make sure create_clock was used to create the clock object before it is referenced.
WARNING: [Vivado 12-508] No pins matched 'eMMC_controller_inst0/ODDR_inst/C'. [D:/VivadoProjects/eMMC_Controller_fifo.xpr/eMMC_Controller_4.6.1_tuning.xpr/eMMC_Controller/eMMC_Controller.srcs/constrs_2/imports/Constraints/Timing2.xdc:12]
CRITICAL WARNING: [Vivado 12-1387] No valid object(s) found for create_generated_clock constraint with option '-source [get_pins eMMC_controller_inst0/ODDR_inst/C]'. [D:/VivadoProjects/eMMC_Controller_fifo.xpr/eMMC_Controller_4.6.1_tuning.xpr/eMMC_Controller/eMMC_Controller.srcs/constrs_2/imports/Constraints/Timing2.xdc:12]
Resolution: Check if the specified object(s) exists in the current design. If it does, ensure that the correct design hierarchy was specified for the object. If you are working with clocks, make sure create_clock was used to create the clock object before it is referenced.
WARNING: [Vivado 12-627] No clocks matched 'fwdClk_200M'. [D:/VivadoProjects/eMMC_Controller_fifo.xpr/eMMC_Controller_4.6.1_tuning.xpr/eMMC_Controller/eMMC_Controller.srcs/constrs_2/imports/Constraints/Timing2.xdc:16]
INFO: [Vivado 12-626] No clocks found. Please use 'create_clock' or 'create_generated_clock' command to create clocks. [D:/VivadoProjects/eMMC_Controller_fifo.xpr/eMMC_Controller_4.6.1_tuning.xpr/eMMC_Controller/eMMC_Controller.srcs/constrs_2/imports/Constraints/Timing2.xdc:16]
CRITICAL WARNING: [Vivado 12-1387] No valid object(s) found for set_output_delay constraint with option '-clock [get_clocks fwdClk_200M]'. [D:/VivadoProjects/eMMC_Controller_fifo.xpr/eMMC_Controller_4.6.1_tuning.xpr/eMMC_Controller/eMMC_Controller.srcs/constrs_2/imports/Constraints/Timing2.xdc:16]
Resolution: Check if the specified object(s) exists in the current design. If it does, ensure that the correct design hierarchy was specified for the object. If you are working with clocks, make sure create_clock was used to create the clock object before it is referenced.
Finished Parsing XDC File [D:/VivadoProjects/eMMC_Controller_fifo.xpr/eMMC_Controller_4.6.1_tuning.xpr/eMMC_Controller/eMMC_Controller.srcs/constrs_2/imports/Constraints/Timing2.xdc]
INFO: [Project 1-538] Using original IP XDC constraints instead of the XDC constraints in dcp 'D:/VivadoProjects/eMMC_Controller_fifo.xpr/eMMC_Controller_4.6.1_tuning.xpr/eMMC_Controller/eMMC_Controller.runs/Command_fifo_synth_1/Command_fifo.dcp'
INFO: [Project 1-538] Using original IP XDC constraints instead of the XDC constraints in dcp 'D:/VivadoProjects/eMMC_Controller_fifo.xpr/eMMC_Controller_4.6.1_tuning.xpr/eMMC_Controller/eMMC_Controller.runs/Command_fifo_synth_1/Command_fifo.dcp'
INFO: [Project 1-538] Using original IP XDC constraints instead of the XDC constraints in dcp 'D:/VivadoProjects/eMMC_Controller_fifo.xpr/eMMC_Controller_4.6.1_tuning.xpr/eMMC_Controller/eMMC_Controller.runs/clk_divided_synth_1/clk_divided.dcp'
INFO: [Project 1-538] Using original IP XDC constraints instead of the XDC constraints in dcp 'D:/VivadoProjects/eMMC_Controller_fifo.xpr/eMMC_Controller_4.6.1_tuning.xpr/eMMC_Controller/eMMC_Controller.runs/Data_fifo_synth_1/Data_fifo.dcp'
INFO: [Project 1-538] Using original IP XDC constraints instead of the XDC constraints in dcp 'D:/VivadoProjects/eMMC_Controller_fifo.xpr/eMMC_Controller_4.6.1_tuning.xpr/eMMC_Controller/eMMC_Controller.runs/Data_fifo_synth_1/Data_fifo.dcp'
INFO: [Project 1-538] Using original IP XDC constraints instead of the XDC constraints in dcp 'D:/VivadoProjects/eMMC_Controller_fifo.xpr/eMMC_Controller_4.6.1_tuning.xpr/eMMC_Controller/eMMC_Controller.runs/Read_data512B_buffer_synth_1/Read_data512B_buffer.dcp'
INFO: [Project 1-538] Using original IP XDC constraints instead of the XDC constraints in dcp 'D:/VivadoProjects/eMMC_Controller_fifo.xpr/eMMC_Controller_4.6.1_tuning.xpr/eMMC_Controller/eMMC_Controller.runs/blk_mem_gen_0_synth_1/blk_mem_gen_0.dcp'
INFO: [Opt 31-140] Inserted 1 IBUFs to IO ports without IO buffers.
INFO: [Opt 31-138] Pushed 0 inverter(s) to 0 load pin(s).
INFO: [Project 1-111] Unisim Transformation Summary:
  A total of 9 instances were transformed.
  IOBUF => IOBUF (IBUF, OBUFT): 9 instances

open_run: Time (s): cpu = 00:00:22 ; elapsed = 00:00:20 . Memory (MB): peak = 2171.539 ; gain = 0.000
launch_runs impl_4 -to_step write_bitstream -jobs 2
Writing placer database...
Writing XDEF routing.
Writing XDEF routing logical nets.
Writing XDEF routing special nets.
Write XDEF Complete: Time (s): cpu = 00:00:00 ; elapsed = 00:00:00.076 . Memory (MB): peak = 2171.539 ; gain = 0.000
[Fri Nov 04 15:07:34 2016] Launched impl_4...
Run output will be captured here: D:/VivadoProjects/eMMC_Controller_fifo.xpr/eMMC_Controller_4.6.1_tuning.xpr/eMMC_Controller/eMMC_Controller.runs/impl_4/runme.log
open_hw
connect_hw_server
INFO: [Labtools 27-2285] Connecting to hw_server url TCP:localhost:3121
INFO: [Labtools 27-2222] Launching hw_server...
INFO: [Labtools 27-2221] Launch Output:

****** Xilinx hw_server v2015.4
  **** Build date : Nov 17 2015-18:01:07
    ** Copyright 1986-1999, 2001-2015 Xilinx, Inc. All Rights Reserved.


open_hw_target
INFO: [Labtoolstcl 44-466] Opening hw_target localhost:3121/xilinx_tcf/Digilent/210248686087
set_property PROGRAM.FILE {D:/VivadoProjects/eMMC_Controller_fifo.xpr/eMMC_Controller_4.6.1_tuning.xpr/eMMC_Controller/eMMC_Controller.runs/impl_4/Test_eMMC_Controller.bit} [lindex [get_hw_devices] 1]
set_property PROBES.FILE {D:/VivadoProjects/eMMC_Controller_fifo.xpr/eMMC_Controller_4.6.1_tuning.xpr/eMMC_Controller/eMMC_Controller.runs/impl_4/debug_nets.ltx} [lindex [get_hw_devices] 1]
current_hw_device [lindex [get_hw_devices] 1]
refresh_hw_device [lindex [get_hw_devices] 1]
INFO: [Labtools 27-1435] Device xc7z020 (JTAG device index = 1) is not programmed (DONE status = 0).
set_property PROBES.FILE {D:/VivadoProjects/eMMC_Controller_fifo.xpr/eMMC_Controller_4.6.1_tuning.xpr/eMMC_Controller/eMMC_Controller.runs/impl_4/debug_nets.ltx} [lindex [get_hw_devices] 1]
set_property PROGRAM.FILE {D:/VivadoProjects/eMMC_Controller_fifo.xpr/eMMC_Controller_4.6.1_tuning.xpr/eMMC_Controller/eMMC_Controller.runs/impl_4/Test_eMMC_Controller.bit} [lindex [get_hw_devices] 1]
program_hw_devices [lindex [get_hw_devices] 1]
INFO: [Labtools 27-3164] End of startup status: HIGH
refresh_hw_device [lindex [get_hw_devices] 1]
INFO: [Labtools 27-2302] Device xc7z020 (JTAG device index = 1) is programmed with a design that has 1 ILA core(s).
display_hw_ila_data [ get_hw_ila_data hw_ila_data_1 -of_objects [get_hw_ilas -of_objects [get_hw_devices xc7z020_1] -filter {CELL_NAME=~"u_ila_0"}]]
run_hw_ila [get_hw_ilas -of_objects [get_hw_devices xc7z020_1] -filter {CELL_NAME=~"u_ila_0"}]
INFO: [Labtools 27-1964] The ILA core 'hw_ila_1' trigger was armed at 2016-Nov-04 15:12:37
wait_on_hw_ila [get_hw_ilas -of_objects [get_hw_devices xc7z020_1] -filter {CELL_NAME=~"u_ila_0"}]
display_hw_ila_data [upload_hw_ila_data [get_hw_ilas -of_objects [get_hw_devices xc7z020_1] -filter {CELL_NAME=~"u_ila_0"}]]
INFO: [Labtools 27-1966] The ILA core 'hw_ila_1' triggered at 2016-Nov-04 15:12:38
close_hw
reset_run synth_4
launch_runs impl_4 -to_step write_bitstream -jobs 2
WARNING: [Project 1-478] Design 'synth_4' is stale and will not be used when launching 'impl_4'
[Fri Nov 04 15:14:45 2016] Launched synth_4...
Run output will be captured here: D:/VivadoProjects/eMMC_Controller_fifo.xpr/eMMC_Controller_4.6.1_tuning.xpr/eMMC_Controller/eMMC_Controller.runs/synth_4/runme.log
[Fri Nov 04 15:14:45 2016] Launched impl_4...
Run output will be captured here: D:/VivadoProjects/eMMC_Controller_fifo.xpr/eMMC_Controller_4.6.1_tuning.xpr/eMMC_Controller/eMMC_Controller.runs/impl_4/runme.log
open_hw
connect_hw_server
INFO: [Labtools 27-2285] Connecting to hw_server url TCP:localhost:3121
INFO: [Labtools 27-2222] Launching hw_server...
INFO: [Labtools 27-2221] Launch Output:

****** Xilinx hw_server v2015.4
  **** Build date : Nov 17 2015-18:01:07
    ** Copyright 1986-1999, 2001-2015 Xilinx, Inc. All Rights Reserved.


open_hw_target
INFO: [Labtoolstcl 44-466] Opening hw_target localhost:3121/xilinx_tcf/Digilent/210248686087
set_property PROGRAM.FILE {D:/VivadoProjects/eMMC_Controller_fifo.xpr/eMMC_Controller_4.6.1_tuning.xpr/eMMC_Controller/eMMC_Controller.runs/impl_4/Test_eMMC_Controller.bit} [lindex [get_hw_devices] 1]
set_property PROBES.FILE {D:/VivadoProjects/eMMC_Controller_fifo.xpr/eMMC_Controller_4.6.1_tuning.xpr/eMMC_Controller/eMMC_Controller.runs/impl_4/debug_nets.ltx} [lindex [get_hw_devices] 1]
current_hw_device [lindex [get_hw_devices] 1]
refresh_hw_device [lindex [get_hw_devices] 1]
INFO: [Labtools 27-1435] Device xc7z020 (JTAG device index = 1) is not programmed (DONE status = 0).
set_property PROBES.FILE {D:/VivadoProjects/eMMC_Controller_fifo.xpr/eMMC_Controller_4.6.1_tuning.xpr/eMMC_Controller/eMMC_Controller.runs/impl_4/debug_nets.ltx} [lindex [get_hw_devices] 1]
set_property PROGRAM.FILE {D:/VivadoProjects/eMMC_Controller_fifo.xpr/eMMC_Controller_4.6.1_tuning.xpr/eMMC_Controller/eMMC_Controller.runs/impl_4/Test_eMMC_Controller.bit} [lindex [get_hw_devices] 1]
program_hw_devices [lindex [get_hw_devices] 1]
INFO: [Labtools 27-3164] End of startup status: HIGH
refresh_hw_device [lindex [get_hw_devices] 1]
INFO: [Labtools 27-2302] Device xc7z020 (JTAG device index = 1) is programmed with a design that has 1 ILA core(s).
display_hw_ila_data [ get_hw_ila_data hw_ila_data_1 -of_objects [get_hw_ilas -of_objects [get_hw_devices xc7z020_1] -filter {CELL_NAME=~"u_ila_0"}]]
run_hw_ila [get_hw_ilas -of_objects [get_hw_devices xc7z020_1] -filter {CELL_NAME=~"u_ila_0"}] -trigger_now
INFO: [Labtools 27-1964] The ILA core 'hw_ila_1' trigger was armed at 2016-Nov-04 16:07:00
wait_on_hw_ila [get_hw_ilas -of_objects [get_hw_devices xc7z020_1] -filter {CELL_NAME=~"u_ila_0"}]
display_hw_ila_data [upload_hw_ila_data [get_hw_ilas -of_objects [get_hw_devices xc7z020_1] -filter {CELL_NAME=~"u_ila_0"}]]
INFO: [Labtools 27-1966] The ILA core 'hw_ila_1' triggered at 2016-Nov-04 16:07:00
run_hw_ila [get_hw_ilas -of_objects [get_hw_devices xc7z020_1] -filter {CELL_NAME=~"u_ila_0"}]
INFO: [Labtools 27-1964] The ILA core 'hw_ila_1' trigger was armed at 2016-Nov-04 16:07:02
wait_on_hw_ila [get_hw_ilas -of_objects [get_hw_devices xc7z020_1] -filter {CELL_NAME=~"u_ila_0"}]
display_hw_ila_data [upload_hw_ila_data [get_hw_ilas -of_objects [get_hw_devices xc7z020_1] -filter {CELL_NAME=~"u_ila_0"}]]
INFO: [Labtools 27-1966] The ILA core 'hw_ila_1' triggered at 2016-Nov-04 16:07:04
set_property TRIGGER_COMPARE_VALUE eq3'h1 [get_hw_probes eMMC_controller_inst0/rd_cmd_temp_reg_n_0_ -of_objects [get_hw_ilas -of_objects [get_hw_devices xc7z020_1] -filter {CELL_NAME=~"u_ila_0"}]]
set_property TRIGGER_COMPARE_VALUE eq3'b100 [get_hw_probes eMMC_controller_inst0/rd_cmd_temp_reg_n_0_ -of_objects [get_hw_ilas -of_objects [get_hw_devices xc7z020_1] -filter {CELL_NAME=~"u_ila_0"}]]
run_hw_ila [get_hw_ilas -of_objects [get_hw_devices xc7z020_1] -filter {CELL_NAME=~"u_ila_0"}]
INFO: [Labtools 27-1964] The ILA core 'hw_ila_1' trigger was armed at 2016-Nov-04 16:09:42
set_property TRIGGER_COMPARE_VALUE eq3'b001 [get_hw_probes eMMC_controller_inst0/rd_cmd_temp_reg_n_0_ -of_objects [get_hw_ilas -of_objects [get_hw_devices xc7z020_1] -filter {CELL_NAME=~"u_ila_0"}]]
wait_on_hw_ila -timeout 0 [get_hw_ilas -of_objects [get_hw_devices xc7z020_1] -filter {CELL_NAME=~"u_ila_0"}]
upload_hw_ila_data [get_hw_ilas -of_objects [get_hw_devices xc7z020_1] -filter {CELL_NAME=~"u_ila_0"}]
WARNING: [Labtools 27-157] hw_ila [hw_ila_1] stopped. No data to upload.
run_hw_ila [get_hw_ilas -of_objects [get_hw_devices xc7z020_1] -filter {CELL_NAME=~"u_ila_0"}] -trigger_now
INFO: [Labtools 27-1964] The ILA core 'hw_ila_1' trigger was armed at 2016-Nov-04 16:09:54
wait_on_hw_ila [get_hw_ilas -of_objects [get_hw_devices xc7z020_1] -filter {CELL_NAME=~"u_ila_0"}]
display_hw_ila_data [upload_hw_ila_data [get_hw_ilas -of_objects [get_hw_devices xc7z020_1] -filter {CELL_NAME=~"u_ila_0"}]]
INFO: [Labtools 27-1966] The ILA core 'hw_ila_1' triggered at 2016-Nov-04 16:09:54
run_hw_ila [get_hw_ilas -of_objects [get_hw_devices xc7z020_1] -filter {CELL_NAME=~"u_ila_0"}]
INFO: [Labtools 27-1964] The ILA core 'hw_ila_1' trigger was armed at 2016-Nov-04 16:09:56
set_property TRIGGER_COMPARE_VALUE eq3'b110 [get_hw_probes eMMC_controller_inst0/rd_cmd_temp_reg_n_0_ -of_objects [get_hw_ilas -of_objects [get_hw_devices xc7z020_1] -filter {CELL_NAME=~"u_ila_0"}]]
wait_on_hw_ila -timeout 0 [get_hw_ilas -of_objects [get_hw_devices xc7z020_1] -filter {CELL_NAME=~"u_ila_0"}]
upload_hw_ila_data [get_hw_ilas -of_objects [get_hw_devices xc7z020_1] -filter {CELL_NAME=~"u_ila_0"}]
WARNING: [Labtools 27-157] hw_ila [hw_ila_1] stopped. No data to upload.
run_hw_ila [get_hw_ilas -of_objects [get_hw_devices xc7z020_1] -filter {CELL_NAME=~"u_ila_0"}] -trigger_now
INFO: [Labtools 27-1964] The ILA core 'hw_ila_1' trigger was armed at 2016-Nov-04 16:10:29
wait_on_hw_ila [get_hw_ilas -of_objects [get_hw_devices xc7z020_1] -filter {CELL_NAME=~"u_ila_0"}]
display_hw_ila_data [upload_hw_ila_data [get_hw_ilas -of_objects [get_hw_devices xc7z020_1] -filter {CELL_NAME=~"u_ila_0"}]]
INFO: [Labtools 27-1966] The ILA core 'hw_ila_1' triggered at 2016-Nov-04 16:10:29
run_hw_ila [get_hw_ilas -of_objects [get_hw_devices xc7z020_1] -filter {CELL_NAME=~"u_ila_0"}]
INFO: [Labtools 27-1964] The ILA core 'hw_ila_1' trigger was armed at 2016-Nov-04 16:10:30
wait_on_hw_ila [get_hw_ilas -of_objects [get_hw_devices xc7z020_1] -filter {CELL_NAME=~"u_ila_0"}]
display_hw_ila_data [upload_hw_ila_data [get_hw_ilas -of_objects [get_hw_devices xc7z020_1] -filter {CELL_NAME=~"u_ila_0"}]]
INFO: [Labtools 27-1966] The ILA core 'hw_ila_1' triggered at 2016-Nov-04 16:10:31
ERROR: [Xicom 50-38] xicom: Core access failed. Check cable connectivity and that the target board is powered up then use the disconnect_hw_server and connect_hw_server to re-initialize the hardware target. Use open_hw_target to re-register the hardware device.
ERROR: [Xicom 50-38] xicom: Core access failed. Check cable connectivity and that the target board is powered up then use the disconnect_hw_server and connect_hw_server to re-initialize the hardware target. Use open_hw_target to re-register the hardware device.
ERROR: [Xicom 50-38] xicom: Core access failed. Check cable connectivity and that the target board is powered up then use the disconnect_hw_server and connect_hw_server to re-initialize the hardware target. Use open_hw_target to re-register the hardware device.
ERROR: [Xicom 50-38] xicom: Core access failed. Check cable connectivity and that the target board is powered up then use the disconnect_hw_server and connect_hw_server to re-initialize the hardware target. Use open_hw_target to re-register the hardware device.
ERROR: [Xicom 50-38] xicom: Core access failed. Check cable connectivity and that the target board is powered up then use the disconnect_hw_server and connect_hw_server to re-initialize the hardware target. Use open_hw_target to re-register the hardware device.
ERROR: [Xicom 50-38] xicom: Core access failed. Check cable connectivity and that the target board is powered up then use the disconnect_hw_server and connect_hw_server to re-initialize the hardware target. Use open_hw_target to re-register the hardware device.
ERROR: [Xicom 50-38] xicom: Core access failed. Check cable connectivity and that the target board is powered up then use the disconnect_hw_server and connect_hw_server to re-initialize the hardware target. Use open_hw_target to re-register the hardware device.
ERROR: [Xicom 50-38] xicom: Core access failed. Check cable connectivity and that the target board is powered up then use the disconnect_hw_server and connect_hw_server to re-initialize the hardware target. Use open_hw_target to re-register the hardware device.
ERROR: [Xicom 50-38] xicom: Core access failed. Check cable connectivity and that the target board is powered up then use the disconnect_hw_server and connect_hw_server to re-initialize the hardware target. Use open_hw_target to re-register the hardware device.
ERROR: [Xicom 50-38] xicom: Core access failed. Check cable connectivity and that the target board is powered up then use the disconnect_hw_server and connect_hw_server to re-initialize the hardware target. Use open_hw_target to re-register the hardware device.
ERROR: [Xicom 50-38] xicom: Core access failed. Check cable connectivity and that the target board is powered up then use the disconnect_hw_server and connect_hw_server to re-initialize the hardware target. Use open_hw_target to re-register the hardware device.
ERROR: [Xicom 50-38] xicom: Core access failed. Check cable connectivity and that the target board is powered up then use the disconnect_hw_server and connect_hw_server to re-initialize the hardware target. Use open_hw_target to re-register the hardware device.
ERROR: [Xicom 50-38] xicom: Core access failed. Check cable connectivity and that the target board is powered up then use the disconnect_hw_server and connect_hw_server to re-initialize the hardware target. Use open_hw_target to re-register the hardware device.
ERROR: [Xicom 50-38] xicom: Core access failed. Check cable connectivity and that the target board is powered up then use the disconnect_hw_server and connect_hw_server to re-initialize the hardware target. Use open_hw_target to re-register the hardware device.
ERROR: [Xicom 50-38] xicom: Core access failed. Check cable connectivity and that the target board is powered up then use the disconnect_hw_server and connect_hw_server to re-initialize the hardware target. Use open_hw_target to re-register the hardware device.
ERROR: [Xicom 50-38] xicom: Core access failed. Check cable connectivity and that the target board is powered up then use the disconnect_hw_server and connect_hw_server to re-initialize the hardware target. Use open_hw_target to re-register the hardware device.
ERROR: [Xicom 50-38] xicom: Core access failed. Check cable connectivity and that the target board is powered up then use the disconnect_hw_server and connect_hw_server to re-initialize the hardware target. Use open_hw_target to re-register the hardware device.
ERROR: [Xicom 50-38] xicom: Core access failed. Check cable connectivity and that the target board is powered up then use the disconnect_hw_server and connect_hw_server to re-initialize the hardware target. Use open_hw_target to re-register the hardware device.
ERROR: [Labtoolstcl 44-513] HW Target shutdown. Closing target: localhost:3121/xilinx_tcf/Digilent/210248686087
archive_project D:/VivadoProjects/eMMC/eMMC_Controller_5.xpr.zip -temp_dir {C:/Users/Wu Lizhou/AppData/Roaming/Xilinx/Vivado/.Xil/Vivado-138080-WuLizhou-PC} -force -exclude_run_results -include_config_settings
INFO: [Coretcl 2-137] starting archive...
INFO: [Coretcl 2-1499] Saving project copy to temporary location 'C:/Users/Wu Lizhou/AppData/Roaming/Xilinx/Vivado/.Xil/Vivado-138080-WuLizhou-PC' for archiving project
INFO: [ProjectBase 1-489] The host OS only allows 260 characters in a normal path. The project is stored in a path with more than 80 characters. If you experience issues with IP, Block Designs, or files not being found, please consider moving the project to a location with a shorter path. Alternately consider using the OS subst command to map part of the path to a drive letter.
Current project path is 'D:/VivadoProjects/eMMC_Controller_fifo.xpr/eMMC_Controller_4.6.1_tuning.xpr/eMMC_Controller'
Scanning sources...
Finished scanning sources
INFO: [IP_Flow 19-234] Refreshing IP repositories
INFO: [IP_Flow 19-1704] No user IP repositories specified
INFO: [IP_Flow 19-2313] Loaded Vivado IP repository 'G:/Xilinx/Vivado/2015.4/data/ip'.
INFO: [Coretcl 2-1211] Creating project copy for archival...
INFO: [ProjectBase 1-495] The host OS only allows 260 characters in a normal path. The project is stored in a path with more than 80 characters. If you experience any problem with archiving the project, please consider setting environment variable $TEMP to a shorter path.
Current project path is 'C:/Users/Wu Lizhou/AppData/Roaming/Xilinx/Vivado/.Xil/Vivado-138080-WuLizhou-PC/PrjAr/_X_'.
INFO: [Coretcl 2-135] resetting runs for excluding generated files from archive...
WARNING: [Coretcl 2-105] Run 'Command_fifo_synth_1' is currently active
INFO: [Coretcl 2-133] re-setting run 'Command_fifo_synth_1'...
WARNING: [Coretcl 2-105] Run 'clk_divided_synth_1' is currently active
INFO: [Coretcl 2-133] re-setting run 'clk_divided_synth_1'...
WARNING: [Coretcl 2-105] Run 'Data_fifo_synth_1' is currently active
INFO: [Coretcl 2-133] re-setting run 'Data_fifo_synth_1'...
WARNING: [Coretcl 2-105] Run 'synth_4' is currently active
INFO: [Coretcl 2-133] re-setting run 'synth_4'...
INFO: [Coretcl 2-133] re-setting run 'synth_5'...
WARNING: [Coretcl 2-105] Run 'Read_data512B_buffer_synth_1' is currently active
INFO: [Coretcl 2-133] re-setting run 'Read_data512B_buffer_synth_1'...
WARNING: [Coretcl 2-105] Run 'blk_mem_gen_0_synth_1' is currently active
INFO: [Coretcl 2-133] re-setting run 'blk_mem_gen_0_synth_1'...
INFO: [Coretcl 2-133] re-setting run 'Command_fifo_impl_1'...
INFO: [Coretcl 2-133] re-setting run 'clk_divided_impl_1'...
INFO: [Coretcl 2-133] re-setting run 'Data_fifo_impl_1'...
INFO: [Coretcl 2-133] re-setting run 'impl_4'...
INFO: [Coretcl 2-133] re-setting run 'impl_5'...
INFO: [Coretcl 2-133] re-setting run 'Read_data512B_buffer_impl_1'...
INFO: [Coretcl 2-133] re-setting run 'blk_mem_gen_0_impl_1'...
WARNING: [filemgmt 56-12] File 'D:/VivadoProjects/eMMC_Controller_fifo.xpr/eMMC_Controller_4.6.1_tuning.xpr/eMMC_Controller/eMMC_Controller.srcs/sources_1/imports/sources/Define.vh' cannot be added to the project because it already exists in the project, skipping this file
WARNING: [filemgmt 56-12] File 'D:/VivadoProjects/eMMC_Controller_fifo.xpr/eMMC_Controller_4.6.1_tuning.xpr/eMMC_Controller/eMMC_Controller.srcs/sources_1/imports/sources/log2.vh' cannot be added to the project because it already exists in the project, skipping this file
WARNING: [filemgmt 56-12] File 'D:/VivadoProjects/eMMC_Controller_fifo.xpr/eMMC_Controller_4.6.1_tuning.xpr/eMMC_Controller/eMMC_Controller.srcs/sources_1/imports/sources/Parameter.vh' cannot be added to the project because it already exists in the project, skipping this file
INFO: [Coretcl 2-1212] Importing remotely added design sources and verilog include files (if any)...
INFO: [filemgmt 20-334] All file(s) are already imported in fileset: 'Command_fifo'
INFO: [filemgmt 20-348] Importing the appropriate files for fileset: 'Command_fifo'
INFO: [filemgmt 20-334] All file(s) are already imported in fileset: 'Data_fifo'
INFO: [filemgmt 20-348] Importing the appropriate files for fileset: 'Data_fifo'
INFO: [filemgmt 20-334] All file(s) are already imported in fileset: 'Read_data512B_buffer'
INFO: [filemgmt 20-348] Importing the appropriate files for fileset: 'Read_data512B_buffer'
INFO: [filemgmt 20-334] All file(s) are already imported in fileset: 'blk_mem_gen_0'
INFO: [filemgmt 20-348] Importing the appropriate files for fileset: 'blk_mem_gen_0'
INFO: [filemgmt 20-334] All file(s) are already imported in fileset: 'clk_divided'
INFO: [filemgmt 20-348] Importing the appropriate files for fileset: 'clk_divided'
INFO: [filemgmt 20-334] All file(s) are already imported in fileset: 'constrs_2'
INFO: [filemgmt 20-348] Importing the appropriate files for fileset: 'constrs_2'
INFO: [filemgmt 20-334] All file(s) are already imported in fileset: 'constrs_without_debug'
INFO: [filemgmt 20-348] Importing the appropriate files for fileset: 'constrs_without_debug'
INFO: [filemgmt 20-348] Importing the appropriate files for fileset: 'sim_1'
INFO: [filemgmt 20-348] Importing the appropriate files for fileset: 'sources_1'
